index,title,conference,year,abstract,pdf_url
0,Metal Wire Manipulation Planning for 3D Curving - A Low Payload Robot that Uses a Bending Machine to Bend High-Stiffness Wire,IROS,2022,"This paper presents a combined task and motion planner for a robot arm to carry out 3D metal wire curving tasks by collaborating with a bending machine. We assume a collaborative robot that is safe to work in a human environment but has a weak payload to bend objects with large stiffness, and developed a combined planner for the robot to use a bending machine. Our method converts a 3D curve to a bending set and generates the feasible bending sequence, machine usage, robotic grasp poses, and pick-and-place arm motion considering the combined task and motion level constraints. Compared with previous deformable linear object shaping work that relied on forces provided by robotic arms, the proposed method is suitable for the material with high stiffness. We evaluate the system using different tasks. The results show that the proposed system is flexible and robust to generate robotic motion to corporate with the designed bending machine.",https://ieeexplore.ieee.org/document/9981672/
1,Reinforcement Learning Based Manipulation Skill Transferring for Robot-assisted Minimally Invasive Surgery,ICRA,2020,"The complexity of surgical operation can be released significantly if surgical robots can learn the manipulation skills by imitation from complex tasks demonstrations such as puncture, suturing, and knotting, etc.. This paper proposes a reinforcement learning algorithm based manipulation skill transferring technique for robot-assisted Minimally Invasive Surgery by Teaching by Demonstration. It employed Gaussian mixture model and Gaussian mixture Regression based dynamic movement primitive to model the high-dimensional human-like manipulation skill after multiple demonstrations. Furthermore, this approach fascinates the learning and trial phase performed offline, which reduces the risks and cost for the practical surgical operation. Finally, it is demonstrated by transferring manipulation skills for reaching and puncture using a KUKA LWR4+ robot in a lab setup environment. The results show the effectiveness of the proposed approach for modelling and learning of human manipulation skill.",https://ieeexplore.ieee.org/document/9196588/
2,Semi-Autonomous Teleoperation via Learning Non-Prehensile Manipulation Skills,ICRA,2022,"In this paper, we present a semi-autonomous teleoperation framework for a pick-and-place task using an RGB-D sensor. In particular, we assume that the target object is located in a cluttered environment where both prehensile grasping and non-prehensile manipulation are combined for efficient teleoperation. A trajectory-based reinforcement learning is utilized for learning the non-prehensile manipulation to rearrange the objects for enabling direct grasping. From the depth image of the cluttered environment and the location of the goal object, the learned policy can provide multiple options of non-prehensile manipulation to the human operator. We carefully design a reward function for the rearranging task where the policy is trained in a simulational environment. Then, the trained policy is transferred to a real-world and evaluated in a number of real-world experiments with the varying number of objects where we show that the proposed method outperforms manual keyboard control in terms of the time duration for the grasping.",https://arxiv.org/pdf/2109.13081.pdf
3,SwingBot: Learning Physical Features from In-hand Tactile Exploration for Dynamic Swing-up Manipulation,IROS,2020,"Several robot manipulation tasks are extremely sensitive to variations of the physical properties of the manipulated objects. One such task is manipulating objects by using gravity or arm accelerations, increasing the importance of mass, center of mass, and friction information. We present SwingBot, a robot that is able to learn the physical features of an held object through tactile exploration. Two exploration actions (tilting and shaking) provide the tactile information used to create a physical feature embedding space. With this embedding, SwingBot is able to predict the swing angle achieved by a robot performing dynamic swing-up manipulations on a previously unseen object. Using these predictions, it is able to search for the optimal control parameters for a desired swing-up angle. We show that with the learned physical features our end-to-end self-supervised learning pipeline is able to substantially improve the accuracy of swinging up unseen objects. We also show that objects with similar dynamics are closer to each other on the embedding space and that the embedding can be disentangled into values of specific physical properties.",https://arxiv.org/pdf/2101.11812.pdf
4,Physics-Based Dexterous Manipulations with Estimated Hand Poses and Residual Reinforcement Learning,IROS,2020,"Dexterous manipulation of objects in virtual environments with our bare hands, by using only a depth sensor and a state-of-the-art 3D hand pose estimator (HPE), is challenging. While virtual environments are ruled by physics, e.g. object weights and surface frictions, the absence of force feedback makes the task challenging, as even slight inaccuracies on finger tips or contact points from HPE may make the interactions fail. Prior arts simply generate contact forces in the direction of the fingers' closures, when finger joints penetrate virtual objects. Although useful for simple grasping scenarios, they cannot be applied to dexterous manipulations such as inhand manipulation. Existing reinforcement learning (RL) and imitation learning (IL) approaches train agents that learn skills by using task-specific rewards, without considering any online user input. In this work, we propose to learn a model that maps noisy input hand poses to target virtual poses, which introduces the needed contacts to accomplish the tasks on a physics simulator. The agent is trained in a residual setting by using a model-free hybrid RL+IL approach. A 3D hand pose estimation reward is introduced leading to an improvement on HPE accuracy when the physics-guided corrected target poses are remapped to the input space. As the model corrects HPE errors by applying minor but crucial joint displacements for contacts, this helps to keep the generated motion visually close to the user input. Since HPE sequences performing successful virtual interactions do not exist, a data generation scheme to train and evaluate the system is proposed. We test our framework in two applications that use hand pose estimates for dexterous manipulations: hand-object interactions in VR and hand-object motion reconstruction in-the-wild. Experiments show that the proposed method outperforms various RL/IL baselines and the simple prior art of enforcing hand closure, both in task success and hand pose accuracy.",https://arxiv.org/pdf/2008.03285.pdf
5,State-Only Imitation Learning for Dexterous Manipulation,IROS,2021,"Modern model-free reinforcement learning methods have recently demonstrated impressive results on a number of problems. However, complex domains like dexterous manipulation remain a challenge due to the high sample complexity. To address this, current approaches employ expert demonstrations in the form of state-action pairs, which are difficult to obtain for real-world settings such as learning from videos. In this paper, we move toward a more realistic setting and explore state-only imitation learning. To tackle this setting, we train an inverse dynamics model and use it to predict actions for state-only demonstrations. The inverse dynamics model and the policy are trained jointly. Our method performs on par with state-action approaches and considerably outperforms RL alone. By not relying on expert actions, we are able to learn from demonstrations with different dynamics, morphologies, and objects. Videos available on the ${\text{project page}}$.",https://arxiv.org/pdf/2004.04650.pdf
6,Transformer-based deep imitation learning for dual-arm robot manipulation,IROS,2021,"Deep imitation learning is promising for solving dexterous manipulation tasks because it does not require an environment model and pre-programmed robot behavior. However, its application to dual-arm manipulation tasks remains challenging. In a dual-arm manipulation setup, the increased number of state dimensions caused by the additional robot manipulators causes distractions and results in poor performance of the neural networks. We address this issue using a self-attention mechanism that computes dependencies between elements in a sequential input and focuses on important elements. A Transformer, a variant of self-attention architecture, is applied to deep imitation learning to solve dual-arm manipulation tasks in the real world. The proposed method has been tested on dual-arm manipulation tasks using a real robot. The experimental results demonstrated that the Transformer-based deep imitation learning architecture can attend to the important features among the sensory inputs, therefore reducing distractions and improving manipulation performance when compared with the baseline architecture without the self-attention mechanisms.",https://arxiv.org/pdf/2108.00385.pdf
7,Learning by Watching: Physical Imitation of Manipulation Skills from Human Videos,IROS,2021,"Learning from visual data opens the potential to accrue a large range of manipulation behaviors by leveraging human demonstrations without specifying each of them mathe-matically, but rather through natural task specification. In this paper, we present Learning by Watching (LbW), an algorithmic framework for policy learning through imitation from a single video specifying the task. The key insights of our method are two-fold. First, since the human arms may not have the same morphology as robot arms, our framework learns unsupervised human to robot translation to overcome the morphology mis-match issue. Second, to capture the details in salient regions that are crucial for learning state representations, our model performs unsupervised keypoint detection on the translated robot videos. The detected keypoints form a structured representation that contains semantically meaningful information and can be used directly for computing reward and policy learning. We evaluate the effectiveness of our LbW framework on five robot manipulation tasks, including reaching, pushing, sliding, coffee making, and drawer closing. Extensive experimental evaluations demonstrate that our method performs favorably against the state-of-the-art approaches. More results and analysis are available at pair.toronto.edu/lbw-kp/.",https://arxiv.org/pdf/2101.07241.pdf
8,Catch the Ball: Accurate High-Speed Motions for Mobile Manipulators via Inverse Dynamics Learning,IROS,2020,"Mobile manipulators consist of a mobile platform equipped with one or more robot arms and are of interest for a wide array of challenging tasks because of their extended workspace and dexterity. Typically, mobile manipulators are deployed in slow-motion collaborative robot scenarios. In this paper, we consider scenarios where accurate high-speed motions are required. We introduce a framework for this regime of tasks including two main components: (i) a bi-level motion optimization algorithm for real-time trajectory generation, which relies on Sequential Quadratic Programming (SQP) and Quadratic Programming (QP), respectively; and (ii) a learning-based controller optimized for precise tracking of high-speed motions via a learned inverse dynamics model. We evaluate our framework with a mobile manipulator platform through numerous high-speed ball catching experiments, where we show a success rate of 85.33%. To the best of our knowledge, this success rate exceeds the reported performance of existing related systems [1], [2] and sets a new state of the art.",https://arxiv.org/pdf/2003.07489.pdf
9,Reinforcement Learning Control of a Forestry Crane Manipulator,IROS,2021,"Forestry machines are heavy vehicles performing complex manipulation tasks in unstructured production forest environments. Together with the complex dynamics of the onboard hydraulically actuated cranes, the rough forest terrains have posed a particular challenge in forestry automation. In this study, the feasibility of applying reinforcement learning control to forestry crane manipulators is investigated in a simulated environment. Our results show that it is possible to learn successful actuator-space control policies for energy efficient log grasping by invoking a simple curriculum in a deep reinforcement learning setup. Given the pose of the selected logs, our best control policy reaches a grasping success rate of 97%. Including an energy-optimization goal in the reward function, the energy consumption is significantly reduced compared to control policies learned without incentive for energy optimization, while the increase in cycle time is marginal. The energy-optimization effects can be observed in the overall smoother motion and acceleration profiles during crane manipulation.",https://arxiv.org/pdf/2103.02315.pdf
10,Visual Manipulation Relationship Detection based on Gated Graph Neural Network for Robotic Grasping,IROS,2022,"Exploring the relationship among objects and giving the correct operation sequence is vital for robotic manipulation. However, most previous algorithms only model the relationship between pairs of objects independently, ignoring the interaction effect between them, which may generate redundant or missing relations in complex scenes, such as multi-object stacking and partial occlusion. To solve this problem, a Gated Graph Neural Network (GGNN) is designed for visual manipulation relationship detection, which can help robots detect targets in complex scenes and obtain the appropriate grasping order. Firstly, the robot extracts feature from the input image and estimate object categories. Then GGNN is used to effectively capture the dependencies between objects in the whole scene, update the relevant features, and output the grasping sequence. In addition, by embedding positional encoding into pair object features, accurate context information is obtained to reduce the adverse effects of complex scenes. Finally, the constructed algorithm is applied to the physical robot for grasping. Experiment results on the Visual Ma-nipulation Relationship Dataset (VMRD) and the large-scale relational grasp dataset named REGRAD show that our method significantly improves the accuracy of relationship detection in complex scenes, and can be well generalized in the real world.",https://ieeexplore.ieee.org/document/9981077/
11,Towards Adaptive Continuous Control of Soft Robotic Manipulator using Reinforcement Learning,IROS,2022,"Although the soft robot is gaining considerable popularity in dexterous and safe manipulation, accurate motion control is still an open problem to be explored. Recent investigations suggest that reinforcement learning (RL) is a promising solution but lacks efficient adaptability for Sim2Real transfer or environment variations. In this paper, we present a deep deterministic policy gradient (DDPG)-based control system for the continuous task-space manipulation of soft robots. Domain randomization is adopted in simulation for fast control-policy initialization, while an offline retraining strategy is utilized to update the controller parameters for incremental learning. The experiments demonstrate that the proposed RL controller can track a moving target accurately (with RMSE of 1.26 mm), and accommodate to external varying load effectively (with ~30% RMSE reduction after retraining). Comparisons among the proposed RL controller and other supervised-learning-based controllers in handling additional tip load were also conducted. The results support that our RL method is appropriate for automatic learning such that there is no need of manual interference for data processing, particularly in cases with external disturbances and actuation redundancy.",https://ieeexplore.ieee.org/document/9981335/
12,FINO-Net: A Deep Multimodal Sensor Fusion Framework for Manipulation Failure Detection,IROS,2021,"We need robots more aware of the unintended outcomes of their actions for ensuring safety. This can be achieved by an onboard failure detection system to monitor and detect such cases. Onboard failure detection is challenging with a limited set of onboard sensor setup due to the limitations of sensing capabilities of each sensor. To alleviate these challenges, we propose FINO-Net, a novel multimodal sensor fusion based deep neural network to detect and identify manipulation failures. We also introduce FAILURE, a multimodal dataset, containing 229 real-world manipulation data recorded with a Baxter robot. Our network combines RGB, depth and audio readings to effectively detect failures. Results indicate that fusing RGB with depth and audio modalities significantly improves the performance. FINO-Net achieves %98.60 detection accuracy on our novel dataset. Code and data are publicly available at https://github.com/ardai/fino-net.",https://arxiv.org/pdf/2011.05817.pdf
13,Learning Forceful Manipulation Skills from Multi-modal Human Demonstrations,IROS,2021,"Learning from Demonstration (LfD) provides an intuitive and fast approach to program robotic manipulators. Task parameterized representations allow easy adaptation to new scenes and online observations. However, this approach has been limited to pose-only demonstrations and thus only skills with spatial and temporal features. In this work, we extend the LfD framework to address forceful manipulation skills, which are of great importance for industrial processes such as assembly. For such skills, multi-modal demonstrations including robot end-effector poses, force and torque readings, and operation scene are essential. Our objective is to reproduce such skills reliably according to the demonstrated pose and force profiles within different scenes. The proposed method combines our previous work on task-parameterized optimization and attractor-based impedance control. The learned skill model consists of (i) the attractor model that unifies the pose and force features, and (ii) the stiffness model that optimizes the stiffness for different stages of the skill. Furthermore, an online execution algorithm is proposed to adapt the skill execution to real-time observations of robot poses, measured forces, and changed scenes. We validate this method rigorously on a 7-DoF robot arm over several steps of an E-bike motor assembly process, which require different types of forceful interaction such as insertion, sliding and twisting.",https://arxiv.org/pdf/2109.04222.pdf
14,Learning and Sequencing of Object-Centric Manipulation Skills for Industrial Tasks,IROS,2020,"Enabling robots to quickly learn manipulation skills is an important, yet challenging problem. Such manipulation skills should be flexible, e.g., be able adapt to the current workspace configuration. Furthermore, to accomplish complex manipulation tasks, robots should be able to sequence several skills and adapt them to changing situations. In this work, we propose a rapid robot skill-sequencing algorithm, where the skills are encoded by object-centric hidden semi-Markov models. The learned skill models can encode multimodal (temporal and spatial) trajectory distributions. This approach significantly reduces manual modeling efforts, while ensuring a high degree of flexibility and re-usability of learned skills. Given a task goal and a set of generic skills, our framework computes smooth transitions between skill instances. To compute the corresponding optimal end-effector trajectory in task space we rely on Riemannian optimal controller. We demonstrate this approach on a 7 DoF robot arm for industrial assembly tasks.",https://arxiv.org/pdf/2008.10471.pdf
15,Learning Object Manipulation with Dexterous Hand-Arm Systems from Human Demonstration,IROS,2020,We present a novel learning and control framework that combines artificial neural networks with online trajectory optimization to learn dexterous manipulation skills from human demonstration and to transfer the learned behaviors to real robots. Humans can perform the demonstrations with their own hands and with real objects. An instrumented glove is used to record motions and tactile data. Our system learns neural control policies that generalize to modified object poses directly from limited amounts of demonstration data. Outputs from the neural policy network are combined at runtime with kinematic and dynamic safety and feasibility constraints as well as a learned regularizer to obtain commands for a real robot through online trajectory optimization. We test our approach on multiple tasks and robots.,https://ieeexplore.ieee.org/document/9340966/
16,Learning compliant grasping and manipulation by teleoperation with adaptive force control,IROS,2021,"In this work, we focus on improving the robot’s dexterous capability by exploiting visual sensing and adaptive force control. TeachNet, a vision-based teleoperation learning framework, is exploited to map human hand postures to a multi-fingered robot hand. We augment TeachNet, which is originally based on an imprecise kinematic mapping and position-only servoing, with a biomimetic learning-based compliance control algorithm for dexterous manipulation tasks. This compliance controller takes the mapped robotic joint angles from TeachNet as the desired goal, computes the desired joint torques. It is derived from a computational model of the biomimetic control strategy in human motor learning, which allows adapting the control variables (impedance and feedforward force) online during the execution of the reference joint angle trajectories. The simultaneous adaptation of the impedance and feedforward profiles enables the robot to interact with the environment in a compliant manner. Our approach has been verified in multiple tasks in physics simulation, i.e., grasping, opening-a-door, turning-a-cap, and touching-a-mouse, and has shown more reliable performances than the existing position control and the fixed-gain-based force control approaches.",https://arxiv.org/pdf/2107.08996.pdf
17,RobotVQA — A Scene-Graph- and Deep-Learning-based Visual Question Answering System for Robot Manipulation,IROS,2020,"Visual robot perception has been challenging to successful robot manipulation in noisy, cluttered and dynamic environments. While some perception systems fail to provide an adequate semantics of the scene, others fail to present appropriate learning models and training data. Another major issue encountered in some robot perception systems is their inability to promptly respond to robot control programs whose realtimeness is crucial.This paper proposes an architecture to robot vision for manipulation tasks that addresses the three issues mentioned above. The architecture encompasses a generator of training datasets and a learnable scene describer, coined as RobotVQA for Robot Visual Question Answering. The architecture leverages the power of deep learning to predict and photo-realistic virtual worlds to train. RobotVQA takes as input a robot scene's RGB or RGBD image, detects all relevant objects in it, then describes in realtime each object in terms of category, color, material, shape, openability, 6D-pose and segmentation mask. Moreover, RobotVQA computes the qualitative spatial relations among those objects. We refer to such a scene description in this paper as scene graph or semantic graph of the scene. In RobotVQA, prediction and training take place in a unified manner. Finally, we demonstrate how RobotVQA is suitable for robot control systems that interpret perception as a question answering process.",https://ieeexplore.ieee.org/document/9341186/
18,Ag2Manip: Learning Novel Manipulation Skills with Agent-Agnostic Visual and Action Representations,IROS,2024,"Autonomous robotic systems capable of learning novel manipulation tasks are poised to transform industries from manufacturing to service automation. However, current methods (e.g., VIP and R3M) still face significant hurdles, notably the domain gap among robotic embodiments and the sparsity of successful task executions within specific action spaces, resulting in misaligned and ambiguous task representations. We introduce Ag2Manip (Agent-Agnostic representations for Manipulation), a framework aimed at addressing these challenges through two key innovations: (1) an agent-agnostic visual representation derived from human manipulation videos, with the specifics of embodiments obscured to enhance generalizability; and (2) an agent-agnostic action representation abstracting a robot’s kinematics to a universal agent proxy, emphasizing crucial interactions between end-effector and object. Ag2Manip has been empirically validated across simulated benchmarks, showing a 325% performance increase without relying on domain-specific demonstrations. Ablation studies further underline the essential contributions of the agent-agnostic visual and action representations to this success. Extending our evaluations to the real world, Ag2Manip significantly improves imitation learning success rates from 50% to 77.5%, demonstrating its effectiveness and generalizability across both simulated and real environments.",https://arxiv.org/pdf/2404.17521.pdf
19,Towards Deep Learning Assisted Autonomous UAVs for Manipulation Tasks in GPS-Denied Environments,IROS,2020,"In this work, we present a pragmatic approach to enable unmanned aerial vehicle (UAVs) to autonomously perform highly complicated tasks of object pick and place. This paper is largely inspired by challenge-2 of MBZIRC 2020 and is primarily focused on the task of assembling large 3D structures in outdoors and GPS-denied environments. Primary contributions of this system are: (i) a novel computationally efficient deep learning based unified multi-task visual perception system for target localization, part segmentation, and tracking, (ii) a novel deep learning based grasp state estimation, (iii) a retracting electromagnetic gripper design, (iv) a remote computing approach which exploits state-of-the-art MIMO based high speed (5000Mb/s) wireless links to allow the UAVs to execute compute intensive tasks on remote high end compute servers, and (v) system integration in which several system components are weaved together in order to develop an optimized software stack. We use DJI Matrice-600 Pro, a hexrotor UAV and interface it with the custom designed gripper. Our framework is deployed on the specified UAV in order to report the performance analysis of the individual modules. Apart from the manipulation system, we also highlight several hidden challenges associated with the UAVs in this context.",https://arxiv.org/pdf/2101.06414.pdf
20,Distributed Reinforcement Learning of Targeted Grasping with Active Vision for Mobile Manipulators,IROS,2020,"Developing personal robots that can perform a diverse range of manipulation tasks in unstructured environments necessitates solving several challenges for robotic grasping systems. We take a step towards this broader goal by presenting the first RL-based system, to our knowledge, for a mobile manipulator that can (a) achieve targeted grasping generalizing to unseen target objects, (b) learn complex grasping strategies for cluttered scenes with occluded objects, and (c) perform active vision through its movable wrist camera to better locate objects. The system is informed of the desired target object in the form of a single, arbitrary-pose RGB image of that object, enabling the system to generalize to unseen objects without retraining. To achieve such a system, we combine several advances in deep reinforcement learning and present a large-scale distributed training system using synchronous SGD that seamlessly scales to multi-node, multi-GPU infrastructure to make rapid prototyping easier. We train and evaluate our system in a simulated environment, identify key components for improving performance, analyze its behaviors, and transfer to a real-world setup.",https://arxiv.org/pdf/2007.08082.pdf
21,A System for Imitation Learning of Contact-Rich Bimanual Manipulation Policies,IROS,2022,"In this paper, we discuss a framework for teaching bimanual manipulation tasks by imitation. To this end, we present a system and algorithms for learning compliant and contact-rich robot behavior from human demonstrations. The presented system combines insights from admittance control and machine learning to extract control policies that can (a) recover from and adapt to a variety of disturbances in time and space, while also (b) effectively leveraging physical contact with the environment. We demonstrate the effectiveness of our approach using a real-world insertion task involving multiple simultaneous contacts between a manipulated object and insertion pegs. We also investigate efficient means of collecting training data for such bimanual settings. To this end, we conduct a human-subject study and analyze the effort and mental demand as reported by the users. Our experiments show that, while harder to provide, the additional force/torque information available in teleoperated demonstrations is crucial for phase estimation and task success. Ultimately, force/torque data substantially improves manipulation robustness, resulting in a 90% success rate in a multipoint insertion task. Code and videos can be found at https://bimanualmanipulation.com/",https://arxiv.org/pdf/2208.00596.pdf
22,Learning a State Estimator for Tactile In-Hand Manipulation,IROS,2022,"We study the problem of estimating the pose of an object which is being manipulated by a multi-fingered robotic hand by only using proprioceptive feedback. To address this challenging problem, we propose a novel variant of differentiable particle filters, which combines two key extensions. First, our learned proposal distribution incorporates recent measurements in a way that mitigates weight degeneracy. Second, the particle update works on non-euclidean manifolds like Lie-groups, enabling learning-based pose estimation in 3D on SE(3). We show that the method can represent the rich and often multi-modal distributions over poses that arise in tactile state estimation. The models are trained in simulation, but by using domain randomization, we obtain state estimators that can be employed for pose estimation on a real robotic hand (equipped with joint torque sensors). Moreover, the estimator runs fast, allowing for online usage with update rates of more than 100 Hz on a single CPU core. We quantitatively evaluate our method and benchmark it against other approaches in simulation. We also show qualitative experiments on the real torque-controlled DLR-Hand II.",https://ieeexplore.ieee.org/document/9981730/
23,Nonprehensile Planar Manipulation through Reinforcement Learning with Multimodal Categorical Exploration,IROS,2023,"Developing robot controllers capable of achieving dexterous nonprehensile manipulation, such as pushing an object on a table, is challenging. The underactuated and hybrid-dynamics nature of the problem, further complicated by the uncertainty resulting from the frictional interactions, requires sophisticated control behaviors. Reinforcement Learning (RL) is a powerful framework for developing such robot controllers. However, previous RL literature addressing the nonprehensile pushing task achieves low accuracy, non-smooth trajectories, and only simple motions, i.e. without rotation of the manipulated object. We conjecture that previously used unimodal exploration strategies fail to capture the inherent hybrid-dynamics of the task, arising from the different possible contact interaction modes between the robot and the object, such as sticking, sliding, and separation. In this work, we propose a multimodal exploration approach through categorical distributions, which enables us to train planar pushing RL policies for arbitrary starting and target object poses, i.e. positions and orientations, and with improved accuracy. We show that the learned policies are robust to external disturbances and observation noise, and scale to tasks with multiple pushers. Furthermore, we validate the transferability of the learned policies, trained entirely in simulation, to a physical robot hardware using the KUKA iiwa robot arm. See our supplemental video: https://youtu.be/vTdvalmgrk4.",https://arxiv.org/pdf/2308.02459.pdf
24,Learning to Grasp Clothing Structural Regions for Garment Manipulation Tasks,IROS,2023,"When performing cloth-related tasks, such as garment hanging, it is often important to identify and grasp certain structural regions—a shirt's collar as opposed to its sleeve, for instance. However, due to cloth deformability, these manipulation activities, which are essential in domestic, health care, and industrial contexts, remain challenging for robots. In this paper, we focus on how to segment and grasp structural regions of clothes to enable manipulation tasks, using hanging tasks as case study. To this end, a neural network-based perception system is proposed to segment a shirt's collar from areas that represent the rest of the scene in a depth image. With a 10-minute video of a human manipulating shirts to train it, our perception system is capable of generalizing to other shirts regardless of texture as well as to other types of collared garments. A novel grasping strategy is then proposed based on the segmentation to determine grasping pose. Experiments demonstrate that our proposed grasping strategy achieves 92%, 80%, and 50% grasping success rates with one folded garment, one crumpled garment and three crumpled garments, respectively. Our grasping strategy performs considerably better than tested baselines that do not take into account the structural nature of the garments. With the proposed region segmentation and grasping strategy, challenging garment hanging tasks are successfully implemented using an open-loop control policy. Supplementary material is available at https://sites.google.com/view/garment-hanging",https://arxiv.org/pdf/2306.14553.pdf
25,SQUIRL: Robust and Efficient Learning from Video Demonstration of Long-Horizon Robotic Manipulation Tasks,IROS,2020,"Recent advances in deep reinforcement learning (RL) have demonstrated its potential to learn complex robotic manipulation tasks. However, RL still requires the robot to collect a large amount of real-world experience. To address this problem, recent works have proposed learning from expert demonstrations (LfD), particularly via inverse reinforcement learning (IRL), given its ability to achieve robust performance with only a small number of expert demonstrations. Nevertheless, deploying IRL on real robots is still challenging due to the large number of robot experiences it requires. This paper aims to address this scalability challenge with a robust, sample-efficient, and general meta-IRL algorithm, SQUIRL, that performs a new but related long-horizon task robustly given only a single video demonstration. First, this algorithm bootstraps the learning of a task encoder and a task-conditioned policy using behavioral cloning (BC). It then collects real-robot experiences and bypasses reward learning by directly recovering a Q-function from the combined robot and expert trajectories. Next, this algorithm uses the learned Q-function to re-evaluate all cumulative experiences collected by the robot to improve the policy quickly. In the end, the policy performs more robustly (90%+ success) than BC on new tasks while requiring no experiences at test time. Finally, our real-robot and simulated experiments demonstrate our algorithm's generality across different state spaces, action spaces, and vision-based manipulation tasks, e.g., pick-pour-place and pick-carry-drop.",https://arxiv.org/pdf/2003.04956.pdf
26,Residual Feedback Learning for Contact-Rich Manipulation Tasks with Uncertainty,IROS,2021,"While classic control theory offers state of the art solutions in many problem scenarios, it is often desired to improve beyond the structure of such solutions and surpass their limitations. To this end, residual policy learning (RPL) offers a formulation to improve existing controllers with reinforcement learning (RL) by learning an additive ""residual"" to the output of a given controller. However, the applicability of such an approach highly depends on the structure of the controller. Often, internal feedback signals of the controller limit an RL algorithm to adequately change the policy and, hence, learn the task. We propose a new formulation that addresses these limitations by also modifying the feedback signals to the controller with an RL policy and show superior performance of our approach on a contact-rich peg-insertion task under position and orientation uncertainty. In addition, we use a recent Cartesian impedance control architecture as the control framework which can be available to us as a black-box while assuming no knowledge about its input/output structure, and show the difficulties of standard RPL. Furthermore, we introduce an adaptive curriculum for the given task to gradually increase the task difficulty in terms of position and orientation uncertainty. A video showing the results can be found at https://youtu.be/SAZm_Krze7U.",https://arxiv.org/pdf/2106.04306.pdf
27,Learning robust manipulation tasks involving contact using trajectory parameterized probabilistic principal component analysis,IROS,2020,"In this paper, we aim to expedite the deployment of challenging manipulation tasks involving both motion and contact wrenches (forces and moments). To this end, we acquire motion and wrench signals from a small set of demonstrations using passive observation. To learn these tasks, we introduce Trajectory parameterized Probabilistic Principal Component Analysis (traPPCA) which compactly re-parameterizes the acquired signals using trajectory information and encodes the signal correlations using Probabilistic Principal Component Analysis (PPCA). Finally, the task is transferred to a robot setup by specifying the robot behavior using a constraint-based task specification and control approach. This framework results in increased robustness of the system against different sources of uncertainty: imprecise sensors, adaptation of the tool, and changes in the execution speed.",https://ieeexplore.ieee.org/document/9364328/
28,Optimizing a Continuum Manipulator’s Search Policy Through Model-Free Reinforcement Learning,IROS,2020,"Continuum robots have long held a great potential for applications in inspection of remote, hard-to-reach environments. In future environments such as the Deep Space Gateway, remote deployment of robotic solutions will require a high level of autonomy due to communication delays and unavailability of human crews. In this work, we explore the application of policy optimization methods through Actor-Critic gradient descent in order to optimize a continuum manipulator’s search method for an unknown object. We show that we can deploy a continuum robot without prior knowledge of a goal object location and converge to a policy that finds the goal and can be reused in future deployments. We also show that the method can be quickly extended for multiple Degrees-of-Freedom and that we can restrict the policy with virtual and physical obstacles. These two scenarios are highlighted using a simulation environment with 15 and 135 unique states, respectively.",https://ieeexplore.ieee.org/document/9341378/
29,Diabolo Orientation Stabilization by Learning Predictive Model for Unstable Unknown-Dynamics Juggling Manipulation,IROS,2020,"Juggling manipulation is one of difficult manipulation to acquire since some of such manipulation is unstable and also its physical model is unknown due to the complex non-prehensile manipulation. To acquire these unstable unknown-dynamics juggling manipulation, we propose a method for designing the predictive model of manipulation with a deep neural network, and a real-time optimal control law with some robustness and adaptability using backpropagation of the network. In this study, we apply this method to diabolo orientation stabilization, which is one of unstable unknown-dynamics juggling manipulation. We verify the effectiveness of the proposed method by comparing with basic controllers such as P Controller or PID Controller, and also check the adaptability of the proposed controller by some experiments with a real life-sized humanoid robot.",https://ieeexplore.ieee.org/document/9341775/
30,Autonomous Control of Redundant Hydraulic Manipulator Using Reinforcement Learning with Action Feedback,IROS,2022,"This article presents an entirely data-driven approach for autonomous control of redundant manipulators with hydraulic actuation. The approach only requires minimal system information, which is inherited from a simulation model. The non-linear hydraulic actuation dynamics are modeled using actuator networks from the data gathered during the manual operation of the manipulator to effectively emulate the real system in a simulation environment. A neural network control policy for autonomous control, based on end-effector (EE) position tracking is then learned using Reinforcement Learning (RL) with Ornstein-Uhlenbeck process noise (OUNoise) for efficient exploration. The RL agent also receives feedback based on supervised learning of the forward kinematics which facilitates selecting the best suitable action from exploration. The control policy directly provides the joint variables as outputs based on provided target EE position while taking into account the system dynamics. The joint variables are then mapped to the hydraulic valve commands, which are then fed to the system without further modifications. The proposed approach is implemented on a scaled hydraulic forwarder crane with three revolute and one prismatic joint to track the desired position of the EE in 3-Dimensional (3D) space. With the emulated dynamics and extensive learning in simulation, the results demonstrate the feasibility of deploying the learned controller directly on the real system.",https://arxiv.org/pdf/2504.15714.pdf
31,GVCCI: Lifelong Learning of Visual Grounding for Language-Guided Robotic Manipulation,IROS,2023,"Language-Guided Robotic Manipulation (LGRM) is a challenging task as it requires a robot to understand human instructions to manipulate everyday objects. Recent approaches in LGRM rely on pre-trained Visual Grounding (VG) models to detect objects without adapting to manipulation environments. This results in a performance drop due to a substantial domain gap between the pre-training and real-world data. A straight-forward solution is to collect additional training data, but the cost of human-annotation is extortionate. In this paper, we propose Grounding Vision to Ceaselessly Created Instructions (GVCCI), a lifelong learning framework for LGRM, which continuously learns VG without human supervision. GVCCI iteratively generates synthetic instruction via object detection and trains the VG model with the generated data. We validate our framework in offline and online settings across diverse environments on different VG models. Experimental results show that accumulating synthetic data from GVCCI leads to a steady improvement in VG by up to 56.7% and improves resultant LGRM by up to 29.4%. Furthermore, the qualitative analysis shows that the unadapted VG model often fails to find correct objects due to a strong bias learned from the pre-training data. Finally, we introduce a novel VG dataset for LGRM, consisting of nearly 252k triplets of image-object-instruction from diverse manipulation environments.",https://arxiv.org/pdf/2307.05963.pdf
32,QDP: Learning to Sequentially Optimise Quasi-Static and Dynamic Manipulation Primitives for Robotic Cloth Manipulation,IROS,2023,"Pre-defined manipulation primitives are widely used for cloth manipulation. However, cloth properties such as its stiffness or density can highly impact the performance of these primitives. Although existing solutions have tackled the parameterisation of pick and place locations, the effect of factors such as the velocity or trajectory of quasi-static and dynamic manipulation primitives has been neglected. Choosing appropriate values for these parameters is crucial to cope with the range of materials present in house-hold cloth objects. To address this challenge, we introduce the Quasi-Dynamic Parameterisable (QDP) method, which optimises parameters such as the motion velocity in addition to the pick and place positions of quasi-static and dynamic manipulation primitives. In this work, we leverage the framework of Sequential Reinforcement Learning to decouple sequentially the parameters that compose the primitives. To evaluate the effectiveness of the method, we focus on the task of cloth unfolding with a robotic arm in simulation and real-world experiments. Our results in simulation show that by deciding the optimal parameters for the primitives the performance can improve by 20% compared to sub-optimal ones. Real-world results demonstrate the advantage of modifying the velocity and height of manipulation primitives for cloths with different mass, stiffness, shape, and size. Supplementary material, videos, and code, can be found at https://sites.google.com/view/qdp-srl.",https://arxiv.org/pdf/2303.13320.pdf
33,Multi-Arm Robot Task Planning for Fruit Harvesting Using Multi-Agent Reinforcement Learning,IROS,2023,"The emergence of harvesting robotics offers a promising solution to the issue of limited agricultural labor resources and the increasing demand for fruits. Despite notable advancements in the field of harvesting robotics, the utilization of such technology in orchards is still limited. The key challenge for harvesting robots is to improve the operational efficiency. Taking into account inner-arm conflicts, couplings of DoFs, and the dynamic tasks, we propose a task planning strategy for a harvesting robot with four arms in this paper. The proposed method employs a Markov game framework to formulate the four-arm robotic harvesting task, which avoids the computational complexity of solving an NP-hard scheduling problem. Furthermore, a multi-agent reinforcement learning (MARL) structure with a fully centralized collaboration protocol is used to train a MARL-based task planning network. Several simulations and orchard experiments are conducted to validate the effectiveness of the proposed method for a multi-arm harvesting robot in comparison with the existing method.",https://arxiv.org/pdf/2303.00460.pdf
34,Object Learning for 6D Pose Estimation and Grasping from RGB-D Videos of In-hand Manipulation,IROS,2021,"Object models are highly useful for robots as they enable tasks such as detection, pose estimation and manipulation. However, models are not always easily available, especially in real-world domains of operation such as peoples’ homes. This work presents a pipeline to generate high-quality object reconstructions from human in-hand manipulation to alleviate the necessity of specialised or expensive hardware. Missing data, due to occlusion or unseen sides, is explicitly handled by incorporating shape completion. We demonstrate the usability of the reconstructions by applying a model-based as well as a CNN-based object pose estimator that is trained on synthetic images by employing state-of-the-art texture synthesis. Using our pipeline to cheaply generate object models and synthetic RGB images for training, we achieve competitive performance compared to baselines that require an elaborate set-up to construct models or large amounts of annotated data. Object grasping is also enabled by learning with the reconstructions in simulation, then executing with a real robot. These evaluations show that our reconstructions are comparable to those made under near-perfect conditions and enable 6D object pose estimation as well as real-world grasping.",https://ieeexplore.ieee.org/document/9635884/
35,Analysis of Randomization Effects on Sim2Real Transfer in Reinforcement Learning for Robotic Manipulation Tasks,IROS,2022,"Randomization is currently a widely used approach in Sim2Real transfer for data-driven learning algorithms in robotics. Still, most Sim2Real studies report results for a specific randomization technique and often on a highly customized robotic system, making it difficult to evaluate different randomization approaches systematically. To address this problem, we define an easy-to-reproduce experimental setup for a robotic reach-and-balance manipulator task, which can serve as a benchmark for comparison. We compare four randomization strategies with three randomized parameters both in simulation and on a real robot. Our results show that more randomization helps in Sim2Real transfer, yet it can also harm the ability of the algorithm to find a good policy in simulation. Fully randomized simulations and fine-tuning show differentiated results and translate better to the real robot than the other approaches tested.",https://arxiv.org/pdf/2206.06282.pdf
36,How to Spend Your Robot Time: Bridging Kickstarting and Offline Reinforcement Learning for Vision-based Robotic Manipulation,IROS,2022,"Reinforcement learning (RL) has been shown to be effective at learning control from experience. However, RL typically requires a large amount of online interaction with the environment. This limits its applicability to real-world settings, such as in robotics, where such interaction is expensive. In this work we investigate ways to minimize online interactions in a target task, by reusing a suboptimal policy we might have access to, for example from training on related prior tasks, or in simulation. To this end, we develop two RL algorithms that can speed up training by using not only the action distributions of teacher policies, but also data collected by such policies on the task at hand. We conduct a thorough experimental study of how to use suboptimal teachers on a challenging robotic manipulation benchmark on vision-based stacking with diverse objects. We compare our methods to offline, online, offline-to-online, and kickstarting RL algorithms. By doing so, we find that training on data from both the teacher and student, enables the best performance for limited data budgets. We examine how to best allocate a limited data budget - on the target task - between the teacher and the student policy, and report experiments using varying budgets, two teachers with different degrees of suboptimality, and five stacking tasks that require a diverse set of behaviors. Our analysis, both in simulation and in the real world, shows that our approach is the best across data budgets, while standard offline RL from teacher rollouts is surprisingly effective when enough data is given.",https://arxiv.org/pdf/2205.03353.pdf
37,Learning Object Manipulation Skills from Video via Approximate Differentiable Physics,IROS,2022,"We aim to teach robots to perform simple object manipulation tasks by watching a single video demonstration. Towards this goal, we propose an optimization approach that outputs a coarse and temporally evolving 3D scene to mimic the action demonstrated in the input video. Similar to previous work, a differentiable renderer ensures perceptual fidelity between the 3D scene and the 2D video. Our key novelty lies in the inclusion of a differentiable approach to solve a set of Ordinary Differential Equations (ODEs) that allows us to approximately model laws of physics such as gravity, friction, and hand-object or object-object interactions. This not only enables us to dramatically improve the quality of estimated hand and object states, but also produces physically admissible trajectories that can be directly translated to a robot without the need for costly reinforcement learning. We evaluate our approach on a 3D reconstruction task that consists of 54 video demonstrations sourced from 9 actions such as pull something from right to left or put something in front of something. Our approach improves over previous state-of-the-art by almost 30%, demonstrating superior quality on especially challenging actions involving physical interactions of two objects such as put something onto something. Finally, we showcase the learned skills on a Franka Emika Panda robot.",https://arxiv.org/pdf/2208.01960.pdf
38,Task Driven Skill Learning in a Soft-Robotic Arm,IROS,2021,"In this paper we introduce a novel technique that aims to dynamically control a two-module bio-inspired soft-robotic arm in order to qualitatively reproduce a path defined by sparse way-points. The main idea behind this work is based on the assumption that a complex trajectory may be derived as a combination of a discrete set of parameterizable simple movements, as suggested by Movement Primitive (MP) theory. Capitalising on recent advances in this field, the proposed controller uses a Probabilistic MP (ProMP) model which initially creates an abstract mapping in the primitive-level between the task and the actuation space, and subsequently guides the movement’s composition by exploiting its unique properties - conditioning and blending. At the same time, a learning-based adaptive controller updates the composition parameters by estimating the inverse kinematics of the robot, while an auxiliary process through replanning ensures that the trajectory complies with the new estimation. The learning architecture is evaluated on both a simulation model, and a real soft-robotic arm. The research findings show that the proposed methodology constitutes a novel approach that successfully manages to simplify the trajectory control task for robots of complex dynamics when high-precision is not required.",https://ieeexplore.ieee.org/document/9636812/
39,Arm-Constrained Curriculum Learning for Loco-Manipulation of a Wheel-Legged Robot,IROS,2024,"Incorporating a robotic manipulator into a wheellegged robot enhances its agility and expands its potential for practical applications. However, the presence of potential instability and uncertainties presents additional challenges for control objectives. In this paper, we introduce an arm-constrained curriculum learning architecture to tackle the issues introduced by adding the manipulator. Firstly, we develop an arm-constrained reinforcement learning algorithm to ensure safety and reliability in control performance after equipping the manipulator. Additionally, to address discrepancies in reward settings between the arm and the base, we propose a reward-aware curriculum learning method. The policy is first trained in Isaac gym and transferred to the physical robot to complete grasping tasks, including the door-opening task, fan-twitching task and the relay-baton-picking and following task. The results demonstrate that our proposed approach effectively controls the arm-equipped wheel-legged robot to master grasping abilities including the dynamic grasping skills, allowing it to chase and catch a moving object while in motion. Please refer to our website (https://acodedog.github.io/wheel-legged-loco-manipulation/) for the code and supplemental videos.",https://arxiv.org/pdf/2403.16535.pdf
40,Learning Symbolic Failure Detection for Grasping and Mobile Manipulation Tasks,IROS,2022,"The ability to detect failure during task execution and to recover from failure is vital for autonomous robots performing tasks in previously unknown environments. In this paper, we present an approach for failure detection during the execution of grasping and mobile manipulation tasks by a humanoid robot. The approach combines multi-modal sensory information consisting of proprioceptive, force and visual information to learn task models from multiple successful task executions, in order to detect failures and to externalize them for humans in an interpretable way. To this end, we define symbolic action predicates based on multi-modal sensory information to allow high-level state estimation based on action-specific decision trees. To allow symbolic failure detection, we then learn task models that are represented as Markov chains. We evaluated the approach in several pick-and-place and mobile manipulation tasks performed by a humanoid robot in a decommissioning and a household scenario. The evaluation shows that the learned task models are capable of detecting failure with an F1-score of 93 %.",https://ieeexplore.ieee.org/document/9982223/
41,Multi-Level Task Learning Based on Intention and Constraint Inference for Autonomous Robotic Manipulation,IROS,2022,"To perform tasks in unstructured environments, robots need to be able to apply learned skills to different contexts and to autonomously make decisions online. We, therefore, developed a novel data-driven task learning approach that segments a task demonstration into simpler skills and structures them in a high-level task graph. In contrast to other state-of-the-art methods, the presented approach can not only infer the low-level skills and their respective subgoals but also multimodal feature constraints fitted individually to each skill. The inferred feature constraints allow to detect anomalies during autonomous task execution, which can be automatically resolved by a recovery behavior of the task graph. The subgoals encode each skill's intention and thereby enable to flexibly transition between skills and to generalize the behavior to new setups. By separating the subgoal and constraint inference, we achieve a reduced computational complexity and an increased performance compared to state-of-the-art task learning approaches. In a real-world manipulation task, we demonstrate the reusability of skills as well as the autonomous decision-making of our approach.",https://ieeexplore.ieee.org/document/9981288/
42,A Contact-Safe Reinforcement Learning Framework for Contact-Rich Robot Manipulation,IROS,2022,"Reinforcement learning shows great potential to solve complex contact-rich robot manipulation tasks. However, the safety of using RL in the real world is a crucial problem, since unexpected dangerous collisions might happen when the RL policy is imperfect during training or in unseen scenarios. In this paper, we propose a contact-safe reinforcement learning framework for contact-rich robot manipulation, which maintains safety in both the task space and joint space. When the RL policy causes unexpected collisions between the robot arm and the environment, our framework is able to immediately detect the collision and ensure the contact force to be small. Furthermore, the end-effector is enforced to perform contact-rich tasks compliantly, while keeping robust to external disturbances. We train the RL policy in simulation and transfer it to the real robot. Real world experiments on robot wiping tasks show that our method is able to keep the contact force small both in task space and joint space even when the policy is under unseen scenario with unexpected collision, while rejecting the disturbances on the main task.",https://arxiv.org/pdf/2207.13438.pdf
43,PIMbot: Policy and Incentive Manipulation for Multi-Robot Reinforcement Learning in Social Dilemmas,IROS,2023,"Recent research has demonstrated the potential of reinforcement learning (RL) in enabling effective multi-robot collaboration, particularly in social dilemmas where robots face a trade-off between self-interests and collective benefits. However, environmental factors such as miscommunication and adversarial robots can impact cooperation, making it crucial to explore how multi-robot communication can be manipulated to achieve different outcomes. This paper presents a novel approach, namely PIMbot, to manipulating the reward function in multi-robot collaboration through two distinct forms of manipulation: policy and incentive manipulation. Our work introduces a new angle for manipulation in recent multi-agent RL social dilemmas that utilize a unique reward function for incentivization. By utilizing our proposed PIMbot mechanisms, a robot is able to manipulate the social dilemma environment effectively. PIMbot has the potential for both positive and negative impacts on the task outcome, where positive impacts lead to faster convergence to the global optimum and maximized rewards for any chosen robot. Conversely, negative impacts can have a detrimental effect on the overall task performance. We present comprehensive experimental results that demonstrate the effectiveness of our proposed methods in the Gazebo-simulated multi-robot environment. Our work provides insights into how inter-robot communication can be manipulated and has implications for various robotic applications.",https://arxiv.org/pdf/2307.15944.pdf
44,Hybrid Learning- and Model-Based Planning and Control of In-Hand Manipulation,IROS,2023,"This paper presents a hierarchical framework for planning and control of in-hand manipulation of a rigid object involving grasp changes using fully-actuated multifin-gered robotic hands. While the framework can be applied to the general dexterous manipulation, we focus on a more complex definition of in-hand manipulation, where at the goal pose the hand has to reach a grasp suitable for using the object as a tool. The high level planner determines the object trajectory as well as the grasp changes, i.e. adding, removing, or sliding fingers, to be executed by the low-level controller. While the grasp sequence is planned online by a learning-based policy to adapt to variations, the trajectory planner and the low-level controller for object tracking and contact force control are exclusively model-based to robustly realize the plan. By infusing the knowledge about the physics of the problem and the low-level controller into the grasp planner, it learns to successfully generate grasps similar to those generated by model-based optimization approaches, obviating the high computation cost of online running of such methods to account for variations. By performing experiments in physics simulation for realistic tool use scenarios, we show the success of our method on different tool-use tasks and dexterous hand models. Additionally, we show that this hybrid method offers more robustness to trajectory and task variations compared to a model-based method.",https://arxiv.org/pdf/2209.10040.pdf
45,Variable Stiffness Object Recognition with Bayesian Convolutional Neural Network on a Soft Gripper,IROS,2022,"From a medical standpoint, detecting the size and shape of hard inclusions hidden in soft three-dimensional objects is of great significance for early detection of cancer through palpation. Soft robots, especially soft grippers, substantially broaden robots' palpation capabilities from soft to hard materials without the assistance of a camera. We have recently introduced a CNN-Bayes approach which added a Naïve Bayes classifier to a convolutional neural network (CNN) architecture called SoftTactNet for variable stiffness object recognition on a three-finger FinRay soft gripper. SoftTactNet itself lacks uncertainty estimations though it can reach a certain level of recognition accuracy. In this paper, we further improve the framework by merging Bayes method directly into CNN architectures and build a new Bayes-SoftTactNet for object recognition. The new approach, using a prior distribution instead of point estimation, allows the network to present results with uncertainty estimates. We conduct new experiments using the same soft gripper with tactile sensor arrays to grasp different variable stiffness objects surrounded by non-different soft material and generate tactile images as dataset. The results show that our new algorithm is more efficient than the previous approach and still able to achieve higher recognition accuracy than general deterministic CNNs.",https://ieeexplore.ieee.org/document/9982051/
46,Learning a Shape-Conditioned Agent for Purely Tactile In-Hand Manipulation of Various Objects,IROS,2024,"Reorienting diverse objects with a multi-fingered hand is a challenging task. Current methods in robotic in-hand manipulation are either object-specific or require permanent supervision of the object state from visual sensors. This is far from human capabilities and from what is needed in real-world applications. In this work, we address this gap by training shape-conditioned agents to reorient diverse objects in hand, relying purely on tactile feedback (via torque and position measurements of the fingers’ joints). To achieve this, we propose a learning framework that exploits shape information in a reinforcement learning policy and a learned state estimator. We find that representing 3D shapes by vectors from a fixed set of basis points to the shape’s surface, transformed by its predicted 3D pose, is especially helpful for learning dexterous in-hand manipulation. In simulation and real-world experiments, we show the reorientation of many objects with high success rates, on par with state-of-the-art results obtained with specialized single-object agents. Moreover, we show generalization to novel objects, achieving success rates of ~90% even for non-convex shapes.Website: https://aidx-lab.org/manipulation/iros24",https://arxiv.org/pdf/2407.18834.pdf
47,Augmentation Enables One-Shot Generalization in Learning from Demonstration for Contact-Rich Manipulation,IROS,2023,"We introduce a Learning from Demonstration (LID) approach for contact-rich manipulation tasks, i.e., tasks in which the manipulandum's motion is constrained by contact with the environment. Our approach is motivated by the insight that even a large number of demonstrations will often not contain sufficient information to obtain a general policy for the task. To obtain general policies, our approach augments the information contained in a single demonstration. This autonomous augmentation is based on the insight that environmental constraints play a central role in generalization. We validate our approach in real-world experiments with mechanisms with multiple, interdependent articulations, including latch locks, chain locks, and drawers with handles. The extracted policies, obtained from a single augmented human demonstration, generalize to different mechanisms of the same type and in varying environmental settings.",https://ieeexplore.ieee.org/document/10341625/
48,The Power of the Senses: Generalizable Manipulation from Vision and Touch through Masked Multimodal Learning,IROS,2024,"Humans rely on the synergy of their senses for most essential tasks. For tasks requiring object manipulation, we seamlessly and effectively exploit the complementarity of our senses of vision and touch. This paper draws inspiration from such capabilities and aims to find a systematic approach to fuse visual and tactile information in a reinforcement learning setting. We propose Masked Multimodal Learning (M3L), which jointly learns a policy and visual-tactile representations based on masked autoencoding. The representations jointly learned from vision and touch improve sample efficiency, and unlock generalization capabilities beyond those achievable through each of the senses separately. Remarkably, representations learned in a multimodal setting also benefit vision-only policies at test time. We evaluate M3L on three simulated environments with both visual and tactile observations: robotic insertion, door opening, and dexterous in-hand manipulation, demonstrating the benefits of learning a multimodal policy. Videos of the experiments and the open-source code are available at https://sferrazza.cc/m3l_site.",https://arxiv.org/pdf/2311.00924.pdf
49,Use of Action Label in Deep Predictive Learning for Robot Manipulation,IROS,2022,"Various forms of human knowledge can be explicitly used to enhance deep robot learning from demonstrations. Annotation of subtasks from task segmentation is one type of human symbolism and knowledge. Annotated subtasks can be referred to as action labels, which are more primitive symbols that can be building blocks for more complex human reasoning, like language instructions. However, action labels are not widely used to boost learning processes because of problems that include (1) real-time annotation for online manipulation, (2) temporal inconsistency by annotators, (3) difference in data characteristics of motor commands and action labels, and (4) annotation cost. To address these problems, we propose the Gated Action Motor Predictive Learning (GAMPL) framework to leverage action labels for improved performance. GAMPL has two modules to obtain soft action labels compatible with motor commands and to generate motion. In this study, GAMPL is evaluated for towel-folding manipulation tasks in a real environment with a six degrees-of-freedom (6 DoF) robot and shows improved generalizability with action labels.",https://ieeexplore.ieee.org/document/9982091/
50,Can we reach human expert programming performance? A tactile manipulation case study in learning time and task performance,IROS,2022,"Reaching human-level performance in tactile manipulation is one of the grand challenges in nowadays robotics research. Over the past decade significant progress in both skill control and learning was made. However, the achievable execution speed still falls behind the human ability, without clearly understanding whether the specific shortcomings are mainly in the control, skill learning, or motion planning layer. For gaining a better understanding of this complex problem, we draw an experimental side-by-side comparative case study. First, given a task program for a challenging benchmarking task, the goal is to objectify the achievable task performance from a human expert programmer against autonomously learning these assembly behaviors with a state-of-the-art skill learning framework. Second, we compare the manually tuned and learned robot skills to the performance of an adult human solving the task manually. For the former, it could be shown that despite longer learning duration, the task execution speed of the machine learning-based solution is equivalent to the one programmed by the human expert. For the latter, the identified performance gap remained significantly larger, where only for some specific isolated skills the system was able to reach comparable or even faster than human execution speeds. The overall analysis gave also useful hints where in particular manipulation policies and arm-hand coordination still need significant improvements in the future.",https://ieeexplore.ieee.org/document/9982025/
51,Binary Neural Network in Robotic Manipulation: Flexible Object Manipulation for Humanoid Robot Using Partially Binarized Auto-Encoder on FPGA,IROS,2021,"A neural network based flexible object manipulation system for a humanoid robot on FPGA is proposed. Although the manipulations of flexible objects using robots attract ever increasing attention since these tasks are the basic and essential activities in our daily life, it has been put into practice only recently with the help of deep neural networks. However such systems have relied on GPU accelerators, which cannot be implemented into the space limited robotic body. Although field programmable gate arrays (FPGAs) are known to be energy efficient and suitable for embedded systems, the model size should be drastically reduced since FPGAs have limited on-chip memory. To this end, we propose ""partially"" binarized deep convolutional auto-encoder technique, where only an encoder part is binarized to compress model size without degrading the inference accuracy. The model implemented on Xilinx ZCU102 achieves 41.1 frames per second with a power consumption of 3.1 W, which corresponds to 10× and 3.7× improvements from the systems implemented on Core i7 6700K and RTX 2080 Ti, respectively.",https://arxiv.org/pdf/2107.00209.pdf
52,Seeing All the Angles: Learning Multiview Manipulation Policies for Contact-Rich Tasks from Demonstrations,IROS,2021,"Learned visuomotor policies have shown considerable success as an alternative to traditional, hand-crafted frameworks for robotic manipulation. Surprisingly, an extension of these methods to the multiview domain is relatively unexplored. A successful multiview policy could be deployed on a mobile manipulation platform, allowing the robot to complete a task regardless of its view of the scene. In this work, we demonstrate that a multiview policy can be found through imitation learning by collecting data from a variety of viewpoints. We illustrate the general applicability of the method by learning to complete several challenging multi-stage and contact-rich tasks, from numerous viewpoints, both in a simulated environment and on a real mobile manipulation platform. Furthermore, we analyze our policies to determine the benefits of learning from multiview data compared to learning with data collected from a fixed perspective. We show that learning from multiview data results in little, if any, penalty to performance for a fixed-view task compared to learning with an equivalent amount of fixed-view data. Finally, we examine the visual features learned by the multiview and fixed-view policies. Our results indicate that multiview policies implicitly learn to identify spatially correlated features.",https://arxiv.org/pdf/2104.13907.pdf
53,Learning to Open Doors with an Aerial Manipulator,IROS,2023,"The field of aerial manipulation has seen rapid advances, transitioning from push-and-slide tasks to interaction with articulated objects. The motion trajectory of these complex actions is usually hand-crafted or a result of online optimization methods like Model Predictive Control (MPC) or Model Predictive Path Integral (MPPI) control. However, these methods rely on heuristics or model simplifications to efficiently run on onboard hardware, limiting their robustness, and making them sensitive to disturbances and differences between the real environment and its model. In this work, we propose a Reinforcement Learning (RL) approach to learn reactive motion behaviors for a manipulation task while producing policies that are robust to disturbances and modeling errors. Specifically, we train a policy to perform a door-opening task with an Omnidirectional Micro Aerial Vehicle (OMAV). The policy is trained in a physics simulator and shown in the real world, where it is able to generalize also to door closing tasks never seen in training. We also compare our method against a state-of-the-art MPPI solution in simulation, showing a considerable increase in robustness and speed.",https://arxiv.org/pdf/2307.15581.pdf
54,Simultaneous Depth Estimation and Localization for Cell Manipulation Based on Deep Learning,IROS,2022,"Visual localization, which is a key technology to realize the automation of cell manipulation, has been widely studied. Since the depth of field of the microscope is narrow, the planar localization and depth estimation are usually coupled together. At present, most methods adopt the serial working mode of focusing first and then planar localization, but they usually do not have good real-time performance and stability. In this paper, a simultaneous depth estimation and localization network was developed for cell manipulation. The network takes a focused image and a defocus-offset image as inputs, and outputs the defocus in the depth direction and the offset in the plane at the same time after going through defocus-offset information extraction, defocus classification mapping and offset regression mapping. To train and test our network, we also create two datasets: An Adherent Cell dataset and an Injection Micropipette dataset. The experimental results demonstrated that the proposed method achieves the detection of all test samples with a frame rate of more than 40Hz, and the maximum errors of depth estimation and localization are <tex>$\boldsymbol{2.44\mu m}$</tex> and <tex>$\boldsymbol{0.49\mu m}$</tex>, respectively. The proposed method has good stability, which is mainly reflected in its strong generalization ability and anti-noise ability.",https://ieeexplore.ieee.org/document/9982228/
55,DexSkills: Skill Segmentation Using Haptic Data for Learning Autonomous Long-Horizon Robotic Manipulation Tasks,IROS,2024,"Effective execution of long-horizon tasks with dexterous robotic hands remains a significant challenge in real-world problems. While learning from human demonstrations has shown encouraging results, they require extensive data collection for training. Hence, decomposing long-horizon tasks into reusable primitive skills is a more efficient approach. To achieve so, we developed DexSkills, a novel supervised learning framework that addresses long-horizon dexterous manipulation tasks using primitive skills. DexSkills is trained to recognize and replicate a select set of skills using human demonstration data, which can then segment a demonstrated long-horizon dexterous manipulation task into a sequence of primitive skills to achieve one-shot execution by the robot directly. Significantly, DexSkills operates solely on proprioceptive and tactile data, i.e., haptic data. Our real-world robotic experiments show that DexSkills can accurately segment skills, thereby enabling autonomous robot execution of a diverse range of tasks.",https://arxiv.org/pdf/2405.03476.pdf
56,Learning Visual Quadrupedal Loco-Manipulation from Demonstrations,IROS,2024,"Quadruped robots are progressively being integrated into human environments. Despite the growing locomotion capabilities of quadrupedal robots, their interaction with objects in realistic scenes is still limited. While additional robotic arms on quadrupedal robots enable manipulating objects, they are sometimes redundant given that a quadruped robot is essentially a mobile unit equipped with four limbs, each possessing 3 degrees of freedom (DoFs). Hence, we aim to empower a quadruped robot to execute real-world manipulation tasks using only its legs. We decompose the loco-manipulation process into a low-level reinforcement learning (RL)-based controller and a high-level Behavior Cloning (BC)-based planner. By parameterizing the manipulation trajectory, we synchronize the efforts of the upper and lower layers, thereby leveraging the advantages of both RL and BC. Our approach is validated through simulations and real-world experiments, demonstrating the robot’s ability to perform tasks that demand mobility and high precision, such as lifting a basket from the ground while moving, closing a dishwasher, pressing a button, and pushing a door.",https://arxiv.org/pdf/2403.20328.pdf
57,Waypoint-Based Reinforcement Learning for Robot Manipulation Tasks,IROS,2024,"Robot arms should be able to learn new tasks. One framework here is reinforcement learning, where the robot is given a reward function that encodes the task, and the robot autonomously learns actions to maximize its reward. Existing approaches to reinforcement learning often frame this problem as a Markov decision process, and learn a policy (or a hierarchy of policies) to complete the task. These policies reason over hundreds of fine-grained actions that the robot arm needs to take: e.g., moving slightly to the right or rotating the end-effector a few degrees. But the manipulation tasks that we want robots to perform can often be broken down into a small number of high-level motions: e.g., reaching an object or turning a handle. In this paper we therefore propose a waypoint-based approach for model-free reinforcement learning. Instead of learning a low-level policy, the robot now learns a trajectory of waypoints, and then interpolates between those waypoints using existing controllers. Our key novelty is framing this waypoint-based setting as a sequence of multi-armed bandits: each bandit problem corresponds to one waypoint along the robot’s motion. We theoretically show that an ideal solution to this reformulation has lower regret bounds than standard frameworks. We also introduce an approximate posterior sampling solution that builds the robot’s motion one waypoint at a time. Results across benchmark simulations and two real-world experiments suggest that this proposed approach learns new tasks more quickly than state-of-the-art baselines. See our website here: https://collab.me.vt.edu/rl-waypoints/",https://arxiv.org/pdf/2403.13281.pdf
58,Interactive Learning of Physical Object Properties Through Robot Manipulation and Database of Object Measurements,IROS,2024,"This work presents a framework for automatically extracting physical object properties, such as material composition, mass, volume, and stiffness, through robot manipulation and a database of object measurements. The framework involves exploratory action selection to maximize learning about objects on a table. A Bayesian network models conditional dependencies between object properties, incorporating prior probability distributions and uncertainty associated with measurement actions. The algorithm selects optimal exploratory actions based on expected information gain and updates object properties through Bayesian inference. Experimental evaluation demonstrates effective action selection compared to a baseline and correct termination of the experiments if there is nothing more to be learned. The algorithm proved to behave intelligently when presented with trick objects with material properties in conflict with their appearance. The robot pipeline integrates with a logging module and an online database of objects, containing over 24,000 measurements of 63 objects with different grippers. All code and data are publicly available, facilitating automatic digitization of objects and their physical properties through exploratory manipulations.",https://arxiv.org/pdf/2404.07344.pdf
59,Explaining the Decisions of Deep Policy Networks for Robotic Manipulations,IROS,2021,"Deep policy networks enable robots to learn behaviors to solve various real-world complex tasks in an end-to-end fashion. However, they lack transparency to provide the reasons of actions. Thus, such a black-box model often results in low reliability and disruptive actions during the deployment of the robot in practice. To enhance its transparency, it is important to explain robot behaviors by considering the extent to which each input feature contributes to determining a given action. In this paper, we present an explicit analysis of deep policy models through input attribution methods to explain how and to what extent each input feature affects the decisions of the robot policy models. To this end, we present two methods for applying input attribution methods to robot policy networks: (1) we measure the importance factor of each joint torque to re ect the influence of the motor torque on the end-effector movement, and (2) we modify a relevance propagation method to handle negative inputs and outputs in deep policy networks properly. To the best of our knowledge, this is the first report to identify the dynamic changes of input attributions of multi-modal sensor inputs in deep policy networks online for robotic manipulation.",https://arxiv.org/pdf/2310.19432.pdf
60,Learning a Generative Transition Model for Uncertainty-Aware Robotic Manipulation,IROS,2021,"Robot learning of real-world manipulation tasks remains challenging and time consuming, even though actions are often simplified by single-step manipulation primitives. In order to compensate the removed time dependency, we additionally learn an image-to-image transition model that is able to predict a next state including its uncertainty. We apply this approach to bin picking, the task of emptying a bin using grasping as well as pre-grasping manipulation as fast as possible. The transition model is trained with up to 42 000 pairs of real-world images before and after a manipulation action. Our approach enables two important skills: First, for applications with flange-mounted cameras, picks per hours (PPH) can be increased by around 15 % by skipping image measurements. Second, we use the model to plan action sequences ahead of time and optimize time-dependent rewards, e.g. to minimize the number of actions required to empty the bin. We evaluate both improvements with real-robot experiments and achieve over 700 PPH in the YCB Box and Blocks Test.",https://arxiv.org/pdf/2107.02464.pdf
61,Real-time Acoustic Holography with Physics-based Deep Learning for Acoustic Robotic Manipulation,IROS,2022,"Acoustic holography is a newly emerging and promising technique to dynamically generate arbitrary desired holographic acoustic field in 3D space for contactless robotic manipulation. The latest technology supporting complex dynamic holographic acoustic field reconstruction is through phased transducer array (PTA), where the phase profile of emitted acoustic wave from discrete transducers is controlled independently by sophisticated circuits to modulate the acoustic interference field. While the forward kinematics of a phased array based robotic manipulation system is simple and straightforward, the inverse kinematics of the required holographic acoustic field is mathematically non-linear and unsolvable, which substantially limits the application of dynamic holographic acoustic field for robot manipulation. In this work, we propose a physics-based deep learning framework for this phase retrieval inverse kinematics problem so that the target complex hologram could be reconstructed precisely with average MAE of 0.022 and in real time with prediction time of 47 milliseconds on GPU. The accuracy and real time of the proposed method for dynamic holographic acoustic field reconstruction from PTA are demonstrated experimentally.",https://ieeexplore.ieee.org/document/9981395/
62,Graph-Structured Policy Learning for Multi-Goal Manipulation Tasks,IROS,2022,"Multi-goal policy learning for robotic manipu-lation is challenging. Prior successes have used state-based representations of the objects or provided demonstration data to facilitate learning. In this paper, by hand-coding a high-level discrete representation of the domain, we show that policies to reach dozens of goals can be learned with a single network using Q-learning from pixels. The agent focuses learning on simpler, local policies which are sequenced together by planning in the abstract space. We compare our method against standard multi-goal RL baselines, as well as other methods that leverage the discrete representation, on a challenging block construction domain. We find that our method can build more than a hundred different block structures, and demonstrate forward transfer to structures with novel objects. Lastly, we deploy the policy learned in simulation on a real robot.",https://arxiv.org/pdf/2207.11313.pdf
63,Manipulation of Optical Force-Induced Micro-Assemblies at the Air-Liquid Interface,IROS,2023,"Colloidal particles trapped by a focused laser at the air-liquid interface provide an interesting assembly dynamic. In this study, we demonstrated manipulating optical force-induced swarms via dynamic locomotion of assemblies built with holographic optical tweezers. This manipulation approach builds the foundation for autonomous control of building assemblies at the air-liquid interface, which is the first time optical micro-robots have performed this feat. Our proposed semi-autonomous control allows users to produce small dynamic secondary assemblies at the interface, which are transported to and merged with a main static assembly. This static-dynamic approach grows assemblies up to ~2.1 times larger than conventional methods. Manipulation and control of large-scale optical force-induced assemblies in real-time to create re-configurable swarms has the potential to lead the development of new technology and approaches for complex tasks, such as the development of new material, transportation of biological matter, studying biofilm formation created by bacteria colonies at the air-liquid interface, and more.",https://ieeexplore.ieee.org/document/10341939/
64,Robust Imitation Learning for Mobile Manipulator Focusing on Task-Related Viewpoints and Regions,IROS,2024,"We study how to generalize the visuomotor policy of a mobile manipulator from the perspective of visual observations. The mobile manipulator is prone to occlusion owing to its own body when only a single viewpoint is employed and a significant domain shift when deployed in diverse situations. However, to the best of the authors’ knowledge, no study has been able to solve occlusion and domain shift simultaneously and propose a robust policy. In this paper, we propose a robust imitation learning method for mobile manipulators that focuses on task-related viewpoints and their spatial regions when observing multiple viewpoints. The multiple viewpoint policy includes attention mechanism, which is learned with an augmented dataset, and brings optimal viewpoints and robust visual embedding against occlusion and domain shift. Comparison of our results for different tasks and environments with those of previous studies revealed that our proposed method improves the success rate by up to 29.3 points. We also conduct ablation studies using our proposed method. Learning task-related viewpoints from the multiple viewpoints dataset increases robustness to occlusion than using a uniquely defined viewpoint. Focusing on task-related regions contributes to up to a 33.3-point improvement in the success rate against domain shift.",https://arxiv.org/pdf/2410.01292.pdf
65,Ultrafast Acoustic Holography with Physics-Reinforced Self-Supervised Learning for Precise Robotic Manipulation,IROS,2023,"Ultrafast acoustic holography (AH) enabling dynamic contactless micro-nano robotic manipulation has recently attracted wide attention. As an advanced technique, AH encodes specific three-dimensional (3D) acoustic field on a two-dimensional (2D) hologram whereby realizing holographic reconstruction with high fidelity. However, current approaches face the limitation of encoding time, accuracy and flexibility, thus, leading to inapplicability for dynamic and precise robotic manipulation. Here, we develop an approach to overcome these issues. Its basic idea is to use a convolutional neural network trained in a self-supervised manner with iterative interaction with virtual physical environment. Energy conservation is incorporated to access the physical constrain during wave propagation. The experimental results demonstrate that the proposed method circumvents laborious annotated dataset preparation and boosts the reinforcement from physics model. By the validation and comparison on distinct acoustic fields with various patterns, the accuracy and real-time performance of the proposed method are confirmed supporting dynamic and precise robotic manipulation.",https://ieeexplore.ieee.org/document/10341483/
66,Bio-inspired Reflex System for Learning Visual Information for Resilient Robotic Manipulation,IROS,2022,"Humans have an incredible sense of self-preservation that is both instilled, and also learned through experience. One system which contributes to this is the pain and reflex system which both minimizes damage through involuntary reflex actions and also serves as a means of 'negative reinforcement’ to allow learning of poor actions or decision. Equipping robots with a reflex system and parallel learning architecture could help to prolong their useful life and allow for continued learning of safe actions. Focusing on a specific mock-up scenario of cubes on a 'stove’ like setup, we investigate the hardware and learning approaches for a robotic manipulator to learn the presence of 'hot’ objects and its contextual relationship to the environment. By creating a reflex arc using analog electronics that bypasses the 'brain’ of the system we show an increase in the speed of release by at least two-fold. In parallel we have a learning procedure which combines visual information of the scene with this 'pain signal’ to learn and predict when an object may be hot, utilizing an object detection neural network. Finally, we are able to extract the learned contextual information of the environment by introducing a method inspired by 'thought experiments' to generate heatmaps that indicate the probability of the environment being hot.",https://ieeexplore.ieee.org/document/9981310/
67,BaSeNet: A Learning-based Mobile Manipulator Base Pose Sequence Planning for Pickup Tasks,IROS,2024,"In many applications, a mobile manipulator robot is required to grasp a set of objects distributed in space. This may not be feasible from a single base pose and the robot must plan the sequence of base poses for grasping all objects, minimizing the total navigation and grasping time. This is a Combinatorial Optimization problem that can be solved using exact methods, which provide optimal solutions but are computationally expensive, or approximate methods, which offer computationally efficient but sub-optimal solutions. Recent studies have shown that learning-based methods can solve Combinatorial Optimization problems, providing near-optimal and computationally efficient solutions.In this work, we present BaSeNet - a learning-based approach to plan the sequence of base poses for the robot to grasp all the objects in the scene. We propose a Reinforcement Learning based solution that learns the base poses for grasping individual objects and the sequence in which the objects should be grasped to minimize the total navigation and grasping costs using Layered Learning. As the problem has a varying number of states and actions, we represent states and actions as a graph and use Graph Neural Networks for learning. We show that the proposed method can produce comparable solutions to exact and approximate methods with significantly less computation time. The code and Reinforcement Learning environments will be made available on the project webpage<sup xmlns:mml=""http://www.w3.org/1998/Math/MathML"" xmlns:xlink=""http://www.w3.org/1999/xlink"">*</sup>.",https://arxiv.org/pdf/2406.08653.pdf
68,Reinforcement Learning for Vision-based Object Manipulation with Non-parametric Policy and Action Primitives,IROS,2021,"The object manipulation is a crucial ability for a service robot, but it is hard to solve with reinforcement learning due to some reasons such as sample efficiency. In this paper, to tackle this object manipulation, we propose a novel framework, AP-NPQL (Non-Parametric Q Learning with Action Primitives), that can efficiently solve the object manipulation with visual input and sparse reward, by utilizing a nonparametric policy for reinforcement learning and appropriate behavior prior for the object manipulation. We evaluate the efficiency and the performance of the proposed AP-NPQL for four object manipulation tasks on simulation (pushing plate, stacking box, flipping cup, and picking and placing plate), and it turns out that our AP-NPQL outperforms the state-of-the-art algorithms based on parametric policy and behavior prior in terms of learning time and task success rate. We also successfully transfer and validate the learned policy of the plate pick-and-place task to the real robot in a sim-to-real manner.",https://arxiv.org/pdf/2206.05671.pdf
69,RMBench: Benchmarking Deep Reinforcement Learning for Robotic Manipulator Control,IROS,2023,"Reinforcement learning is used to tackle complex tasks with high-dimensional sensory inputs. Over the past decade, a wide range of reinforcement learning algorithms have been developed, with recent progress benefiting from deep learning for raw sensory signal representation. This raises a natural question: how well do these algorithms perform across different robotic manipulation tasks? To objectively compare algorithms, benchmarks use performance metrics. Benchmarks use objective performance metrics to offer a scientific way to compare algorithms. In this paper, we introduce RMBench, the first benchmark for robotic manipulations with high-dimensional continuous action and state spaces. We implement and evaluate reinforcement learning algorithms that take observed pixels as inputs and report their average performance and learning curves to demonstrate their performance and training stability. Our study concludes that none of the evaluated algorithms can handle all tasks well, with soft Actor-Critic outperforming most algorithms in terms of average reward and stability, and an algorithm combined with data augmentation potentially facilitating learning policies. Our code is publicly available at https://github.com/xiangyanfei212/RMBench-2022.git, including all benchmark tasks and studied algorithms.",https://arxiv.org/pdf/2210.11262.pdf
70,DexDribbler: Learning Dexterous Soccer Manipulation via Dynamic Supervision,IROS,2024,"Learning dexterous locomotion policy for legged robots is becoming increasingly popular due to its ability to handle diverse terrains and resemble intelligent behaviors. However, joint manipulation of moving objects and locomotion with legs, such as playing soccer, receive scant attention in the learning community, although it is natural for humans and smart animals. A key challenge to solve this multitask problem is to infer the objectives of locomotion from the states and targets of the manipulated objects. The implicit relation between the object states and robot locomotion can be hard to capture directly from the training experience. We propose adding a feedback control block to compute the necessary body- level movement accurately and using the outputs as dynamic joint-level locomotion supervision explicitly. We further utilize an improved ball dynamic model, an extended context-aided estimator, and a comprehensive ball observer to facilitate transferring policy learned in simulation to the real world. We observe that our learning scheme can not only make the policy network converge faster but also enable soccer robots to perform sophisticated maneuvers like sharp cuts and turns on flat surfaces, a capability that was lacking in previous methods. Video and code are available at github.com/SysCV/soccer-player.",https://arxiv.org/pdf/2403.14300.pdf
71,From Temporal-Evolving to Spatial-Fixing: A Keypoints-Based Learning Paradigm for Visual Robotic Manipulation,IROS,2023,"The current learning pipelines for robotics manipulation infer movement primitives sequentially along the temporal-evolving axis, which can result in an accumulation of prediction errors and subsequently cause the visual observations to fall out of the training distribution. This paper proposes a novel hierarchical behavior cloning approach which tries to dissociate standard behaviour cloning (BC) pipeline to two stages. The intuition of this approach is to eliminate accumu-lation errors using a fixed spatial representation. At first stage, a high-level planner will be employed to translate the initial observation of the scene into task-specific spatial waypoints. Then, a low-level robotic path planner takes over the task of guiding the robot by executing a set of pre-defined elementary movements or actions known as primitives, with the goal of reaching the previously predicted waypoints. Our hierarchical keypoints-based paradigm aims to simplify existing temporal-evolving approach to a more simple way: directly spatialize the whole sequential primitives as a set of 8D waypoints only from the very first observation. Plentiful experiments demon-strate that our paradigm can achieve comparable results with Reinforcement Learning (RL) and outperforms existing offline BC approaches, with only a single-shot inference from the initial observation. Code and models are available at: https://github.com/KevinRiou22/spatial-fixing-il",https://ieeexplore.ieee.org/document/10341397/
72,Learning physics-informed simulation models for soft robotic manipulation: A case study with dielectric elastomer actuators,IROS,2022,"Soft actuators offer a safe, adaptable approach to tasks like gentle grasping and dexterous manipulation. Creating accurate models to control such systems however is challenging due to the complex physics of deformable materials. Accurate Finite Element Method (FEM) models incur prohibitive computational complexity for closed-loop use. Using a differentiable simulator is an attractive alternative, but their applicability to soft actuators and deformable materials remains under-explored. This paper presents a framework that combines the advantages of both. We learn a differentiable model consisting of a material properties neural network and an analytical dynamics model of the remainder of the manipulation task. This physics-informed model is trained using data generated from FEM, and can be used for closed-loop control and inference. We evaluate our framework on a dielectric elastomer actuator (DEA) coin-pulling task. We simulate the task of using DEA to pull a coin along a surface with frictional contact, using FEM, and evaluate the physics-informed model for simulation, control, and inference. Our model attains ≤ 5% simulation error compared to FEM, and we use it as the basis for an MPC controller that requires fewer iterations to converge than model-free actor-critic, PD, and heuristic policies.",https://arxiv.org/pdf/2202.12977.pdf
73,Hierarchical Learning and Control for In-Hand Micromanipulation Using Multiple Laser-Driven Micro-Tools,IROS,2022,"Laser-driven micro-tools are formulated by treating highly-focused laser beams as actuators, to control the tool's motion to contact then manipulate a micro object, which allows it to manipulate opaque micro objects, or large cells without causing photodamage. However, most existing laser-driven tools are limited to relatively simple tasks, such as moving and caging, and cannot carry out in-hand dexterous tasks. This is mainly because in-hand manipulation involves continuously coordinating multiple laser beams, micro-tools, and the object itself, which has high degrees of freedom (DoF) and poses up challenge for planner and controller design. This paper presents a new hierarchical formulation for the grasping and manipulation of micro objects using multiple laser-driven micro-tools. In hardware, multiple laser-driven tools are assembled to act as a robotic hand to carry out in-hand tasks (e.g., rotating); in software, a hierarchical scheme is developed to shrunken the action space and coordinate the motion of multiple tools, subject to both the parametric uncertainty in the tool and the unknown dynamic model of the object. Such a formulation provides potential for achieving robotic in-hand manipulation at a micro scale. The performance of the proposed system is validated in simulation studies under different scenarios.",https://ieeexplore.ieee.org/document/9982033/
74,Policy Learning for Visually Conditioned Tactile Manipulation,IROS,2021,"Recent work on robot learning with visual observations has shown great success in solving many manipulation tasks. While visual observations contain rich information about the environment and the robot, they can be unreliable in the presence of visual noise or occlusions. In these cases, we can leverage tactile observations generated by the interaction between the robot and the environment. In this paper, we propose a framework for learning manipulation policies that fuse visual and tactile feedback. The control problems considered in this work are to localize a gripper with respect to the environment image and navigate to desired states. Our method uses a learned Bayes filter to estimate the state of a gripper by conditioning the tactile observations on the environment image. We use deep reinforcement learning for solving the localization and navigation problems provided with the belief of the gripper’s state and the environment image. We compare our method against two baselines where the agent uses tactile observation directly with a recurrent neural network or uses a point estimate of the state instead of the full belief state. We also transfer the policies to the real world and validate them on a physical robot.",https://ieeexplore.ieee.org/document/9636866/
75,Learning a Pre-Grasp Manipulation Policy to Effectively Retrieve a Target in Dense Clutter,IROS,2024,"Robotic grasping of a target object in cluttered environments poses considerable challenges, often due to limited collision-free grasp affordances caused by the close proximity of other objects. To overcome this limitation, non-prehensile actions like pushing can be strategically employed to manipulate the environment and improve the chances of successful grasps. In this paper, we introduce a novel pre-grasp manipulation policy designed to efficiently retrieve a target object from dense clutter by leveraging pushing actions and considering the gripper’s kinematic capabilities to strategically position the target object within the gripper’s closing region for a secure grasp. Unlike conventional approaches, our policy incorporates sequential pushing, allowing the robot to make decisions while within the camera’s field of view without retracting to a home position, leading to significantly reduced execution time per action. Our policy, trained in simulation, seamlessly transfers to real-world scenarios. Extensive experimental evaluation demonstrates superior performance, faster completion times, and robust generalization to unseen objects compared to existing baselines.",https://ieeexplore.ieee.org/document/10801734/
76,RelationGrasp: Object-Oriented Prompt Learning for Simultaneously Grasp Detection and Manipulation Relationship in Open Vocabulary,IROS,2024,"Autonomous robotic grasping under complex, clustered, and unstructured environments is a fundamental but challenging task. To achieve human-like rationality in dealing with the grasping task, the agent requires hybrid intelligence from multilateral aspects. This paper introduces RelationGrasp, a unified framework employing a transformer encoder-decoder structure to simultaneously achieve open-vocabulary object detection, manipulation relationship inference, and grasp pose detection. A unique object-oriented prompt learning mechanism is designed to seamlessly bridge the grasp pose and manipulation relationship branches, delivering high fidelity of object-grasp affiliation for object-aware grasping and grasp sequence planning. By formulating the relationship detection as an adjacency matrix regression task under multi-task learning, our framework significantly increases the relationship accuracy with reduced computational overhead. Moreover, to facilitate the robust and adaptive deployment of the proposed RelationGrasp to novel environments, we propose a consistency-based self-supervised adaptation strategy to adapt the pre-trained network to new scenarios and improve grasp accuracy on unseen objects. Our proposed network achieved state-of-the-art performance on various public dataset such as VMRD, OCID, etc., in both grasp detection and manipulation relationship classification, and real-world robot experiments has also been conducted to show the practical usages.",https://ieeexplore.ieee.org/document/10802508/
77,Using human gaze in few-shot imitation learning for robot manipulation,IROS,2022,"Imitation learning has attracted attention as a method for realizing complex robot control without programmed robot behavior. Meta-imitation learning has been proposed to solve the high cost of data collection and low generalizability to new tasks that imitation learning suffers from. Meta-imitation can learn new tasks involving unknown objects from a small amount of data by learning multiple tasks during training. However, meta-imitation learning, especially using images, is still vulnerable to changes in the background, which occupies a large portion of the input image. This study introduces a human gaze into meta-imitation learning-based robot control. We created a model with model-agnostic meta-learning to predict the gaze position from the image by measuring the gaze with an eye tracker in the head-mounted display. Using images around the predicted gaze position as an input makes the model robust to changes in visual information. We experimentally verified the performance of the proposed method through picking tasks using a simulated robot. The results indicate that our proposed method has a greater ability than the conventional method to learn a new task from only 9 demonstrations even if the object's color or the background pattern changes between the training and test.",https://ieeexplore.ieee.org/document/9981706/
78,Learning to Recover from Plan Execution Errors during Robot Manipulation: A Neuro-symbolic Approach,IROS,2024,"Automatically detecting and recovering from failures is an important but challenging problem for autonomous robots. Most of the recent work on learning to plan from demonstrations lacks the ability to detect and recover from errors in the absence of an explicit state representation and/or a (sub-) goal check function. We propose an approach (blending learning with symbolic search) for automated error discovery and recovery, without needing annotated data of failures. Central to our approach is a neuro-symbolic state representation, in the form of dense scene graph, structured based on the objects present within the environment. This enables efficient learning of the transition function and a discriminator that not only identifies failures but also localizes them facilitating fast re-planning via computation of heuristic distance function. We also present an anytime version of our algorithm, where instead of recovering to the last correct state, we search for a sub-goal in the original plan minimizing the total distance to the goal given a re-planning budget. Experiments on a physics simulator with a variety of simulated failures show the effectiveness of our approach compared to existing baselines, both in terms of efficiency as well as accuracy of our recovery mechanism.",https://arxiv.org/pdf/2405.18948.pdf
79,Learning Generalizable Manipulation Policy with Adapter-Based Parameter Fine-Tuning,IROS,2024,"This study investigates the use of adapters in reinforcement learning for robotic skill generalization across multiple robots and tasks. Traditional methods are typically reliant on robot-specific retraining and face challenges such as efficiency and adaptability, particularly when scaling to robots with varying kinematics. We propose an alternative approach where a disembodied (virtual) hand manipulator learns a task (i.e., an abstract skill) and then transfers it to various robots with different kinematic constraints without retraining the entire model (i.e., the concrete, physical implementation of the skill). Whilst adapters are commonly used in other domains with strong supervision available, we show how weaker feedback from robotic control can be used to optimize task execution by preserving the abstract skill dynamics whilst adapting to new robotic domains. We demonstrate the effectiveness of our method with experiments conducted in the SAPIEN ManiSkill environment, showing improvements in generalization and task success rates. All code, data, and additional videos are at this GitHub link: https://kl-research.github.io/genrob.",https://ieeexplore.ieee.org/document/10801544/
80,Tactile Active Inference Reinforcement Learning for Efficient Robotic Manipulation Skill Acquisition,IROS,2024,"Robotic manipulation holds the potential to replace humans in the execution of tedious or dangerous tasks. However, control-based approaches are not suitable due to the difficulty of formally describing open-world manipulation in reality, and the inefficiency of existing learning methods. Therefore, applying manipulation in a wide range of scenarios presents significant challenges. In this study, we propose a novel framework for skill learning in robotic manipulation called Tactile Active Inference Reinforcement Learning (TactileAIRL), aimed at achieving efficient learning. To enhance the performance of reinforcement learning (RL), we introduce active inference, which integrates model-based techniques and intrinsic curiosity into the RL process. This integration improves the algorithm’s training efficiency and adaptability to sparse rewards. Additionally, we have designed universal tactile static and dynamic features based on vision-based tactile sensors, making our framework scalable to many manipulation tasks learning involving tactile feedback. Simulation results demonstrate that our method achieves significantly high training efficiency in objects pushing tasks. It enables agents to excel in both dense and sparse reward tasks with just few interaction episodes, surpassing the SAC baseline. Furthermore, we conduct physical experiments on a gripper screwing task using our method, which showcases the algorithm’s rapid learning capability and its potential for practical applications.",https://arxiv.org/pdf/2311.11287.pdf
81,Zero-Shot Fault Detection for Manipulators Through Bayesian Inverse Reinforcement Learning,IROS,2023,"We consider the detection of faults in robotic manipulators, with particular emphasis on faults that have not been observed or identified in advance, which naturally includes those that occur very infrequently. Recent studies indicate that the reward function obtained through Inverse Reinforcement Learning (IRL) can help detect anomalies caused by faults in a control system (i.e. fault detection). Current IRL methods for fault detection, however, either use a linear reward representation or require extensive sampling from the environment to estimate the policy, rendering them inappropriate for safety-critical situations where sampling of failure observations via fault injection can be expensive and dangerous. To address this issue, this paper proposes a zero-shot and exogenous fault detector based on an approximate variational reward imitation learning (AVRIL) structure. The fault detector recovers a reward signal as a function of externally observable information to describe the normal operation, which can then be used to detect anomalies caused by faults. Our method incorporates expert knowledge through a customizable reward prior distribution, allowing the fault detector to learn the reward solely from normal operation samples, without the need for a simulator or costly interactions with the environment. We evaluate our approach for exogenous partial fault detection in multi-stage robotic manipulator tasks, comparing it with several baseline methods. The results demonstrate that our method more effectively identifies unseen faults even when they occur within just three controller time steps.",https://ieeexplore.ieee.org/document/10342143/
82,State Estimation of an Adaptive 3-Finger Gripper using Recurrent Neural Networks,IROS,2024,"Adaptive grippers enable easy and robust grasping of diverse objects by adapting to their shapes and enclosing them. However, determining the exact state of the hand remains challenging. This is not always straightforward but is often necessary to assess grip success, quality, or the pose of the object. In this work, we present two deep learning approaches using recurrent neural networks to successfully estimate the joint states of the Robotiq 3-Finger Adaptive Gripper. The models are compared with an existing analytical approach, which does not distinguish between the fingers of the hand and calculates the three angles of their respective joints using joint limits, contact information, and motor position in a transition model. We test the differences in accuracy with our networks by not distinguishing between the fingers as the analytical approach for the first model and by looking at the entire hand in the second model. Our experiments demonstrate that the model considering the entire hand outperforms the other two approaches, is more robust against object movements and achieves an average joint position accuracy of 2.29 degrees.",https://ieeexplore.ieee.org/document/10802760/
83,Effect of Tactile and Deep Sensory Feedback Synchronized with the Manipulation of Myoelectric Hand on Body Recognition,IROS,2024,"Currently, myoelectric prosthetic hands are not recognized as part of the body due to the lack of sensory feedback (FB). To address this issue, it is necessary to investigate the factors that influence body recognition. Most existing research focuses on stationary prosthetic hands, such as in the rubber hand illusion, and discusses two concepts: sense of ownership (SO) and sense of agency (SA). SO refers to the feeling that a body part belongs to one's own body, while SA refers to the feeling that one is in control of the movements of one's own body parts. In this study, we developed a wearable and operable prototype myoelectric prosthetic hand equipped with tactile and deep sensory feedback, rather than a stationary prosthetic hand. Furthermore, we investigated the effect of tactile and deep sensory feedback on body recognition through psychophysical experiments. The results indicated that tactile feedback improved body recognition and deep sensory feedback improved SO; however, no effect was observed on SA.",https://ieeexplore.ieee.org/document/10801379/
84,MultipleCupSuctionNet: Deep Neural Network for Detecting Grasp Pose of a Vacuum Gripper with Multiple Suction Cups based on YOLO Feature Map Affine Transformation,IROS,2024,"Multiple-suction-cup grasp is preferable for picking large and heavy objects in warehouses. Deep learning methods have been widely used to predict grasp point position for single-suction-cup grasp, but few studies have examined grasp pose detection for a gripper with multiple suction cups. This study proposes MultipleCupSuctionNet, which is a deep neural network for detecting multiple cup grasp pose. To address the challenge of direct regression of poses, this neural network first infers the surface mask to compute the surface normal to obtain the direction of the gripper z-axis. The feature maps of the surfaces are then affine-transformed to surface image coordinates, based on which gripper position and rotation angle around the z-axis are predicted. Such a neural network design makes grasp pose learning easier because there is no need to consider the orientation of the surfaces so that 2D poses respective to the surface are learned. Feature map affine transformation saves computation cost because there is no need to first transform images and then extract the features to obtain surface features. Further, for each predicted grasp pose, the overlap area between cup and surface is calculated to determine which cup should be used when grasping. MultipleCupSuctionNet exhibited competitive performance (80.1% prediction accuracy) particularly in dense scenes compared with state-of-the-art planners (Dex-Net and a model-free multiple-suction-cup grasp planner). Physical picking experiments were conducted using a robot employing the proposed neural network. The experimental results showed that our robot achieved an average success rate of 94.5% for picking common objects in warehouses.",https://ieeexplore.ieee.org/document/10802723/
85,The subtle line between personalization and user manipulation in a European regulatory perspective. A proposal for a technology-assessment methodology for Artificial Intelligence Systems *,IROS,2024,"Much of HRI research focuses on personalizing robots in order to ease societal acceptance, and favour their uptake. Companion robots are indeed conceived as a potential solution to numerous societal concerns, among which aging population, and individuals’ isolation. In such a perspective, personalization is indeed key, for it ensures individuals feel comfortable using robots in their daily lives and environments. This also depends upon the so called cultural competences the machine possesses. In fact, how humans behave largely depends upon their heritage, and overall understanding of the environment. An identical reaction, posture or expression might, indeed, be perceived very differently according to the culture of the person exposed to it.",https://ieeexplore.ieee.org/document/10801918/
86,Spatial Reasoning via Deep Vision Models for Robotic Sequential Manipulation,IROS,2023,"In this paper, we propose using deep neural architectures (i.e., vision transformers and ResNet) as heuristics for sequential decision-making in robotic manipulation problems. This formulation enables predicting the subset of objects that are relevant for completing a task. Such problems are often addressed by task and motion planning (TAMP) formulations combining symbolic reasoning and continuous motion planning. In essence, the action-object relationships are resolved for discrete, symbolic decisions that are used to solve manipulation motions (e.g., via nonlinear trajectory optimization). However, solving long-horizon tasks requires consideration of all possible action-object combinations which limits the scalability of TAMP approaches. To overcome this combinatorial complexity, we introduce a visual perception module integrated with a TAMP-solver. Given a task and an initial image of the scene, the learned model outputs the relevancy of objects to accomplish the task. By incorporating the predictions of the model into a TAMP formulation as a heuristic, the size of the search space is significantly reduced. Results show that our framework finds feasible solutions more efficiently when compared to a state-of-the-art TAMP solver.",https://arxiv.org/pdf/2306.17053.pdf
87,Efficiently Learning Manipulations by Selecting Structured Skill Representations,IROS,2022,"A key challenge in learning to perform manipulation tasks is selecting a suitable skill representation. While specific skill representations are often easier to learn, they are often only suitable for a narrow set of tasks. In most prior works, roboticists manually provide the robot with a suitable skill representation to use e.g. a neural network or DMPs. By contrast, we propose to allow the robot to select the most appropriate skill representation for the underlying task. Given the large space of skill representations, we utilize a single demonstration to select a small set of potential task-relevant representations. This set is then further refined using reinforcement learning to select the most suitable skill representation. Experiments in both simulation and real world show how our proposed approach leads to improved sample efficiency and enables directly learning on the real robot.",https://ieeexplore.ieee.org/document/9981422/
88,Incremental Learning of Robotic Manipulation Tasks through Virtual Reality Demonstrations,IROS,2024,"We propose an incremental, modular, and extensible method for learning robotic manipulation tasks using a limited number of demonstrations provided in Virtual Reality, while assuming minimal prior information about the objects to be manipulated. The developed framework enables an incremental training process in which the operator first demonstrates specialized tasks to the robotic system, and subsequently more complex tasks, exploiting the skills learned during the previous phases. We illustrate and discuss the method at work considering picking tasks performed by manipulators equipped with multi-fingered sensorized hands. The experimental evaluation highlights the feasibility and advantage of the proposed method, particularly in terms of modularity, low number of demonstrations, and reliability of the trained system.",https://ieeexplore.ieee.org/document/10802774/
89,Fine Manipulation Using a Tactile Skin: Learning in Simulation and Sim-to-Real Transfer,IROS,2024,"We want to enable fine manipulation with a multi-fingered robotic hand by using modern deep reinforcement learning methods. Key for fine manipulation is a spatially resolved tactile sensor. Here, we present a novel model of a tactile skin that can be used together with rigid-body (hence fast) physics simulators. The model considers the softness of the real fingertips such that a contact can spread across multiple taxels of the sensor depending on the contact geometry. We calibrate the model parameters to allow for an accurate simulation of the real-world sensor. For this, we present a self-contained calibration method without external tools or sensors. To demonstrate the validity of our approach, we learn two challenging fine manipulation tasks: Rolling a marble and a bolt between two fingers. We show in simulation experiments that tactile feedback is crucial for precise manipulation and reaching sub-taxel resolution of <1 mm (despite a taxel spacing of 4 mm). Moreover, we demonstrate that all policies successfully transfer from the simulation to the real robotic hand.Website: aidx-lab.org/skin/iros24",https://arxiv.org/pdf/2409.12735.pdf
90,BaRiFlex: A Robotic Gripper with Versatility and Collision Robustness for Robot Learning,IROS,2024,"We present a new approach to robot hand design specifically suited to enable robot learning methods and daily tasks in human environments. We introduce BaRiFlex, an innovative gripper design that alleviates the issues caused by unexpected contact and collisions during robot learning, offering collision mitigation, grasping versatility, task versatility, and simplicity to the learning processes. This achievement is enabled by the incorporation of low-inertia actuators, providing high Back-drivability, and the strategic combination of Rigid and Flexible materials which enhances versatility and the gripper’s resilience against unpredicted collisions. Furthermore, the integration of flexible Fin-Ray and rigid linkages allows the gripper to execute compliant grasping and precise pinching. We conducted rigorous performance tests to characterize the novel gripper’s compliance, durability, grasping and task versatility, and precision. We also integrated the BaRiFlex with a 7 Degree of Freedom (DoF) Franka Emika’s Panda robotic arm to evaluate its capacity to support a trial-and-error (reinforcement learning) training procedure. The results of our experimental study are then compared to those obtained using the original rigid Franka Hand and a reference Fin-Ray soft gripper, demonstrating the superior capabilities and advantages of our developed gripper system. More information and videos at https://robin-lab.cs.utexas.edu/bariflex",https://arxiv.org/pdf/2312.05323.pdf
91,Iterative Reference Learning for Cartesian Impedance Control of Robot Manipulators,IROS,2024,"In this paper, an iterative learning strategy was developed to improve trajectory tracking for an impedance-controlled robot manipulator. In this learning strategy, an update law was proposed to modify the Cartesian reference of an impedance controller. Also, the conditions that ensure its convergence considering the dynamics of the robot were derived. Finally, an experimental evaluation was performed using a Franka Emika Panda robot in two different robot tasks, and its results showed that robot task completion was achieved in a lower number of iterations, while maintaining a smooth physical interaction between the robot and its surroundings.",https://ieeexplore.ieee.org/document/10801796/
92,Real-time Dexterous Telemanipulation with an End-Effect-Oriented Learning-based Approach,IROS,2024,"Dexterous telemanipulation is crucial in advancing human-robot systems, especially in tasks requiring precise and safe manipulation. However, it faces significant challenges due to the physical differences between human and robotic hands, the dynamic interaction with objects, and the indirect control and perception of the remote environment. Current approaches predominantly focus on mapping the human hand onto robotic counterparts to replicate motions, which exhibits a critical oversight: it often neglects the physical interaction with objects and relegates the interaction burden to the human to adapt and make laborious adjustments in response to the indirect and counter-intuitive observation of the remote environment. This work develops an End-Effects-Oriented Learning-based Dexterous Telemanipulation (EFOLD) framework to address telemanipulation tasks. EFOLD models telemanipulation as a Markov Game, introducing multiple end-effect features to interpret the human operator’s commands during interaction with objects. These features are used by a Deep Reinforcement Learning policy to control the robot and reproduce such end effects. EFOLD was evaluated with real human subjects and two end-effect extraction methods for controlling a virtual Shadow Robot Hand in telemanipulation tasks. EFOLD achieved real-time control capability with low command following latency (delay<0.11s) and highly accurate tracking (MSE<0.084 rad).",https://arxiv.org/pdf/2408.00853.pdf
93,A Cascaded Broad Learning System for Manipulator Motion Control,IROS,2024,"Intelligent control methods have led to a significant simplification of the robotic arm modeling and control tuning process, and thus they have been widely used. To further improve the precision of robotic arm motion control, this paper proposes a robotic arm motion control strategy based on a cascaded feature-enhanced elastic-net broad learning system (CFE-EN-BLS). This will fully extract data features to improve motion control accuracy. Moreover, ElasticNet regression is introduced to reduce feature redundancy. Finally, Lyapunov stability theory is introduced to constrain the learning parameters of the proposed learning method to enhance the convergence of the control strategy. The simulation and experiment show that the proposed control strategy can realize high-precision trajectory tracking control of the robotic arm.",https://ieeexplore.ieee.org/document/10802175/
94,Learning Bimanual Manipulation Policies for Bathing Bed-bound People,IROS,2024,"Assistive robots hold promise in enhancing the quality of life for older adults and people with mobility impairments in daily bed bathing routines. When providing bathing assistance to bed-bound people, human caregivers often support the joints when lifting the arms and legs to properly wash and dry occluded areas. This research introduces a novel approach to robotic bed bathing manipulation, where a bimanual robot learns to lift a target limb while controlling a cleaning tool to bath the surface within safe force bounds. To ensure safe, cooperative bath manipulation, our work combines Multi-Agent Reinforcement Learning (MARL) framework with a variable impedance action space enabling adaptive interaction with the environment and carefully-designed reward functions regulating contact force on the human body. Simulation results demonstrate improved bathing area coverage compared to unimanual models and exhibit great adaptability to contact-rich interaction within a safe force boundary. We validate our approach across various human body sizes, showcasing its generalizability. We also transfer our models to a physical Baxter robot bathing a medical-grade manikin. We further incorporate a force tracking controller with the trained models to enhance adaptation to noisy real-world bathing scenarios. To the best of our knowledge, this is the first robot-assisted bed bathing application that performs autonomous bathing around the human body using bimanual robot arms.",https://ieeexplore.ieee.org/document/10801478/
95,On Learning Scene-aware Generative State Abstractions for Task-level Mobile Manipulation Planning,IROS,2024,"Task and motion planning (TAMP) is a promising approach for efficient long-horizon manipulation planning, which is a prerequisite for being able to deploy manipulation systems in human-centered environments at scale. TAMP systems often rely on so-called predicates to abstractly describe the world. Today, predicates and their groundings are often hand-engineered. Furthermore, robot action parameterizations required to fulfill desired predicates are typically discovered by sampling naively or using oracles (again hand-engineered). We aim to automate predicate discovery and grounding with a system that learns to classify the state of predicates in a set of scenes while concurrently learning to generate scene configurations that fulfill the desired predicates. Our results show that high classification accuracies and generation success rates can be achieved with architectures based on multi-layer perceptrons (MLPs) and graph neural networks (GNNs) that are trained on bounding box as well as point cloud-based features in a Generative Adversarial Network (GAN)-inspired fashion, decisively outperforming both decision tree and uniform sampler baselines. The integration of our framework into a TAMP system demonstrates its positive impact on solving mobile manipulation tasks. A reference implementation of our method and data are available at https://github.com/ethzasl/predicate_learning.",https://ieeexplore.ieee.org/document/10802285/
96,ActNeRF: Uncertainty-aware Active Learning of NeRF-based Object Models for Robot Manipulators using Visual and Re-orientation Actions,IROS,2024,"Manipulating unseen objects is challenging without a 3D representation, as objects generally have occluded surfaces. This requires physical interaction with objects to build their internal representations. This paper presents an approach that enables a robot to rapidly learn the complete 3D model of a given object for manipulation in unfamiliar orientations. We use an ensemble of partially constructed NeRF models to quantify model uncertainty to determine the next action (a visual or re-orientation action) by optimizing informativeness and feasibility. Further, our approach determines when and how to grasp and re-orient an object given its partial NeRF model and re-estimates the object pose to rectify misalignments introduced during the interaction. Experiments with a simulated Franka Emika Robot Manipulator operating in a tabletop environment with benchmark objects demonstrate an improvement of (i) 14% in visual reconstruction quality (PSNR), (ii) 20% in the geometric/depth reconstruction of the object surface (F-score) and (iii) 71% in the task success rate of manipulating objects a-priori unseen orientations/stable configurations in the scene; over current methods. The project page can be found at https://actnerf.github.io/",https://ieeexplore.ieee.org/document/10801767/
97,Safe multi-agent reinforcement learning for bimanual dexterous manipulation,IROS,2024,"Bimanual dexterous manipulation in robotics, essential for a wide range of applications, addresses the critical challenge of balancing intricate operational capabilities with assured safety and reliability. While Safe Reinforcement Learning is integral to the robustness of robotic systems, the area of safe multi-agent reinforcement learning (MARL), cooperative control of multiple robots has been scarcely studied. In this study, we explore MARL for safe cooperative control with multiple robot hands. Each robot must follow individual and collective safety guidelines to ensure safe team actions. However, the non-stationarity inherent in current algorithms hinders the precise updating of strategies to satisfy these safety constraints effectively. In this paper, we propose Multi-Agent Constrained Proximal Advantage Optimization (MAC-PAO), which considers the sequence of agent updates and integrates non-stationarity into sequential update schemes. This algorithm ensures consistent improvement in both rewards and adherence to safety constraints in each iteration. We tested MACPAO on various tasks with safety constraints and demonstrated that it outperforms other MARL algorithms in balancing reward enhancement and safety compliance. Supplementary materials and code are available at the provided link https://github.com/YONEX4090/MultiSafeHand.git.",https://ieeexplore.ieee.org/document/10801490/
98,Robot Generating Data for Learning Generalizable Visual Robotic Manipulation,IROS,2024,"It has been a popular trend in AI to pretrain foundation models on massive data. However, collecting sufficient offline training trajectories for robot learning is particularly expensive since valid control actions are required. Therefore, most existing robotic datasets are collected from human experts. We tackle such a data collection issue with a new framework called ""robot self-teaching"", which asks the robot to self-generate effective training data instead of relying on human demonstrators. Our key idea is to train a separate data-generation policy operating on the state space to automatically generate meaningful actions and trajectories with ever-growing complexities. Then, these generated data can be further used to train a visual policy with strong compositional generalization capabilities. We validate our framework in two visual manipulation testbeds, including a multi-object stacking domain and a popular RL benchmark ""Franka kitchen"". Experiments show that the final visual policy trained on self-generated data can accomplish novel testing goals that require long-horizon robot executions. Project website https://sites.google.com/view/robot-self-teaching.",https://ieeexplore.ieee.org/document/10801742/
99,A Novel Obstacle-Avoidance Solution With Non-Iterative Neural Controller for Joint-Constrained Redundant Manipulators,IROS,2023,"Obstacle avoidance (OA) and joint-limit avoidance (JLA) are essential for redundant manipulators to ensure safe and reliable robotic operations. One solution to OA and JLA is to incorporate the involved constraints into a quadratic programming (QP), by solving which OA and JLA can be achieved. There exist a few non-iterative solvers such as zeroing neural networks (ZNNs), which can solve each sampled QP problem using only one iteration, yet no solution is suitable for OA and JLA due to the absence of some derivative information. To tackle these issues, this paper proposes a novel solution with a non-iterative neural controller termed NCP-ZNN for joint-constrained redundant manipulators. Unlike iterative methods, the neural controller involving derivative information proposed in this paper possesses some positive features including non-iterative computing and convergence with time. In this paper, the reestablished OA-JLA scheme is first introduced. Then, the design details of the neural controller are presented. After that, some comparative simulations based on a PA10 robot and an experiment based on a Franka Emika Panda robot are conducted, demonstrating that the proposed neural controller is more competent in OA and JLA.",https://ieeexplore.ieee.org/document/10342293/
100,AdaptiGraph: Material-Adaptive Graph-Based Neural Dynamics for Robotic Manipulation,RSS,2024,Predictive models are a crucial component of many robotic systems. Yet; constructing accurate predictive models for a variety of deformable objects; especially those with unknown physical properties; remains a significant challenge. This paper introduces AdaptiGraph; a learning-based dynamics modeling approach that enables robots to predict; adapt to; and control a wide array of challenging deformable materials with unknown physical properties. AdaptiGraph leverages the highly flexible graph-based neural dynamics (GBND) framework; which represents material bits as particles and employs a graph neural network (GNN) to predict particle motion. Its key innovation is a unified physical property-conditioned GBND model capable of predicting the motions of diverse materials with varying physical properties without retraining. Upon encountering new materials during online deployment; AdaptiGraph utilizes a physical property optimization process for a few-shot adaptation of the model; enhancing its fit to the observed interaction data. The adapted models can precisely simulate the dynamics and predict the motion of various deformable materials; such as ropes; granular media; rigid boxes; and cloth; while adapting to different physical properties; including stiffness; granular size; and center of pressure. On prediction and manipulation tasks involving a diverse set of real-world deformable objects; our method exhibits superior prediction accuracy and task proficiency over non-material-conditioned and non-adaptive models.,https://www.roboticsproceedings.org/rss20/p010.pdf
101,Human-oriented Representation Learning for Robotic Manipulation,RSS,2024,Humans inherently possess generalizable visual representations that empower them to efficiently explore and interact with the environments in manipulation tasks. We advocate that such a representation automatically arises from simultaneously learning about multiple simple perceptual skills that are critical for everyday scenarios (e.g.; hand detection; state estimate; etc.) and is better suited for learning robot manipulation policies compared to current state-of-the-art visual representations purely based on self-supervised objectives. We formalize this idea through the lens of human-oriented multi-task fine-tuning on top of pre-trained visual encoders; where each task is a perceptual skill tied to human-environment interactions. We introduce Task Fusion Decoder as a plug-and-play embedding translator that utilizes the underlying relationships among these perceptual skills to guide the representation learning towards encoding meaningful structure for what’s important for all perceptual skills; ultimately empowering learning of downstream robotic manipulation tasks. Extensive experiments across a range of robotic tasks and embodiments; in both simulations and real-world environments; show that our Task Fusion Decoder consistently improves the representation of three state-of-the-art visual encoders including R3M; MVP; and EgoVLP; for downstream manipulation policy-learning. More demos; datasets; models; and code can be found at <>.,https://www.roboticsproceedings.org/rss20/p011.pdf
102,RVT-2: Learning Precise Manipulation from Few Demonstrations,RSS,2024,In this work; we study how to build a robotic system that can solve multiple 3D manipulation tasks given language instructions. To be useful in industrial and household domains; such a system should be capable of learning new tasks with few demonstrations and solving them precisely. Prior works; like PerAct and RVT; have studied this problem; however; they often struggle with tasks requiring high precision. We study how to make them more effective; precise; and fast. Using a combination of architectural and system-level improvements; we propose RVT-2; a multitask 3D manipulation model that is 6X faster in training and 2X faster in inference than its predecessor RVT. RVT-2 achieves a new state-of-the-art on RLBench; improving the success rate from 65% to 82%. RVT-2 is also effective in the real world; where it can learn tasks requiring high precision; like picking up and inserting plugs; with just 10 demonstrations. Visual results; code; and trained model are provided at: https://robotic-view-transformer-2.github.io/.,https://www.roboticsproceedings.org/rss20/p055.pdf
103,Pushing the Limits of Cross-Embodiment Learning for Manipulation and Navigation,RSS,2024,Recent years in robotics and imitation learning have shown remarkable progress in training large-scale foundation models by leveraging data across a multitude of embodiments. The success of such policies might lead us to wonder: just how diverse can the robots in the training set be while still facilitating positive transfer? In this work; we study this question in the context of heterogeneous embodiments; examining how even seemingly very different domains such as robotic navigation and manipulation can provide benefits when included in the training data for the same model. We train a single goal-conditioned policy that is capable of controlling a robotic arm; quadcopter; quadruped; and mobile base. We then investigate the extent to which transfer can occur across navigation and manipulation by framing them as a single goal-reaching task. In particular; we find that co-training with navigation data can enhance robustness and performance in goal-conditioned manipulation with a wrist-mounted camera. We then deploy our policy trained only from navigation-only and static manipulation-only data on a mobile manipulator; showing that it can control a similar but novel embodiment in a zero-shot manner. These results provide evidence that large-scale robotic policies can benefit from data collected across a wide variety of embodiments.,https://www.roboticsproceedings.org/rss20/p093.pdf
104,Construction of a Multiple-DOF Underactuated Gripper with Force-Sensing via Deep Learning,RSS,2024,Under-actuated robotic grippers; regarded as critical components of robotic grasping; have attracted considerable attention. However; existing under-actuated grippers emerge with several primary issues; including low payload; insufficient force sensing; small grasping force; weak grasping stability as well as high cost; hindering widespread applications. Some of these grippers can only implement a single grasping mode; thereby imposing restrictions on dimensional ranges of objects. To well relieve all relevant research gaps; we present a novel under-actuated gripper with two 3-joint fingers; which realizes force feedback control by the deep learning technique- Long Short-Term Memory (LSTM) model; without any force sensor. First; a five-linkage mechanism stacked by double four-linkages is designed as a finger to automatically achieve the transformation between parallel and enveloping grasping modes. This enables the creation of a low-cost under-actuated gripper comprising a single actuator and two 3-phalange fingers. Second; we devise theoretical models of kinematics and power transmission based on the proposed gripper; accurately obtaining fingertip positions and contact forces. Through coupling and decoupling of five-linkage mechanisms; the proposed gripper offers the expected capabilities of grasping payload/force/stability and objects with large dimension ranges. Third; to realize the force control; an LSTM model is proposed to determine the grasping mode for synthesizing force-feedback control policies that exploit contact sensing after outlining the uncertainty of currents using a statistical method. Finally; a series of experiments are implemented to measure quantitative indicators; such as the payload; grasping force; force sensing; grasping stability and the dimension ranges of objects to be grasped. Additionally; the grasping performance of the proposed gripper is verified experimentally to guarantee the high versatility and robustness of the proposed gripper. A very promising strategy combining mechanism design and artificial intelligence (AI) technology will be highly impactful on the construction of robotic grippers. A uploaded video in YouTube: https://youtu.be/TDyCUtxnePQ.,https://www.roboticsproceedings.org/rss20/p101.pdf
105,Learning Manipulation by Predicting Interaction,RSS,2024,Representation learning approaches for robotic manipulation have boomed in recent years. Due to the scarcity of in-domain robot data; prevailing methodologies tend to leverage large-scale human video datasets to extract generalizable features for visuomotor policy learning. Despite the progress achieved; prior endeavors disregard the interactive dynamics that capture behavior patterns and physical interaction during the manipulation process; resulting in an inadequate understanding of the relationship between objects and the environment. To this end; we propose a general pre-training pipeline that learns Manipulation by Predicting the Interaction (MPI) and enhances the visual representation. Given a pair of keyframes representing the initial and final states; along with language instructions; our algorithm predicts the transition frame and detects the interaction object; respectively. These two learning objectives achieve superior comprehension towards “how-to-interact” and “where-to-interact”. We conduct a comprehensive evaluation of four challenging robotic tasks. The experimental results demonstrate that MPI exhibits remarkable improvement by 10% to 64% compared with previous state-of-the-art in real-world robot platforms as well as simulation environments. Code and checkpoints are  publicly shared at https://github.com/OpenDriveLab/MPI.,https://www.roboticsproceedings.org/rss20/p123.pdf
106,Tilde: Teleoperation for Dexterous In-Hand Manipulation Learning with a DeltaHand,RSS,2024,Dexterous robotic manipulation remains a challenging domain due to its strict demands for precision and robustness on both hardware and software. While dexterous robotic hands have demonstrated remarkable capabilities in complex tasks; efficiently learning adaptive control policies for hands still presents a significant hurdle given the high dimensionalities of hands and tasks. To bridge this gap; we propose Tilde; an imitation learning-based in-hand manipulation system on a dexterous DeltaHand. It leverages 1) a low-cost; configurable; simple-to-control; soft dexterous robotic hand; DeltaHand; 2) a user-friendly; precise; real-time teleoperation interface; TeleHand; and 3) an efficient and generalizable imitation learning approach with diffusion policies. Our proposed TeleHand has a kinematic twin design to the DeltaHand that enables precise one-to-one joint control of the DeltaHand during teleoperation. This facilitates efficient high-quality data collection of human demonstrations in the real world. To evaluate the effectiveness of our system; we demonstrate the fully autonomous closed-loop deployment of diffusion policies learned from demonstrations across seven dexterous manipulation tasks with an average 90\% success rate.,https://www.roboticsproceedings.org/rss20/p128.pdf
107,One-Shot Imitation Learning with Invariance Matching for Robotic Manipulation,RSS,2024,Learning a single universal policy that can perform a diverse set of manipulation tasks is a promising new direction in robotics. However; existing techniques are limited to learning policies that can only perform tasks that are encountered during training; and require a large number of demonstrations to learn new tasks. Humans; on the other hand; often can learn a new task from a single unannotated demonstration. In this work; we propose the Invariance-Matching One-shot Policy Learning (IMOP) algorithm. In contrast to the standard practice of learning the end-effector’s pose directly; IMOP first learns invariant regions of the state space for a given task; and then computes the end-effector’s pose through matching the invariant regions between demonstrations and test scenes. Trained on the 18 RLBench tasks; IMOP achieves a success rate that outperforms the state- of-the-art consistently; by 4.5% on average over the 18 tasks. More importantly; IMOP can learn a novel task from a single unannotated demonstration; and without any fine-tuning; and achieves an average success rate improvement of 11.5% over the state-of-the-art on 22 novel tasks selected across nine categories. IMOP can also generalize to new shapes and learn to manipulate objects that are different from those in the demonstration. Further; IMOP can perform one-shot sim-to-real transfer using a single real-robot demonstration.,https://www.roboticsproceedings.org/rss20/p134.pdf
108,Learning Fine-Grained Bimanual Manipulation with Low-Cost Hardware,RSS,2023,Fine manipulation tasks; such as threading cable ties or slotting a battery; are notoriously difficult for robots because they require precision; careful coordination of contact forces; and closed-loop visual feedback. Performing these tasks typically requires high-end robots; accurate sensors; or careful calibration; which can be expensive and difficult to set up. Can learning enable low-cost and imprecise hardware to perform these fine manipulation tasks? We present a low-cost system that performs end-to-end imitation learning directly from real demonstrations; collected with a custom teleoperation interface. Imitation learning; however; presents its own challenges; particularly in high-precision domains: the error of the policy can compound over time; drifting out of the training distribution. To address this challenge; we develop a simple yet novel algorithm Action Chunking with Transformers (ACT) which reduces the effective horizon by predicting actions in chunks. This allows us to learn difficult tasks such as opening a translucent condiment cup and slotting a battery with 80-90% success; with only 10 minutes worth of demonstration data. Project website: https://tonyzhaozh.github.io/aloha/,https://www.roboticsproceedings.org/rss19/p016.pdf
109,Sampling-based Exploration for Reinforcement Learning of Dexterous Manipulation,RSS,2023,In this paper; we present a novel method for achieving dexterous manipulation of complex objects; while simultaneously securing the object without the use of passive support surfaces. We posit that a key difficulty for training such policies in a Reinforcement Learning framework is the difficulty of exploring the problem state space; as the accessible regions of this space form a complex structure along manifolds of a high-dimensional space. To address this challenge; we use two versions of the non-holonomic Rapidly-Exploring Random Trees algorithm; one version is more general; but requires explicit use of the environment’s transition function; while the second version uses manipulation-specific kinematic constraints to attain better sample efficiency. In both cases; we use states found via sampling-based exploration to generate reset distributions that enable training control policies under full dynamic constraints via model-free Reinforcement Learning. We show that these policies are effective at manipulation problems of higher difficulty than previously shown; and also transfer effectively to real robots.,https://www.roboticsproceedings.org/rss19/p020.pdf
110,Deep RL at Scale: Sorting Waste in Office Buildings with a Fleet of Mobile Manipulators,RSS,2023,"We describe a system for deep reinforcement learning of robotic manipulation skills applied to a large-scale real-world task: sorting recyclables and trash in office buildings. Real-world deployment of deep RL policies requires not only effective training algorithms; but the ability to bootstrap real-world training and enable broad generalization. To this end; our system combines scalable deep RL from real-world data with bootstrapping from training in simulation; and incorporates auxiliary inputs from existing computer vision systems as a way to boost generalization to novel objects; while retaining the benefits of end-to-end training. We analyze the tradeoffs of different design decisions in our system; and present a large-scale empirical validation that includes training on real-world data gathered over the course of 24
months of experimentation; across a fleet of 23 robots in three office buildings; with a total training set of 9527 hours of robotic experience. Our final validation also consists of 4800 evaluation trials across 240 waste station configurations; in order to evaluate in detail the impact of the design decisions in our system; the scaling effects of including more real-world data; and the performance of the method on novel objects.",https://www.roboticsproceedings.org/rss19/p022.pdf
111,Dynamic-Resolution Model Learning for Object Pile Manipulation,RSS,2023,Dynamics models learned from visual observations have shown to be effective in various robotic manipulation tasks. One of the key questions for learning such dynamics models is what scene representation to use. Prior works typically assume representation at a fixed dimension or resolution; which may be inefficient for simple tasks and ineffective for more complicated tasks. In this work; we investigate how to learn dynamic and adaptive representations at different levels of abstraction to achieve the optimal trade-off between efficiency and effectiveness. Specifically; we construct dynamic-resolution particle representations of the environment and learn a unified dynamics model using graph neural networks (GNNs) that allows continuous selection of the abstraction level. During test time; the agent can adaptively determine the optimal resolution at each model-predictive control (MPC) step. We evaluate our method in object pile manipulation; a task we commonly encounter in cooking; agriculture; manufacturing; and pharmaceutical applications. Through comprehensive evaluations both in the simulation and the real world; we show that our method achieves significantly better performance than state-of-the-art fixed-resolution baselines at the gathering; sorting; and redistribution of granular object piles made with various instances like coffee beans; almonds; corn; etc.,https://www.roboticsproceedings.org/rss19/p047.pdf
112,Untangling Dense Non-Planar Knots by Learning Manipulation Features and Recovery Policies,RSS,2021,Robot manipulation for untangling 1D deformable structures such as ropes; cables; and wires is challenging due to their infinite dimensional configuration space; complex dynamics; and tendency to self-occlude. Analytical controllers often fail in the presence of dense configurations; due to the difficulty of grasping between adjacent cable segments. We present two algorithms that enhance robust cable untangling; LOKI and SPiDERMan; which operate alongside HULK; a high-level planner from prior work. LOKI uses a learned model of manipulation features to refine a coarse grasp keypoint prediction to a precise; optimized location and orientation; while SPiDERMan uses a learned model to sense task progress and apply recovery actions. We evaluate these algorithms in physical cable untangling experiments with 336 knots and over 1500 actions on real cables using the da Vinci surgical robot. We find that the combination of HULK; LOKI; and SPiDERMan is able to untangle dense overhand; figure-eight; double-overhand; square; bowline; granny; stevedore; and triple-overhand knots. The composition of these methods successfully untangles a cable from a dense initial configuration in 68.3% of 60 physical experiments and achieves 50% higher success rates than baselines from prior work. Supplementary material; code; and videos can be found athttps://tinyurl.com/rssuntangling.,https://www.roboticsproceedings.org/rss17/p013.pdf
113,Deep Differentiable Grasp Planner for High-DOF Grippers,RSS,2020,We present an end-to-end algorithm for training deep neural networks to grasp novel objects. Our algorithm builds all the essential components of a grasping system using a forward-backward automatic differentiation approach; including the forward kinematics of the gripper; the collision between the gripper and the target object; and the metric for grasp poses. In particular; we show that a generalized Q1 grasp metric is defined and differentiable for inexact grasps generated by a neural network; and the derivatives of our generalized Q1 metric can be computed from a sensitivity analysis of the induced optimization problem. We show that the derivatives of the (self-)collision terms can be efficiently computed from a watertight triangle mesh of low-quality. Altogether; our algorithm allows for the computation of grasp poses for high-DOF grippers in an unsupervised mode with no ground truth data; or it improves the results in a supervised mode using a small dataset. Our new learning algorithm significantly simplifies the data preparation for learning-based grasping systems and leads to higher qualities of learned grasps on common 3D shape datasets [7; 49; 26; 25]; achieving a 22% higher success rate on physical hardware and a 0.12 higher value on the Q1 grasp quality metric.,https://www.roboticsproceedings.org/rss16/p066.pdf
114,Concept2Robot: Learning Manipulation Concepts from Instructions and Human Demonstrations,RSS,2020,We aim to endow a robot with the ability to learn manipulation concepts that link natural language instructions to motor skills. Our goal is to learn a single multi-task policy that takes as input a natural language instruction and an image of the initial scene and outputs a robot motion trajectory to achieve the specified task. This policy has to generalize over different instructions and environments. Our insight is that we can approach this problem through Learning from Demonstration by leveraging large-scale video datasets of humans performing manipulation actions. Thereby; we avoid more time-consuming processes such as teleoperation or kinesthetic teaching. We also avoid having to manually design task-specific rewards. We propose a two-stage learning process where we first learn single-task policies through reinforcement learning. The reward is provided by scoring how well the robot visually appears to perform the task. This score is given by a video-based action classifier trained on a large-scale human activity dataset. In the second stage; we train a multi-task policy through imitation learning to imitate all the single-task policies. In extensive simulation experiments; we show that the multi-task policy learns to perform a large percentage of the 78 different manipulation tasks on which it was trained. The tasks are of greater variety and complexity than previously considered robot manipulation tasks. We show that the policy generalizes over variations of the environment. We also show examples of successful generalization over novel but similar instructions.,https://www.roboticsproceedings.org/rss16/p082.pdf
115,Learning a Decentralized Multi-Arm Motion Planner,CoRL,2020,We present a closed-loop multi-arm motion planner that is scalable and flexible with team size. Traditional multi-arm robotic systems have relied on centralized motion planners; whose run times often scale exponentially with team size; and thus; fail to handle dynamic environments with open-loop control. In this paper; we tackle this problem with multi-agent reinforcement learning; where a shared policy network is trained to control each individual robot arm to reach its target end-effector pose given observations of its workspace state and target end-effector pose. The policy is trained using Soft Actor-Critic with expert demonstrations from a sampling-based motion planning algorithm (i.e.; BiRRT). By leveraging classical planning algorithms; we can improve the learning efficiency of the reinforcement learning algorithm while retaining the fast inference time of neural networks. The resulting policy scales sub-linearly and can be deployed on multi-arm systems with variable team sizes. Thanks to the closed-loop and decentralized formulation; our approach generalizes to 5-10 multiarm systems and dynamic moving targets (>90% success rate for a 10-arm system); despite being trained on only 1-4 arm planning tasks with static targets.,https://proceedings.mlr.press/v155/ha21a/ha21a.pdf
116,Learning 3D Dynamic Scene Representations for Robot Manipulation,CoRL,2020,3D scene representation for robot manipulation should capture three key object properties: permanency - objects that become occluded over time continue to exist; amodal completeness - objects have 3D occupancy; even if only partial observations are available; spatiotemporal continuity - the movement of each object is continuous over space and time. In this paper; we introduce 3D Dynamic Scene Representation (DSR); a 3D volumetric scene representation that simultaneously discovers; tracks; reconstructs objects; and predicts their dynamics while capturing all three properties. We further propose DSR-Net; which learns to aggregate visual observations over multiple interactions to gradually build and refine DSR. Our model achieves state-of-the-art performance in modeling 3D scene dynamics with DSR on both simulated and real data. Combined with model predictive control; DSR-Net enables accurate planning in downstream robotic manipulation tasks such as planar pushing. Code and data are available at dsr-net.cs.columbia.edu.,https://proceedings.mlr.press/v155/xu21b/xu21b.pdf
117,Learning Object Manipulation Skills via Approximate State Estimation from Real Videos,CoRL,2020,Humans are adept at learning new tasks by watching a few instructional videos. On the other hand; robots that learn new actions either require a lot of effort through trial and error; or use expert demonstrations that are challenging to obtain. In this paper; we explore a method that facilitates learning object manipulation skills directly from videos. Leveraging recent advances in 2D visual recognition and differentiable rendering; we develop an optimization based method to estimate a coarse 3D state representation for the hand and the manipulated object(s) without requiring any supervision. We use these trajectories as dense rewards for an agent that learns to mimic them through reinforcement learning. We evaluate our method on simple single- and two-object actions from the Something-Something dataset. Our approach allows an agent to learn actions from single videos; while watching multiple demonstrations makes the policy more robust. We show that policies learned in a simulated environment can be easily transferred to a real robot.,https://proceedings.mlr.press/v155/petrik21a/petrik21a.pdf
118,SoftGym: Benchmarking Deep Reinforcement Learning for Deformable Object Manipulation,CoRL,2020,Manipulating deformable objects has long been a challenge in robotics due to its high dimensional state representation and complex dynamics. Recent success in deep reinforcement learning provides a promising direction for learning to manipulate deformable objects with data driven methods. However; existing reinforcement learning benchmarks only cover tasks with direct state observability and simple low-dimensional dynamics or with relatively simple image-based environments; such as those with rigid objects. In this paper; we present SoftGym; a set of open-source simulated benchmarks for manipulating deformable objects; with a standard OpenAI Gym API and a Python interface for creating new environments. Our benchmark will enable reproducible research in this important area. Further; we evaluate a variety of algorithms on these tasks and highlight challenges for reinforcement learning algorithms; including dealing with a state representation that has a high intrinsic dimensionality and is partially observable. The experiments and analysis indicate the strengths and limitations of existing methods in the context of deformable object manipulation that can help point the way forward for future methods development.,https://proceedings.mlr.press/v155/lin21a/lin21a.pdf
119,Motion Planner Augmented Reinforcement Learning for Robot Manipulation in Obstructed Environments,CoRL,2020,Deep reinforcement learning (RL) agents are able to learn contact-rich manipulation tasks by maximizing a reward signal; but require large amounts of experience; especially in environments with many obstacles that complicate exploration. In contrast; motion planners use explicit models of the agent and environment to plan collision-free paths to faraway goals; but suffer from inaccurate models in tasks that require contacts with the environment. To combine the benefits of both approaches; we propose motion planner augmented RL (MoPA-RL) which augments the action space of an RL agent with the long-horizon planning capabilities of motion planners. Based on the magnitude of the action; our approach smoothly transitions between directly executing the action and invoking a motion planner. We evaluate our approach on various simulated manipulation tasks and compare it to alternative action spaces in terms of learning efficiency and safety. The experiments demonstrate that MoPA-RL increases learning efficiency; leads to a faster exploration; and results in safer policies that avoid collisions with the environment. Videos and code are available at https://clvrai.com/mopa-rl.,https://proceedings.mlr.press/v155/yamada21a/yamada21a.pdf
120,Learning to Compose Hierarchical Object-Centric Controllers for Robotic Manipulation,CoRL,2020,Manipulation tasks can often be decomposed into multiple subtasks performed in parallel; e.g.; sliding an object to a goal pose while maintaining contact with a table.  Individual subtasks can be achieved by task-axis controllers defined relative to the objects being manipulated; and a set of object-centric controllers can be combined in an hierarchy. In prior works; such combinations are defined manually or learned from demonstrations. By contrast; we propose using reinforcement learning to dynamically compose hierarchical object-centric controllers for manipulation tasks. Experiments in both simulation and real world show how the proposed approach leads to improved sample efficiency; zero-shot generalization to novel test environments; and simulation-to-reality transfer without fine-tuning.,https://proceedings.mlr.press/v155/sharma21a/sharma21a.pdf
121,Learning Dexterous Manipulation from Suboptimal Experts,CoRL,2020,Learning dexterous manipulation in high-dimensional state-action spaces is an important open challenge with exploration presenting a major bottleneck. Although in many cases the learning process could be guided by demonstrations or other suboptimal experts; current RL algorithms for continuous action spaces often fail to effectively utilize combinations of highly off-policy expert data and on-policy exploration data. As a solution; we introduce Relative Entropy Q-Learning (REQ); a simple policy iteration algorithm that combines ideas from successful offline and conventional RL algorithms. It represents the optimal policy via importance sampling from a learned prior and is well-suited to take advantage of mixed data distributions. We demonstrate experimentally that REQ outperforms several strong baselines on robotic manipulation tasks for which suboptimal experts are available. We show how suboptimal experts can be constructed effectively by composing simple waypoint tracking controllers; and we also show how learned primitives can be combined with waypoint controllers to obtain reference behaviors to bootstrap a complex manipulation task on a simulated bimanual robot with human-like hands. Finally; we show that REQ is also effective for general off-policy RL; offline RL; and RL from demonstrations.,https://proceedings.mlr.press/v155/jeong21a/jeong21a.pdf
122,Self-Supervised Learning of Scene-Graph Representations for Robotic Sequential Manipulation Planning,CoRL,2020,"We present a self-supervised representation learning approach for visual reasoning and integrate it into a nonlinear program formulation for motion optimization to tackle sequential manipulation tasks. Such problems have usually been addressed by combined task and motion planning approaches; for which spatial relations and logical rules that rely on symbolic representations have to be predefined by the user. We propose to learn relational structures by leveraging visual perception to alleviate the resulting knowledge acquisition bottleneck. In particular; we learn constructing {\em scene-graphs}; that represent objects (“red box""); and their spatial relationships (‘yellow cylinder on red box""). This representation allows us to plan high-level discrete decisions effectively using graph search algorithms. We integrate the visual reasoning module with a nonlinear optimization method for robot motion planning and verify its feasibility on the classic blocks-world domain. Our proposed framework successfully finds the sequence of actions and enables the robot to execute feasible motion plans to realize the given tasks.",https://proceedings.mlr.press/v155/nguyen21b/nguyen21b.pdf
123,Multi-Level Structure vs. End-to-End-Learning in High-Performance Tactile Robotic Manipulation,CoRL,2020,In this paper we apply a multi-level structure to robotic manipulation learning. It consists of a hybrid dynamical system we denote skill and a parameter learning layer that leverages the underlying structure to simplify the problem at hand. For the learning layer we introduce a novel algorithm based on the idea of learning to partition the parameter solution space to quickly and efficiently find good and robust solutions to complex manipulation problems. In a benchmark comparison we show a significant performance increase compared with other black-box optimization algorithms such as HiREPS and particle swarm optimization. Furthermore; we validate and compare our approach on a very hard real-world manipulation problem; namely inserting a key into a lock; with state-of-the-art deep reinforcement learning.,https://proceedings.mlr.press/v155/voigt21a/voigt21a.pdf
124,A Differentiable Recipe for Learning Visual Non-Prehensile Planar Manipulation,CoRL,2021,Specifying tasks with videos is a powerful technique towards acquiring novel and general robot skills. However; reasoning over mechanics and dexterous interactions can make it challenging to scale visual learning for contact-rich manipulation. In this work; we focus on the problem of visual dexterous planar manipulation: given a video of an object in planar motion; find contact-aware robot actions that reproduce the same object motion. We propose a novel learning architecture that combines video decoding neural models with priors from contact mechanics by leveraging differentiable optimization and differentiable simulation. Through extensive simulated experiments; we investigate the interplay between traditional model-based techniques and modern deep learning approaches. We find that our modular and fully differentiable architecture outperforms learning-only methods on unseen objects and and motions. https://github.com/baceituno/dlm.,https://proceedings.mlr.press/v164/aceituno22a/aceituno22a.pdf
125,Structured deep generative models for sampling on constraint manifolds in sequential manipulation,CoRL,2021,Sampling efficiently on constraint manifolds is a core problem in robotics. We propose Deep Generative Constraint Sampling (DGCS); which combines a deep generative model for sampling close to a constraint manifold with nonlinear constrained optimization to project to the constraint manifold. The generative model is conditioned on the problem instance; taking a scene image as input; and it is trained with a dataset of solutions and a novel analytic constraint term. To further improve the precision and diversity of samples; we extend the approach to exploit a factorization of the constrained problem. We evaluate our approach in two problems of robotic sequential manipulation in cluttered environments. Experimental results demonstrate that our deep generative model produces diverse and precise samples and outperforms heuristic warmstart initialization.,https://proceedings.mlr.press/v164/ortiz-haro22a/ortiz-haro22a.pdf
126,Learning Models as Functionals of Signed-Distance Fields for Manipulation Planning,CoRL,2021,This work proposes an optimization-based manipulation planning framework where the objectives are learned functionals of signed-distance fields that represent objects in the scene. Most manipulation planning approaches rely on analytical models and carefully chosen abstractions/state-spaces to be effective. A central question is how models can be obtained from data that are not primarily accurate in their predictions; but; more importantly; enable efficient reasoning within a planning framework; while at the same time being closely coupled to perception spaces. We show that representing objects as signed-distance fields not only enables to learn and represent a variety of models with higher accuracy compared to point-cloud and occupancy measure representations; but also that SDF-based models are suitable for optimization-based planning. To demonstrate the versatility of our approach; we learn both kinematic and dynamic models to solve tasks that involve hanging mugs on hooks and pushing objects on a table. We can unify these quite different tasks within one framework; since SDFs are the common object representation.  Video: https://youtu.be/ga8Wlkss7co,https://proceedings.mlr.press/v164/driess22a/driess22a.pdf
127,Fully Autonomous Real-World Reinforcement Learning with Applications to Mobile Manipulation,CoRL,2021,We study how robots can autonomously learn skills that require a combination of navigation and grasping. Learning robotic skills in the real world remains challenging without large scale data collection and supervision. Our aim is to devise a robotic reinforcement learning system for learning navigation and manipulation together; in an autonomous way without human intervention; enabling continual learning under realistic assumptions. Specifically; our system; ReLMM; can learn continuously on a real-world platform without any environment instrumentation; without human intervention; and without access to privileged information; such as maps; objects positions; or a global view of the environment. Our method employs a modularized policy with components for manipulation and navigation; where uncertainty over the manipulation success drives exploration for the navigation controller; and the manipulation module provides rewards for navigation. We evaluate our method on a room cleanup task; where the robot must navigate to and pick up items of scattered on the floor. After a grasp curriculum training phase; ReLMM can learn navigation and grasping together fully automatically; in around 40 hours of real-world training.,https://proceedings.mlr.press/v164/sun22a/sun22a.pdf
128,Evaluations of the Gap between Supervised and Reinforcement Lifelong Learning on Robotic Manipulation Tasks,CoRL,2021,Overcoming catastrophic forgetting is of great importance for deep learning and robotics. Recent lifelong learning research has great advances in supervised learning. However; little work focuses on reinforcement learning(RL). We focus on evaluating the performances of state-of-the-art lifelong learning algorithms on robotic reinforcement learning tasks. We mainly focus on the properties of overcoming catastrophic forgetting for these algorithms. We summarize the pros and cons for each category of lifelong learning algorithms when applied in RL scenarios. We propose a framework to modify supervised lifelong learning algorithms to be compatible with RL. We also develop a manipulation benchmark task set for our evaluations.,https://proceedings.mlr.press/v164/yang22a/yang22a.pdf
129,Error-Aware Imitation Learning from Teleoperation Data for Mobile Manipulation,CoRL,2021,In mobile manipulation (MM); robots can both navigate within and interact with their environment and are thus able to complete many more tasks than robots only capable of navigation or manipulation. In this work; we explore how to apply imitation learning (IL) to learn continuous visuo-motor policies for MM tasks. Much prior work has shown that IL can train visuo-motor policies for either manipulation or navigation domains; but few works have applied IL to the MM domain. Doing this is challenging for two reasons: on the data side; current interfaces make collecting high-quality human demonstrations difficult; and on the learning side; policies trained on limited data can suffer from covariate shift when deployed. To address these problems; we first propose Mobile Manipulation RoboTurk (MoMaRT); a novel teleoperation framework allowing simultaneous navigation and manipulation of mobile manipulators; and collect a first-of-its-kind large scale dataset in a realistic simulated kitchen setting. We then propose a learned error detection system to address the covariate shift by detecting when an agent is in a potential failure state. We train performant IL policies and error detectors from this data; and achieve over 45% task success rate and 85% error detection success rate across multiple multi-stage tasks when trained on expert data. Additional results and video at https://sites.google.com/view/il-for-mm/home.,https://proceedings.mlr.press/v164/wong22a/wong22a.pdf
130,What Matters in Learning from Offline Human Demonstrations for Robot Manipulation,CoRL,2021,Imitating human demonstrations is a promising approach to endow robots with various manipulation capabilities. While recent advances have been made in imitation learning and batch (offline) reinforcement learning; a lack of open-source human datasets and reproducible learning methods make assessing the state of the field difficult. In this paper; we conduct an extensive study of six offline learning algorithms for robot manipulation on five simulated and three real-world multi-stage manipulation tasks of varying complexity; and with datasets of varying quality. Our study analyzes the most critical challenges when learning from offline human data for manipulation. Based on the study; we derive a series of lessons including the sensitivity to different algorithmic design choices; the dependence on the quality of the demonstrations; and the variability based on the stopping criteria due to the different objectives in training and evaluation. We also highlight opportunities for learning from human datasets; such as the ability to learn proficient policies on challenging; multi-stage tasks beyond the scope of current reinforcement learning methods; and the ability to easily scale to natural; real-world manipulation scenarios where only raw sensory signals are available. We have open-sourced our datasets and all algorithm implementations to facilitate future research and fair comparisons in learning from human demonstration data at https://arise-initiative.github.io/robomimic-web/,https://proceedings.mlr.press/v164/mandlekar22a/mandlekar22a.pdf
131,RoboTube: Learning Household Manipulation from Human Videos with Simulated Twin Environments,CoRL,2022,We aim to build a useful; reproducible; democratized benchmark for learning household robotic manipulation from human videos. To realize this goal; a diverse; high-quality human video dataset curated specifically for robots is desired. To evaluate the learning progress; a simulated twin environment that resembles the appearance and the dynamics of the physical world would help roboticists and AI researchers validate their algorithms convincingly and efficiently before testing on a real robot. Hence; we present RoboTube; a human video dataset; and its digital twins for learning various robotic manipulation tasks. RoboTube video dataset contains 5;000 video demonstrations recorded with multi-view RGB-D cameras of human-performing everyday household tasks including manipulation of rigid objects; articulated objects; deformable objects; and bimanual manipulation. RT-sim; as the simulated twin environments; consists of 3D scanned; photo-realistic objects; minimizing the visual domain gap between the physical world and the simulated environment. After extensively benchmarking existing methods in the field of robot learning from videos; the empirical results suggest that knowledge and models learned from the RoboTube video dataset can be deployed; benchmarked; and reproduced in RT-sim and be transferred to a real robot. We hope RoboTube can lower the barrier to robotics research for beginners while facilitating reproducible research in the community. More experiments and videos can be found in the supplementary materials and on the website: https://sites.google.com/view/robotube,https://proceedings.mlr.press/v205/xiong23a/xiong23a.pdf
132,Deep Whole-Body Control: Learning a Unified Policy for Manipulation and Locomotion,CoRL,2022,An attached arm can significantly increase the applicability of legged robots to several mobile manipulation tasks that are not possible for the wheeled or tracked counterparts. The standard modular control pipeline for such legged manipulators is to decouple the controller into that of manipulation and locomotion. However; this is ineffective. It requires immense engineering to support coordination between the arm and legs; and error can propagate across modules causing non-smooth unnatural motions. It is also biological implausible given evidence for strong motor synergies across limbs. In this work; we propose to learn a unified policy for whole-body control of a legged manipulator using reinforcement learning. We propose Regularized Online Adaptation to bridge the Sim2Real gap for high-DoF control; and Advantage Mixing exploiting the causal dependency in the action space to overcome local minima during training the whole-body system. We also present a simple design for a low-cost legged manipulator; and find that our unified policy can demonstrate dynamic and agile behaviors across several task setups. Videos are at https://maniploco.github.io,https://proceedings.mlr.press/v205/fu23a/fu23a.pdf
133,Frame Mining: a Free Lunch for Learning Robotic Manipulation from 3D Point Clouds,CoRL,2022,We study how choices of input point cloud coordinate frames impact learning of manipulation skills from 3D point clouds. There exist a variety of coordinate frame choices to normalize captured robot-object-interaction point clouds. We find that different frames have a profound effect on agent learning performance; and the trend is similar across 3D backbone networks. In particular; the end-effector frame and the target-part frame achieve higher training efficiency than the commonly used world frame and robot-base frame in many tasks; intuitively because they provide helpful alignments among point clouds across time steps and thus can simplify visual module learning. Moreover; the well-performing frames vary across tasks; and some tasks may benefit from multiple frame candidates. We thus propose FrameMiners to adaptively select candidate frames and fuse their merits in a task-agnostic manner. Experimentally; FrameMiners achieves on-par or significantly higher performance than the best single-frame version on five fully physical manipulation tasks adapted from ManiSkill and OCRTOC. Without changing existing camera placements or adding extra cameras; point cloud frame mining can serve as a free lunch to improve 3D manipulation learning.,https://proceedings.mlr.press/v205/liu23d/liu23d.pdf
134,DexPoint: Generalizable Point Cloud Reinforcement Learning for Sim-to-Real Dexterous Manipulation,CoRL,2022,We propose a sim-to-real framework for dexterous manipulation which can generalize to new objects of the same category in the real world. The key of our framework is to train the manipulation policy with point cloud inputs and dexterous hands. We propose two new techniques to enable joint learning on multiple objects and sim-to-real generalization: (i) using imagined hand point clouds as augmented inputs; and (ii) designing novel contact-based rewards. We empirically evaluate our method using an Allegro Hand to grasp novel objects in both simulation and real world. To the best of our knowledge; this is the first policy learning-based framework that achieves such generalization results with dexterous hands. Our project page is available at https://yzqin.github.io/dexpoint.,https://proceedings.mlr.press/v205/qin23a/qin23a.pdf
135,Learning Generalizable Dexterous Manipulation from Human Grasp Affordance,CoRL,2022,Dexterous manipulation with a multi-finger hand is one of the most challenging problems in robotics. While recent progress in imitation learning has largely improved the sample efficiency compared to Reinforcement Learning; the learned policy can hardly generalize to manipulate novel objects; given limited expert demonstrations. In this paper; we propose to learn dexterous manipulation using large-scale demonstrations with diverse 3D objects in a category; which are generated from a human grasp affordance model. This generalizes the policy to novel object instances within the same category. To train the policy; we propose a novel imitation learning objective jointly with a geometric representation learning objective using our demonstrations. By experimenting with relocating diverse objects in simulation; we show that our approach outperforms baselines with a large margin when manipulating novel objects. We also ablate the importance of 3D object representation learning for manipulation. We include videos and code on the project website: https://kristery.github.io/ILAD/ .,https://proceedings.mlr.press/v205/wu23a/wu23a.pdf
136,Learning Preconditions of Hybrid Force-Velocity Controllers for Contact-Rich Manipulation,CoRL,2022,Robots need to manipulate objects in constrained environments like shelves and cabinets when assisting humans in everyday settings like homes and offices. These constraints make manipulation difficult by reducing grasp accessibility; so robots need to use non-prehensile strategies that leverage object-environment contacts to perform manipulation tasks. To tackle the challenge of planning and controlling contact-rich behaviors in such settings; this work uses Hybrid Force-Velocity Controllers (HFVCs) as the skill representation and plans skill sequences with learned preconditions. While HFVCs naturally enable robust and compliant contact-rich behaviors; solvers that synthesize them have traditionally relied on precise object models and closed-loop feedback on object pose; which are difficult to obtain in constrained environments due to occlusions. We first relax HFVCs’ need for precise models and feedback with our HFVC synthesis framework; then learn a point-cloud-based precondition function to classify where HFVC executions will still be successful despite modeling inaccuracies. Finally; we use the learned precondition in a search-based task planner to complete contact-rich manipulation tasks in a shelf domain. Our method achieves a task success rate of $73.2%$; outperforming the $51.5%$ achieved by a baseline without the learned precondition. While the precondition function is trained in simulation; it can also transfer to a real-world setup without further fine-tuning. See supplementary materials and videos at https://sites.google.com/view/constrained-manipulation/.,https://proceedings.mlr.press/v205/liang23a/liang23a.pdf
137,Learning Dense Visual Descriptors using Image Augmentations for Robot Manipulation Tasks,CoRL,2022,We propose a self-supervised training approach for learning view-invariant dense visual descriptors using image augmentations. Unlike existing works; which often require complex datasets; such as registered RGBD sequences; we train on an unordered set of RGB images. This allows for learning from a single camera view; e.g.; in an existing robotic cell with a fix-mounted camera. We create synthetic views and dense pixel correspondences using data augmentations. We find our descriptors are competitive to the existing methods; despite the simpler data recording and setup requirements. We show that training on synthetic correspondences provides descriptor consistency across a broad range of camera views. We compare against training with geometric correspondence from multiple views and provide ablation studies. We also show a robotic bin-picking experiment using descriptors learned from a fix-mounted camera for defining grasp preferences.,https://proceedings.mlr.press/v205/graf23a/graf23a.pdf
138,VIOLA: Imitation Learning for Vision-Based Manipulation with Object Proposal Priors,CoRL,2022,We introduce VIOLA; an object-centric imitation learning approach to learning closed-loop visuomotor policies for robot manipulation. Our approach constructs object-centric representations based on general object proposals from a pre-trained vision model. VIOLA uses a transformer-based policy to reason over these representations and attend to the task-relevant visual factors for action prediction. Such object-based structural priors improve deep imitation learning algorithm’s robustness against object variations and environmental perturbations. We quantitatively evaluate VIOLA in simulation and on real robots. VIOLA outperforms the state-of-the-art imitation learning methods by 45.8% in success rate. It has also been deployed successfully on a physical robot to solve challenging long-horizon tasks; such as dining table arrangement and coffee making. More videos and model details can be found in supplementary material and the project website:  https://ut-austin-rpl.github.io/VIOLA/.,https://proceedings.mlr.press/v205/zhu23a/zhu23a.pdf
139,Solving Complex Manipulation Tasks with Model-Assisted Model-Free Reinforcement Learning,CoRL,2022,In this paper; we propose a novel deep reinforcement learning approach for improving the sample efficiency of a model-free actor-critic method by using a learned model to encourage exploration. The basic idea consists in generating artificial transitions with noisy actions; which can be used to update the critic. To counteract the model bias; we introduce a high initialization for the critic and two filters for the artificial transitions. Finally; we evaluate our approach with the TD3 algorithm on different robotic tasks and demonstrate that it achieves a better performance with higher sample efficiency than several other model-based and model-free methods.,https://proceedings.mlr.press/v205/hu23a/hu23a.pdf
140,Leveraging Language for Accelerated Learning of Tool Manipulation,CoRL,2022,Robust and generalized tool manipulation requires an understanding of the properties and affordances of different tools. We investigate whether linguistic information about a tool (e.g.; its geometry; common uses) can help control policies adapt faster to new tools for a given task. We obtain diverse descriptions of various tools in natural language and use pre-trained language models to generate their feature representations. We then perform language-conditioned meta-learning to learn policies that can efficiently adapt to new tools given their corresponding text descriptions. Our results demonstrate that combining linguistic information and meta-learning significantly accelerates tool learning in several manipulation tasks including pushing; lifting; sweeping; and hammering.,https://proceedings.mlr.press/v205/ren23a/ren23a.pdf
141,On the Utility of Koopman Operator Theory in Learning Dexterous Manipulation Skills,CoRL,2023,Despite impressive dexterous manipulation capabilities enabled by learning-based approaches; we are yet to witness widespread adoption beyond well-resourced laboratories. This is likely due to practical limitations; such as significant computational burden; inscrutable learned behaviors; sensitivity to initialization; and the considerable technical expertise required for implementation. In this work; we investigate the utility of Koopman operator theory in alleviating these limitations. Koopman operators are simple yet powerful control-theoretic structures to represent complex nonlinear dynamics as linear systems in higher dimensions. Motivated by the fact that complex nonlinear dynamics underlie dexterous manipulation; we develop a Koopman operator-based imitation learning framework to learn the desired motions of both the robotic hand and the object simultaneously. We show that Koopman operators are surprisingly effective for dexterous manipulation and offer a number of unique benefits. Notably; policies can be learned analytically; drastically reducing computation burden and eliminating sensitivity to initialization and the need for painstaking hyperparameter optimization. Our experiments reveal that a Koopman operator-based approach can perform comparably to state-of-the-art imitation learning algorithms in terms of success rate and sample efficiency; while being an order of magnitude faster. Policy videos can be viewed at https://sites.google.com/view/kodex-corl.,https://proceedings.mlr.press/v229/han23a/han23a.pdf
142,HACMan: Learning Hybrid Actor-Critic Maps for 6D Non-Prehensile Manipulation,CoRL,2023,Manipulating objects without grasping them is an essential component of human dexterity; referred to as non-prehensile manipulation. Non-prehensile manipulation may enable more complex interactions with the objects; but also presents challenges in reasoning about gripper-object interactions. In this work; we introduce Hybrid Actor-Critic Maps for Manipulation (HACMan); a reinforcement learning approach for 6D non-prehensile manipulation of objects using point cloud observations. HACMan proposes a temporally-abstracted and spatially-grounded object-centric action representation that consists of selecting a contact location from the object point cloud and a set of motion parameters describing how the robot will move after making contact. We modify an existing off-policy RL algorithm to learn in this hybrid discrete-continuous action representation. We evaluate HACMan on a 6D object pose alignment task in both simulation and in the real world. On the hardest version of our task; with randomized initial poses; randomized 6D goals; and diverse object categories; our policy demonstrates strong generalization to unseen object categories without a performance drop; achieving an $89%$ success rate on unseen objects in simulation and $50%$ success rate with zero-shot transfer in the real world. Compared to alternative action representations; HACMan achieves a success rate more than three times higher than the best baseline. With zero-shot sim2real transfer; our policy can successfully manipulate unseen objects in the real world for challenging non-planar goals; using dynamic and contact-rich non-prehensile skills. Videos can be found on the project website: https://hacman-2023.github.io.,https://proceedings.mlr.press/v229/zhou23a/zhou23a.pdf
143,Diff-LfD: Contact-aware Model-based Learning from Visual Demonstration for Robotic Manipulation via Differentiable Physics-based Simulation and Rendering,CoRL,2023,Learning from Demonstration (LfD) is an efficient technique for robots to acquire new skills through expert observation; significantly mitigating the need for laborious manual reward function design. This paper introduces a novel framework for model-based LfD in the context of robotic manipulation. Our proposed pipeline is underpinned by two primary components: self-supervised pose and shape estimation and contact sequence generation. The former utilizes differentiable rendering to estimate object poses and shapes from demonstration videos; while the latter iteratively optimizes contact points and forces using differentiable simulation; consequently effectuating object transformations. Empirical evidence demonstrates the efficacy of our LfD pipeline in acquiring manipulation actions from human demonstrations. Complementary to this; ablation studies focusing on object tracking and contact sequence inference underscore the robustness and efficiency of our approach in generating long-horizon manipulation actions; even amidst environmental noise. Validation of our results extends to real-world deployment of the proposed pipeline. Supplementary materials and videos are available on our webpage.,https://proceedings.mlr.press/v229/zhu23a/zhu23a.pdf
144,Stabilize to Act: Learning to Coordinate for Bimanual Manipulation,CoRL,2023,Key to rich; dexterous manipulation in the real world is the ability to coordinate control across two hands. However; while the promise afforded by bimanual robotic systems is immense; constructing control policies for dual arm autonomous systems brings inherent difficulties. One such difficulty is the high-dimensionality of the bimanual action space; which adds complexity to both model-based and data-driven methods. We counteract this challenge by drawing inspiration from humans to propose a novel role assignment framework: a stabilizing arm holds an object in place to simplify the environment while an acting arm executes the task. We instantiate this framework with BimanUal Dexterity from Stabilization (BUDS); which uses a learned restabilizing classifier to alternate between updating a learned stabilization position to keep the environment unchanged; and accomplishing the task with an acting policy learned from demonstrations. We evaluate BUDS on four bimanual tasks of varying complexities on real-world robots; such as zipping jackets and cutting vegetables. Given only 20 demonstrations; BUDS achieves $76.9%$ task success across our task suite; and generalizes to out-of-distribution objects within a class with a $52.7%$ success rate. BUDS is $56.0%$ more successful than an unstructured baseline that instead learns a BC stabilizing policy due to the precision required of these complex tasks. Supplementary material and videos can be found at https://tinyurl.com/stabilizetoact.,https://proceedings.mlr.press/v229/grannen23a/grannen23a.pdf
145,Learning to Design and Use Tools for Robotic Manipulation,CoRL,2023,When limited by their own morphologies; humans and some species of animals have the remarkable ability to use objects from the environment toward accomplishing otherwise impossible tasks. Robots might similarly unlock a range of additional capabilities through tool use. Recent techniques for jointly optimizing morphology and control via deep learning are effective at designing locomotion agents. But while outputting a single morphology makes sense for locomotion; manipulation involves a variety of strategies depending on the task goals at hand. A manipulation agent must be capable of rapidly prototyping specialized tools for different goals. Therefore; we propose learning a designer policy; rather than a single design. A designer policy is conditioned on task information and outputs a tool design that helps solve the task. A design-conditioned controller policy can then perform manipulation using these tools. In this work; we take a step towards this goal by introducing a reinforcement learning framework for jointly learning these policies. Through simulated manipulation tasks; we show that this framework is more sample efficient than prior methods in multi-goal or multi-variant settings; can perform zero-shot interpolation or fine-tuning to tackle previously unseen goals; and allows tradeoffs between the complexity of design and control policies under practical constraints. Finally; we deploy our learned policies onto a real robot. Please see our supplementary video and website at https://robotic-tool-design.github.io/ for visualizations.,https://proceedings.mlr.press/v229/liu23b/liu23b.pdf
146,FlowBot++: Learning Generalized Articulated Objects Manipulation via Articulation Projection,CoRL,2023,Understanding and manipulating articulated objects; such as doors and drawers; is crucial for robots operating in human environments. We wish to develop a system that can learn to articulate novel objects with no prior interaction; after training on other articulated objects. Previous approaches for articulated object manipulation rely on either modular methods which are brittle or end-to-end methods; which lack generalizability. This paper presents FlowBot++; a deep 3D vision-based robotic system that predicts dense per-point motion and dense articulation parameters of articulated objects to assist in downstream manipulation tasks. FlowBot++ introduces a novel per-point representation of the articulated motion and articulation parameters that are combined to produce a more accurate estimate than either method on their own. Simulated experiments on the PartNet-Mobility dataset validate the performance of our system in articulating a wide range of objects; while real-world experiments on real objects’ point clouds and a Sawyer robot demonstrate the generalizability and feasibility of our system in real-world scenarios. Videos are available on our anonymized website https://sites.google.com/view/flowbotpp/home,https://proceedings.mlr.press/v229/zhang23c/zhang23c.pdf
147,Learning Reusable Manipulation Strategies,CoRL,2023,Humans demonstrate an impressive ability to acquire and generalize manipulation “tricks.” Even from a single demonstration; such as using soup ladles to reach for distant objects; we can apply this skill to new scenarios involving different object positions; sizes; and categories (e.g.; forks and hammers). Additionally; we can flexibly combine various skills to devise long-term plans. In this paper; we present a framework that enables machines to acquire such manipulation skills; referred to as “mechanisms;” through a single demonstration and self-play. Our key insight lies in interpreting each demonstration as a sequence of changes in robot-object and object-object contact modes; which provides a scaffold for learning detailed samplers for continuous parameters. These learned mechanisms and samplers can be seamlessly integrated into standard task and motion planners; enabling their compositional use.,https://proceedings.mlr.press/v229/mao23a/mao23a.pdf
148,Efficient Sim-to-real Transfer of Contact-Rich Manipulation Skills with Online Admittance Residual Learning,CoRL,2023,Learning contact-rich manipulation skills is essential. Such skills require the robots to interact with the environment with feasible manipulation trajectories and suitable compliance control parameters to enable safe and stable contact. However; learning these skills is challenging due to data inefficiency in the real world and the sim-to-real gap in simulation. In this paper; we introduce a hybrid offline-online framework to learn robust manipulation skills. We employ model-free reinforcement learning for the offline phase to obtain the robot motion and compliance control parameters in simulation \RV{with domain randomization}. Subsequently; in the online phase; we learn the residual of the compliance control parameters to maximize robot performance-related criteria with force sensor measurements in real-time. To demonstrate the effectiveness and robustness of our approach; we provide comparative results against existing methods for assembly; pivoting; and screwing tasks.,https://proceedings.mlr.press/v229/zhang23e/zhang23e.pdf
149,Waypoint-Based Imitation Learning for Robotic Manipulation,CoRL,2023,While imitation learning methods have seen a resurgent interest for robotic manipulation; the well-known problem of compounding errors continues to afflict behavioral cloning (BC). Waypoints can help address this problem by reducing the horizon of the learning problem for BC; and thus; the errors compounded over time. However; waypoint labeling is underspecified; and requires additional human supervision. Can we generate waypoints automatically without any additional human supervision? Our key insight is that if a trajectory segment can be approximated by linear motion; the endpoints can be used as waypoints. We propose Automatic Waypoint Extraction (AWE) for imitation learning; a preprocessing module to decompose a demonstration into a minimal set of waypoints which when interpolated linearly can approximate the trajectory up to a specified error threshold. AWE can be combined with any BC algorithm; and we find that AWE can increase the success rate of state-of-the-art algorithms by up to $25%$ in simulation and by $4-28%$ on real-world bimanual manipulation tasks; reducing the decision making horizon by up to a factor of 10. Videos and code are available at https://lucys0.github.io/awe/.,https://proceedings.mlr.press/v229/shi23b/shi23b.pdf
150,SCALE: Causal Learning and Discovery of Robot Manipulation Skills using Simulation,CoRL,2023,We propose SCALE; an approach for discovering and learning a diverse set of interpretable robot skills from a limited dataset. Rather than learning a single skill which may fail to capture all the modes in the data; we first identify the different modes via causal reasoning and learn a separate skill for each of them. Our main insight is to associate each mode with a unique set of causally relevant context variables that are discovered by performing causal interventions in simulation. This enables data partitioning based on the causal processes that generated the data; and then compressed skills that ignore the irrelevant variables can be trained. We model each robot skill as a Regional Compressed Option; which extends the options framework by associating a causal process and its relevant variables with the option. Modeled as the skill Data Generating Region; each causal process is local in nature and hence valid over only a subset of the context space. We demonstrate our approach for two representative manipulation tasks: block stacking and peg-in-hole insertion under uncertainty. Our experiments show that our approach yields diverse skills that are compact; robust to domain shifts; and suitable for sim-to-real transfer.,https://proceedings.mlr.press/v229/lee23b/lee23b.pdf
151,Learning Robot Manipulation from Cross-Morphology Demonstration,CoRL,2023,Some Learning from Demonstrations (LfD) methods handle small mismatches in the action spaces of the teacher and student. Here we address the casewhere the teacher’s morphology is substantially different from that of the student. Our framework; Morphological Adaptation in Imitation Learning (MAIL); bridges this gap allowing us to train an agent from demonstrations by other agents with significantly different morphologies. MAIL learns from suboptimal demonstrations; so long as they provide some guidance towards a desired solution. We demonstrate MAIL on manipulation tasks with rigid and deformable objects including 3D cloth manipulation interacting with rigid obstacles. We train a visual control policy for a robot with one end-effector using demonstrations from a simulated agent with two end-effectors. MAIL shows up to $24%$ improvement in a normalized performance metric over LfD and non-LfD baselines. It is deployed to a real Franka Panda robot; handles multiple variations in properties for objects (size; rotation; translation); and cloth-specific properties (color; thickness; size; material).,https://proceedings.mlr.press/v229/salhotra23a/salhotra23a.pdf
152,Curiosity-Driven Learning of Joint Locomotion and Manipulation Tasks,CoRL,2023,"Learning complex locomotion and manipulation tasks presents significant challenges; often requiring extensive engineering of; e.g.; reward functions or curricula to provide meaningful feedback to the Reinforcement Learning (RL) algorithm. This paper proposes an intrinsically motivated RL approach to reduce task-specific engineering. The desired task is encoded in a single sparse reward; i.e.; a reward of “+1"" is given if the task is achieved. Intrinsic motivation enables learning by guiding exploration toward the sparse reward signal. Specifically; we adapt the idea of Random Network Distillation (RND) to the robotics domain to learn holistic motion control policies involving simultaneous locomotion and manipulation. We investigate opening doors as an exemplary task for robotic ap- plications. A second task involving package manipulation from a table to a bin highlights the generalization capabilities of the presented approach. Finally; the resulting RL policies are executed in real-world experiments on a wheeled-legged robot in biped mode. We experienced no failure in our experiments; which consisted of opening push doors (over 15 times in a row) and manipulating packages (over 5 times in a row).",https://proceedings.mlr.press/v229/schwarke23a/schwarke23a.pdf
153,A Data-efficient Neural ODE Framework for Optimal Control of Soft Manipulators,CoRL,2023,This paper introduces a novel approach for modeling continuous forward kinematic models of soft continuum robots by employing Augmented Neural ODE (ANODE); a cutting-edge family of deep neural network models. To the best of our knowledge; this is the first application of ANODE in modeling soft continuum robots. This formulation introduces auxiliary dimensions; allowing the system’s states to evolve in the augmented space which provides a richer set of dynamics that the model can learn; increasing the flexibility and accuracy of the model. Our methodology achieves exceptional sample efficiency; training the continuous forward kinematic model using only 25 scattered data points. Additionally; we design and implement a fully parallel Model Predictive Path Integral (MPPI)-based controller running on a GPU; which efficiently manages a non-convex objective function. Through a set of experiments; we showed that the proposed framework (ANODE+MPPI) significantly outperforms state-of-the-art learning-based methods such as FNN and RNN in unseen-before scenarios and marginally outperforms them in seen-before scenarios.,https://proceedings.mlr.press/v229/kasaei23a/kasaei23a.pdf
154,Neural Field Dynamics Model for Granular Object Piles Manipulation,CoRL,2023,We present a learning-based dynamics model for granular material manipulation. Drawing inspiration from computer graphics’ Eulerian approach; our method adopts a fully convolutional neural network that operates on a density field-based representation of object piles; allowing it to exploit the spatial locality of inter-object interactions through the convolution operations. This approach greatly improves the learning and computation efficiency compared to existing latent or particle-based methods and sidesteps the need for state estimation; making it directly applicable to real-world settings. Furthermore; our differentiable action rendering module makes the model fully differentiable and can be directly integrated with a gradient-based algorithm for curvilinear trajectory optimization. We evaluate our model with a wide array of piles manipulation tasks both in simulation and real-world experiments and demonstrate that it significantly exceeds existing methods in both accuracy and computation efficiency. More details can be found at https://sites.google.com/view/nfd-corl23/,https://proceedings.mlr.press/v229/xue23a/xue23a.pdf
155,Learning Generalizable Manipulation Policies with Object-Centric 3D Representations,CoRL,2023,We introduce GROOT; an imitation learning method for learning robust policies with object-centric and 3D priors. GROOT builds policies that generalize beyond their initial training conditions for vision-based manipulation. It constructs object-centric 3D representations that are robust toward background changes and camera views and reason over these representations using a transformer-based policy. Furthermore; we introduce a segmentation correspondence model that allows policies to generalize to new objects at test time. Through comprehensive experiments; we validate the robustness of GROOT policies against perceptual variations in simulated and real-world environments. GROOT’s performance excels in generalization over background changes; camera viewpoint shifts; and the presence of new object instances; whereas both state-of-the-art end-to-end learning methods and object proposal-based approaches fall short. We also extensively evaluate GROOT policies on real robots; where we demonstrate the efficacy under very wild changes in setup. More videos and model details can be found in the appendix and the project website https://ut-austin-rpl.github.io/GROOT.,https://proceedings.mlr.press/v229/zhu23b/zhu23b.pdf
156,Scaling Cross-Embodied Learning: One Policy for Manipulation; Navigation; Locomotion and Aviation,CoRL,2024,Modern machine learning systems rely on large datasets to attain broad generalization; and this often poses a challenge in robotic learning; where each robotic platform and task might have only a small dataset. By training a single policy across many different kinds of robots; a robotic learning method can leverage much broader and more diverse datasets; which in turn can lead to better generalization and robustness. However; training a single policy on multi-robot data is challenging because robots can have widely varying sensors; actuators; and control frequencies. We propose CrossFormer; a scalable and flexible transformer-based policy that can consume data from any embodiment. We train CrossFormer on the largest and most diverse dataset to date; 900K trajectories across 20 different robot embodiments. We demonstrate that the same network weights can control vastly different robots; including single and dual arm manipulation systems; wheeled robots; quadcopters; and quadrupeds. Unlike prior work; our model does not require manual alignment of the observation or action spaces. Extensive experiments in the real world show that our method matches the performance of specialist policies tailored for each embodiment; while also significantly outperforming the prior state of the art in cross-embodiment learning.,https://raw.githubusercontent.com/mlresearch/v270/main/assets/doshi25a/doshi25a.pdf
157,Guided Reinforcement Learning for Robust Multi-Contact Loco-Manipulation,CoRL,2024,Reinforcement learning (RL) has shown remarkable proficiency in developing robust control policies for contact-rich applications. However; it typically requires meticulous Markov Decision Process (MDP) designing tailored to each task and robotic platform. This work addresses this challenge by creating a systematic approach to behavior synthesis and control for multi-contact loco-manipulation. We define a task-independent MDP formulation to learn robust RL policies using a single demonstration (per task) generated from a fast model-based trajectory optimization method. Our framework is validated on diverse real-world tasks; such as navigating spring-loaded doors and manipulating heavy dishwashers. The learned behaviors can handle dynamic uncertainties and external disturbances; showcasing recovery maneuvers; such as re-grasping objects during execution. Finally; we successfully transfer the policies to a real robot; demonstrating the approach’s practical viability.,https://raw.githubusercontent.com/mlresearch/v270/main/assets/sleiman25a/sleiman25a.pdf
158,Gentle Manipulation of Tree Branches: A Contact-Aware Policy Learning Approach,CoRL,2024,Learning to interact with deformable tree branches with minimal damage is challenging due to their intricate geometry and inscrutable dynamics. Furthermore; traditional vision-based modelling systems suffer from implicit occlusions in dense foliage; severely changing lighting conditions; and limited field of view; in addition to having a significant computational burden preventing real-time deployment.In this work; we simulate a procedural forest with realistic; self-similar branching structures derived from a parametric L-system model; actuated with crude spring abstractions; mirroring real-world variations with domain randomisation over the morphological and dynamic attributes. We then train a novel Proprioceptive Contact-Aware Policy (PCAP) for a reach task using reinforcement learning; aided by a whole-arm contact detection classifier and reward engineering; without external vision; tactile; or torque sensing. The agent deploys novel strategies to evade and mitigate contact impact; favouring a reactive exploration of the task space. Finally; we demonstrate that the learned behavioural patterns can be transferred zero-shot from simulation to real; allowing the arm to navigate around real branches with unseen topology and variable occlusions while minimising the contact forces and expected ruptures.,https://raw.githubusercontent.com/mlresearch/v270/main/assets/jacob25a/jacob25a.pdf
159,Robust Manipulation Primitive Learning via Domain Contraction,CoRL,2024,Contact-rich manipulation plays an important role in everyday life; but uncertain parameters pose significant challenges to model-based planning and control. To address this issue; domain adaptation and domain randomization have been proposed to learn robust policies. However; they either lose the generalization ability to diverse instances or perform conservatively due to neglecting instance-specific information. In this paper; we propose a bi-level approach to learn robust manipulation primitives; including parameter-augmented policy learning using multiple models with tensor approximation; and parameter-conditioned policy retrieval through domain contraction. This approach unifies domain randomization and domain adaptation; providing optimal behaviors while keeping generalization ability. We validate the proposed method on three contact-rich manipulation primitives: hitting; pushing; and reorientation. The experimental results showcase the superior performance of our approach in generating robust policies for instances with diverse physical parameters.,https://raw.githubusercontent.com/mlresearch/v270/main/assets/xue25a/xue25a.pdf
160,ManiWAV: Learning Robot Manipulation from In-the-Wild Audio-Visual Data,CoRL,2024,Audio signals provide rich information for the robot interaction and object properties through contact. These information can surprisingly ease the learning of contact-rich robot manipulation skills; especially when the visual information alone is ambiguous or incomplete. However; the usage of audio data in robot manipulation has been constrained to teleoperated demonstrations collected by either attaching a microphone to the robot or object; which significantly limits its usage in robot learning pipelines. In this work; we introduce ManiWAV: an ’ear-in-hand’ data collection device to collect in-the-wild human demonstrations with synchronous audio and visual feedback; and a corresponding policy interface to learn robot manipulation policy directly from the demonstrations. We demonstrate the capabilities of our system through four contact-rich manipulation tasks that require either passively sensing the contact events and modes; or actively sensing the object surface materials and states. In addition; we show that our system can generalize to unseen in-the-wild environments; by learning from diverse in-the-wild human demonstrations. All data; code; and policy will be public.,https://raw.githubusercontent.com/mlresearch/v270/main/assets/liu25c/liu25c.pdf
161,Learning Robotic Manipulation Policies from Point Clouds with Conditional Flow Matching,CoRL,2024,Learning from expert demonstrations is a popular approach to train robotic manipulation policies from limited data. However; imitation learning algorithms require a number of design choices ranging from the input modality; training objective; and 6-DoF end-effector pose representation. Diffusion-based methods have gained popularity as they allow to predict long horizon trajectories and handle multimodal action distributions. Recently; Conditional Flow Matching (CFM) (or Rectified Flow) has been proposed as a more flexible generalization of diffusion models. In this paper we investigate the application of CFM in the context of robotic policy learning; and specifically study the interplay with the other design choices required to build an imitation learning algorithm. We show that CFM gives the best performance when combined with point cloud input observations. Additionally; we study the feasibility of a CFM formulation on the SO(3) manifold and evaluate its suitability with a simplified example. We perform extensive experiments on RLBench which demonstrate that our proposed PointFlowMatch approach achieves a state-of-the-art average success rate of 67.8% over eight tasks; double the performance of the next best method.,https://raw.githubusercontent.com/mlresearch/v270/main/assets/chisari25a/chisari25a.pdf
162,Jacta: A Versatile Planner for Learning Dexterous and Whole-body Manipulation,CoRL,2024,Robotic manipulation is challenging due to discontinuous dynamics; as well as high-dimensional state and action spaces. Data-driven approaches that succeed in manipulation tasks require large amounts of data and expert demonstrations; typically from humans. Existing planners are restricted to specific systems and often depend on specialized algorithms for using demonstrations. Therefore; we introduce a flexible motion planner tailored to dexterous and whole-body manipulation tasks. Our planner creates readily usable demonstrations for reinforcement learning algorithms; eliminating the need for additional training pipeline complexities. With this approach; we can efficiently learn policies for complex manipulation tasks; where traditional reinforcement learning alone only makes little progress. Furthermore; we demonstrate that learned policies are transferable to real robotic systems for solving complex dexterous manipulation tasks. Project website: https://jacta-manipulation.github.io/,https://raw.githubusercontent.com/mlresearch/v270/main/assets/bruedigam25a/bruedigam25a.pdf
163,SoftManiSim: A Fast Simulation Framework for Multi-Segment Continuum Manipulators Tailored for Robot Learning,CoRL,2024,This paper introduces SoftManiSim; a novel simulation framework for multi-segment continuum manipulators. Existing continuum robot simulators often rely on simplifying assumptions; such as constant curvature bending or ignoring contact forces; to meet real-time simulation and training demands. To bridge this gap; we propose a robust and rapid mathematical model for continuum robots at the core of SoftManiSim; ensuring precise and adaptable simulations. The framework can integrate with various rigid-body robots; increasing its utility across different robotic platforms. SoftManiSim supports parallel operations for simultaneous simulations of multiple robots and generates synthetic data essential for training deep reinforcement learning models. This capability enhances the development and optimization of control strategies in dynamic environments. Extensive simulations validate the framework’s effectiveness; demonstrating its capabilities in handling complex robotic interactions and tasks. We also present real robot validation to showcase the simulator’s practical applicability and accuracy in real-world settings. To our knowledge; SoftManiSim is the first open-source real-time simulator capable of modeling continuum robot behavior under dynamic point/distributed loading. It enables rapid deployment in reinforcement learning and machine learning applications. This simulation framework can be downloaded from https://github.com/MohammadKasaei/SoftManiSim.,https://raw.githubusercontent.com/mlresearch/v270/main/assets/kasaei25a/kasaei25a.pdf
164,Learning Visuotactile Estimation and Control for Non-prehensile Manipulation under Occlusions,CoRL,2024,Manipulation without grasping; known as non-prehensile manipulation; is essential for dexterous robots in contact-rich environments; but presents many challenges relating with underactuation; hybrid-dynamics; and frictional uncertainty. Additionally; object occlusions in a scenario of contact uncertainty and where the motion of the object evolves independently from the robot becomes a critical problem; which previous literature fails to address. We present a method for learning visuotactile state estimators and uncertainty-aware control policies for non-prehensile manipulation under occlusions; by leveraging diverse interaction data from privileged policies trained in simulation. We formulate the estimator within a Bayesian deep learning framework; to model its uncertainty; and then train uncertainty-aware control policies by incorporating the pre-learned estimator into the reinforcement learning (RL) loop; both of which lead to significantly improved estimator and policy performance. Therefore; unlike prior non-prehensile research that relies on complex external perception set-ups; our method successfully handles occlusions after sim-to-real transfer to robotic hardware with a simple onboard camera.,https://raw.githubusercontent.com/mlresearch/v270/main/assets/ferrandis25a/ferrandis25a.pdf
165,HYPERmotion: Learning Hybrid Behavior Planning for Autonomous Loco-manipulation,CoRL,2024,Enabling robots to autonomously perform hybrid motions in diverse environments can be beneficial for long-horizon tasks such as material handling; household chores; and work assistance. This requires extensive exploitation of intrinsic motion capabilities; extraction of affordances from rich environmental information; and planning of physical interaction behaviors. Despite recent progress has demonstrated impressive humanoid whole-body control abilities; they struggle to achieve versatility and adaptability for new tasks. In this work; we propose HYPERmotion; a framework that learns; selects and plans behaviors based on tasks in different scenarios. We combine reinforcement learning with whole-body optimization to generate motion for 38 actuated joints and create a motion library to store the learned skills. We apply the planning and reasoning features of the large language models (LLMs) to complex loco-manipulation tasks; constructing a hierarchical task graph that comprises a series of primitive behaviors to bridge lower-level execution with higher-level planning. By leveraging the interaction of distilled spatial geometry and 2D observation with a visual language model (VLM) to ground knowledge into a robotic morphology selector to choose appropriate actions in single- or dual-arm; legged or wheeled locomotion. Experiments in simulation and real-world show that learned motions can efficiently adapt to new tasks; demonstrating high autonomy from free-text commands in unstructured scenes. Videos and website: hy-motion.github.io//,https://raw.githubusercontent.com/mlresearch/v270/main/assets/wang25f/wang25f.pdf
166,SPIRE: Synergistic Planning; Imitation; and Reinforcement Learning for Long-Horizon Manipulation,CoRL,2024,Robot learning has proven to be a general and effective technique for programming manipulators. Imitation learning is able to teach robots solely from human demonstrations but is bottlenecked by the capabilities of the demonstrations. Reinforcement learning uses exploration to discover better behaviors; however; the space of possible improvements can be too large to start from scratch. And for both techniques; the learning difficulty increases proportional to the length of the manipulation task. Accounting for this; we propose SPIRE; a system that first uses Task and Motion Planning (TAMP) to decompose tasks into smaller learning subproblems and second combines imitation and reinforcement learning to maximize their strengths. We develop novel strategies to train learning agents when deployed in the context of a planning system. We evaluate SPIRE on a suite of long-horizon and contact-rich robot manipulation problems. We find that SPIRE outperforms prior approaches that integrate imitation learning; reinforcement learning; and planning by 35% to 50% in average task performance; is 6 times more data efficient in the number of human demonstrations needed to train proficient agents; and learns to complete tasks nearly twice as efficiently. View https://sites.google.com/view/spire-corl-2024 for more details.,https://raw.githubusercontent.com/mlresearch/v270/main/assets/zhou25a/zhou25a.pdf
167,3D-ViTac: Learning Fine-Grained Manipulation with Visuo-Tactile Sensing,CoRL,2024,Tactile and visual perception are both crucial for humans to perform fine-grained interactions with their environment. Developing similar multi-modal sensing capabilities for robots can significantly enhance and expand their manipulation skills. This paper introduces **3D-ViTac**; a multi-modal sensing and learning system designed for dexterous bimanual manipulation. Our system features tactile sensors equipped with dense sensing units; each covering an area of 3$mm^2$. These sensors are low-cost and flexible; providing detailed and extensive coverage of physical contacts; effectively complementing visual information. To integrate tactile and visual data; we fuse them into a unified 3D representation space that preserves their 3D structures and spatial relationships. The multi-modal representation can then be coupled with diffusion policies for imitation learning. Through concrete hardware experiments; we demonstrate that even low-cost robots can perform precise manipulations and significantly outperform vision-only policies; particularly in safe interactions with fragile items and executing long-horizon tasks involving in-hand manipulation. Our project page is available at https://binghao-huang.github.io/3D-ViTac/.,https://raw.githubusercontent.com/mlresearch/v270/main/assets/huang25e/huang25e.pdf
168,Scaling Manipulation Learning with Visual Kinematic Chain Prediction,CoRL,2024,Learning general-purpose models from diverse datasets has achieved great success in machine learning. In robotics; however; existing methods in multi-task learning are typically constrained to a single robot and workspace; while recent work such as RT-X requires a non-trivial action normalization procedure to manually bridge the gap between different action spaces in diverse environments. In this paper; we propose the visual kinematics chain as a precise and universal representation of quasi-static actions for robot learning over diverse environments; which requires no manual adjustment since the visual kinematic chains can be automatically obtained from the robot’s model and camera parameters. We propose the Visual Kinematics Transformer (VKT); a convolution-free architecture that supports an arbitrary number of camera viewpoints; and that is trained with a single objective of forecasting kinematic structures through optimal point-set matching. We demonstrate the superior performance of VKT over BC transformers as a general agent on Calvin; RLBench; ALOHA; Open-X; and real robot manipulation tasks. Video demonstrations and source code can be found at https://mlzxy.github.io/visual-kinetic-chain.,https://raw.githubusercontent.com/mlresearch/v270/main/assets/zhang25f/zhang25f.pdf
169,Learning to Open and Traverse Doors with a Legged Manipulator,CoRL,2024,Using doors is a longstanding challenge in robotics and is of significant practical interest in giving robots greater access to human-centric spaces. The task is challenging due to the need for online adaptation to varying door properties and precise control in manipulating the door panel and navigating through the confined doorway. To address this; we propose a learning-based controller for a legged manipulator to open and traverse through doors. The controller is trained using a teacher-student approach in simulation to learn robust task behaviors as well as estimate crucial door properties during the interaction. Unlike previous works; our approach is a single control policy that can handle both push and pull doors through learned behaviour which infers the opening direction during deployment without prior knowledge. The policy was deployed on the ANYmal legged robot with an arm and achieved a success rate of 95.0% in repeated trials conducted in an experimental setting. Additional experiments validate the policy’s effectiveness and robustness to various doors and disturbances. A video overview of the method and experiments is provided in the supplementary material.,https://raw.githubusercontent.com/mlresearch/v270/main/assets/zhang25g/zhang25g.pdf
170,Autonomous Interactive Correction MLLM for Robust Robotic Manipulation,CoRL,2024,The ability to reflect on and correct failures is crucial for robotic systems to interact stably with real-life objects. Observing the generalization and reasoning capabilities of Multimodal Large Language Models (MLLMs); previous approaches have aimed to utilize these models to enhance robotic systems accordingly. However; these methods typically focus on high-level planning corrections using an additional MLLM; with limited utilization of failed samples to correct low-level contact poses which is particularly prone to occur during articulated object manipulation. To address this gap; we propose an Autonomous Interactive Correction (AIC) MLLM; which makes use of previous low-level interaction experiences to correct SE(3) pose predictions for articulated object. Specifically; AIC MLLM is initially fine-tuned to acquire both pose prediction and feedback prompt comprehension abilities. We design two types of prompt instructions for interactions with objects: 1) visual masks to highlight unmovable parts for position correction; and 2) textual descriptions to indicate potential directions for rotation correction. During inference; a Feedback Information Extraction module is introduced to recognize the failure cause; allowing AIC MLLM to adaptively correct the pose prediction using the corresponding prompts. To further enhance manipulation stability; we devise a Test Time Adaptation strategy that enables AIC MLLM to better adapt to the current scene configuration. Finally; extensive experiments are conducted in both simulated and real-world environments to evaluate the proposed method. The results demonstrate that our AIC MLLM can efficiently correct failure samples by leveraging interaction experience prompts.,https://raw.githubusercontent.com/mlresearch/v270/main/assets/xiong25a/xiong25a.pdf
171,TidyBot++: An Open-Source Holonomic Mobile Manipulator for Robot Learning,CoRL,2024,Exploiting the promise of recent advances in imitation learning for mobile manipulation will require the collection of large numbers of human-guided demonstrations. This paper proposes an open-source design for an inexpensive; robust; and flexible mobile manipulator that can support arbitrary arms; enabling a wide range of real-world household mobile manipulation tasks. Crucially; our design uses powered casters to enable the mobile base to be fully holonomic; able to control all planar degrees of freedom independently and simultaneously. This feature makes the base more maneuverable and simplifies many mobile manipulation tasks; eliminating the kinematic constraints that create complex and time-consuming motions in nonholonomic bases. We equip our robot with an intuitive mobile phone teleoperation interface to enable easy data acquisition for imitation learning. In our experiments; we use this interface to collect data and show that the resulting learned policies can successfully perform a variety of common household mobile manipulation tasks.,https://raw.githubusercontent.com/mlresearch/v270/main/assets/wu25a/wu25a.pdf
172,Mobile ALOHA: Learning Bimanual Mobile Manipulation using Low-Cost Whole-Body Teleoperation,CoRL,2024,Imitation learning from human demonstrations has shown impressive performance in robotics. However; most results focus on table-top manipulation; lacking the mobility and dexterity necessary for generally useful tasks. In this work; we develop a system for imitating mobile manipulation tasks that are bimanual and require whole-body control. We first present Mobile ALOHA; a low-cost and whole-body teleoperation system for data collection. It augments the ALOHA system with a mobile base; and a whole-body teleoperation interface. Using data collected with Mobile ALOHA; we then perform supervised behavior cloning and find that co-training with existing static ALOHA datasets boosts performance on mobile manipulation tasks. With 50 demonstrations for each task; co-training can increase success rates by up to 90%; allowing Mobile ALOHA to autonomously complete complex mobile manipulation tasks such as sauteing and serving a piece of shrimp; opening a two-door wall cabinet to store heavy cooking pots; calling and entering an elevator; and lightly rinsing a used pan using a kitchen faucet. We will open-source all the hardware and software implementations upon publication.,https://raw.githubusercontent.com/mlresearch/v270/main/assets/fu25b/fu25b.pdf
173,KOROL: Learning Visualizable Object Feature with Koopman Operator Rollout for Manipulation,CoRL,2024,Learning dexterous manipulation skills presents significant challenges due to complex nonlinear dynamics that underlie the interactions between objects and multi-fingered hands. Koopman operators have emerged as a robust method for modeling such nonlinear dynamics within a linear framework. However; current methods rely on runtime access to ground-truth (GT) object states; making them unsuitable for vision-based practical applications. Unlike image-to-action policies that implicitly learn visual features for control; we use a dynamics model; specifically the Koopman operator; to learn visually interpretable object features critical for robotic manipulation within a scene. We construct a Koopman operator using object features predicted by a feature extractor and utilize it to auto-regressively advance system states. We train the feature extractor to embed scene information into object features; thereby enabling the accurate propagation of robot trajectories. We evaluate our approach on simulated and real-world robot tasks; with results showing that it outperformed the model-based imitation learning NDP by 1.08$\times$ and the image-to-action Diffusion Policy by 1.16$\times$. The results suggest that our method maintains task success rates with learned features and extends applicability to real-world manipulation without GT object states. Project video and code are available at: https://github.com/hychen-naza/KOROL.,https://raw.githubusercontent.com/mlresearch/v270/main/assets/chen25g/chen25g.pdf
174,Contrastive Imitation Learning for Language-guided Multi-Task Robotic Manipulation,CoRL,2024,Developing robots capable of executing various manipulation tasks; guided by natural language instructions and visual observations of intricate real-world environments; remains a significant challenge in robotics. Such robot agents need to understand linguistic commands and distinguish between the requirements of different tasks. In this work; we present $\mathtt{\Sigma\mbox{-}agent}$; an end-to-end imitation learning agent for multi-task robotic manipulation. $\mathtt{\Sigma\mbox{-}agent}$ incorporates contrastive Imitation Learning (contrastive IL) modules to strengthen vision-language and current-future representations. An effective and efficient multi-view querying Transformer (MVQ-Former) for aggregating representative semantic information is introduced. $\mathtt{\Sigma\mbox{-}agent}$ shows substantial improvement over state-of-the-art methods under diverse settings in 18 RLBench tasks; surpassing RVT by an average of 5.2% and 5.9% in 10 and 100 demonstration training; respectively. $\mathtt{\Sigma\mbox{-}agent}$ also achieves 62% success rate with a single policy in 5 real-world manipulation tasks. The code will be released upon acceptance.,https://raw.githubusercontent.com/mlresearch/v270/main/assets/ma25a/ma25a.pdf
175,IMAGINATION POLICY: Using Generative Point Cloud Models for Learning Manipulation Policies,CoRL,2024,Humans can imagine goal states during planning and perform actions to match those goals. In this work; we propose IMAGINATION POLICY; a novel multi-task key-frame policy network for solving high-precision pick and place tasks. Instead of learning actions directly; IMAGINATION POLICY generates point clouds to imagine desired states which are then translated to actions using rigid action estimation. This transforms action inference into a local generative task. We leverage pick and place symmetries underlying the tasks in the generation process and achieve extremely high sample efficiency and generalizability to unseen configurations. Finally; we demonstrate state-of-the-art performance across various tasks on the RLbench benchmark compared with several strong baselines and validate our approach on a real robot.,https://raw.githubusercontent.com/mlresearch/v270/main/assets/huang25h/huang25h.pdf
