title,authors,publication_year,conference_code,publication_title,pdf_url,access_status,source,publication_type,author_affiliations,doi
Scaling Cross-Embodied Learning: One Policy for Manipulation; Navigation; Locomotion and Aviation,Ria Doshi; Homer Rich Walke; Oier Mees; Sudeep Dasari; Sergey Levine,2024,CoRL,Conference on Robot Learning,https://raw.githubusercontent.com/mlresearch/v270/main/assets/doshi25a/doshi25a.pdf,Открыто,corl,conference,,
Guided Reinforcement Learning for Robust Multi-Contact Loco-Manipulation,Jean Pierre Sleiman; Mayank Mittal; Marco Hutter,2024,CoRL,Conference on Robot Learning,https://raw.githubusercontent.com/mlresearch/v270/main/assets/sleiman25a/sleiman25a.pdf,Открыто,corl,conference,,
Gentle Manipulation of Tree Branches: A Contact-Aware Policy Learning Approach,Jay Jacob; Shizhe Cai; Paulo Vinicius Koerich Borges; Tirthankar Bandyopadhyay; Fabio Ramos,2024,CoRL,Conference on Robot Learning,https://raw.githubusercontent.com/mlresearch/v270/main/assets/jacob25a/jacob25a.pdf,Открыто,corl,conference,,
Robust Manipulation Primitive Learning via Domain Contraction,Teng Xue; Amirreza Razmjoo; Suhan Shetty; Sylvain Calinon,2024,CoRL,Conference on Robot Learning,https://raw.githubusercontent.com/mlresearch/v270/main/assets/xue25a/xue25a.pdf,Открыто,corl,conference,,
ManiWAV: Learning Robot Manipulation from In-the-Wild Audio-Visual Data,Zeyi Liu; Cheng Chi; Eric Cousineau; Naveen Kuppuswamy; Benjamin Burchfiel; Shuran Song,2024,CoRL,Conference on Robot Learning,https://raw.githubusercontent.com/mlresearch/v270/main/assets/liu25c/liu25c.pdf,Открыто,corl,conference,,
Learning Robotic Manipulation Policies from Point Clouds with Conditional Flow Matching,Eugenio Chisari; Nick Heppert; Max Argus; Tim Welschehold; Thomas Brox; Abhinav Valada,2024,CoRL,Conference on Robot Learning,https://raw.githubusercontent.com/mlresearch/v270/main/assets/chisari25a/chisari25a.pdf,Открыто,corl,conference,,
Jacta: A Versatile Planner for Learning Dexterous and Whole-body Manipulation,Jan Bruedigam; Ali Adeeb Abbas; Maks Sorokin; Kuan Fang; Brandon Hung; Maya Guru; Stefan Georg Sosnowski; Jiuguang Wang; Sandra Hirche; Simon Le Cleac’h,2024,CoRL,Conference on Robot Learning,https://raw.githubusercontent.com/mlresearch/v270/main/assets/bruedigam25a/bruedigam25a.pdf,Открыто,corl,conference,,
Generative Factor Chaining: Coordinated Manipulation with Diffusion-based Factor Graph,Utkarsh Aashu Mishra; Yongxin Chen; Danfei Xu,2024,CoRL,Conference on Robot Learning,https://raw.githubusercontent.com/mlresearch/v270/main/assets/mishra25a/mishra25a.pdf,Открыто,corl,conference,,
SoftManiSim: A Fast Simulation Framework for Multi-Segment Continuum Manipulators Tailored for Robot Learning,Mohammadreza Kasaei; Hamidreza Kasaei; Mohsen Khadem,2024,CoRL,Conference on Robot Learning,https://raw.githubusercontent.com/mlresearch/v270/main/assets/kasaei25a/kasaei25a.pdf,Открыто,corl,conference,,
Learning Visuotactile Estimation and Control for Non-prehensile Manipulation under Occlusions,Juan Del Aguila Ferrandis; Joao Moura; Sethu Vijayakumar,2024,CoRL,Conference on Robot Learning,https://raw.githubusercontent.com/mlresearch/v270/main/assets/ferrandis25a/ferrandis25a.pdf,Открыто,corl,conference,,
HYPERmotion: Learning Hybrid Behavior Planning for Autonomous Loco-manipulation,Jin Wang; Rui Dai; Weijie Wang; Luca Rossini; Francesco Ruscelli; Nikos Tsagarakis,2024,CoRL,Conference on Robot Learning,https://raw.githubusercontent.com/mlresearch/v270/main/assets/wang25f/wang25f.pdf,Открыто,corl,conference,,
SPIRE: Synergistic Planning; Imitation; and Reinforcement Learning for Long-Horizon Manipulation,Zihan Zhou; Animesh Garg; Dieter Fox; Caelan Reed Garrett; Ajay Mandlekar,2024,CoRL,Conference on Robot Learning,https://raw.githubusercontent.com/mlresearch/v270/main/assets/zhou25a/zhou25a.pdf,Открыто,corl,conference,,
Flow as the Cross-domain Manipulation Interface,Mengda Xu; Zhenjia Xu; Yinghao Xu; Cheng Chi; Gordon Wetzstein; Manuela Veloso; Shuran Song,2024,CoRL,Conference on Robot Learning,https://raw.githubusercontent.com/mlresearch/v270/main/assets/xu25a/xu25a.pdf,Открыто,corl,conference,,
3D-ViTac: Learning Fine-Grained Manipulation with Visuo-Tactile Sensing,Binghao Huang; Yixuan Wang; Xinyi Yang; Yiyue Luo; Yunzhu Li,2024,CoRL,Conference on Robot Learning,https://raw.githubusercontent.com/mlresearch/v270/main/assets/huang25e/huang25e.pdf,Открыто,corl,conference,,
Scaling Manipulation Learning with Visual Kinematic Chain Prediction,Xinyu Zhang; Yuhan Liu; Haonan Chang; Abdeslam Boularias,2024,CoRL,Conference on Robot Learning,https://raw.githubusercontent.com/mlresearch/v270/main/assets/zhang25f/zhang25f.pdf,Открыто,corl,conference,,
Learning to Open and Traverse Doors with a Legged Manipulator,Mike Zhang; Yuntao Ma; Takahiro Miki; Marco Hutter,2024,CoRL,Conference on Robot Learning,https://raw.githubusercontent.com/mlresearch/v270/main/assets/zhang25g/zhang25g.pdf,Открыто,corl,conference,,
Autonomous Interactive Correction MLLM for Robust Robotic Manipulation,Chuyan Xiong; Chengyu Shen; Xiaoqi Li; Kaichen Zhou; Jiaming Liu; Ruiping Wang; Hao Dong,2024,CoRL,Conference on Robot Learning,https://raw.githubusercontent.com/mlresearch/v270/main/assets/xiong25a/xiong25a.pdf,Открыто,corl,conference,,
TidyBot++: An Open-Source Holonomic Mobile Manipulator for Robot Learning,Jimmy Wu; William Chong; Robert Holmberg; Aaditya Prasad; Yihuai Gao; Oussama Khatib; Shuran Song; Szymon Rusinkiewicz; Jeannette Bohg,2024,CoRL,Conference on Robot Learning,https://raw.githubusercontent.com/mlresearch/v270/main/assets/wu25a/wu25a.pdf,Открыто,corl,conference,,
Mobile ALOHA: Learning Bimanual Mobile Manipulation using Low-Cost Whole-Body Teleoperation,Zipeng Fu; Tony Z. Zhao; Chelsea Finn,2024,CoRL,Conference on Robot Learning,https://raw.githubusercontent.com/mlresearch/v270/main/assets/fu25b/fu25b.pdf,Открыто,corl,conference,,
KOROL: Learning Visualizable Object Feature with Koopman Operator Rollout for Manipulation,Hongyi Chen; ABULIKEMU ABUDUWEILI; Aviral Agrawal; Yunhai Han; Harish Ravichandar; Changliu Liu; Jeffrey Ichnowski,2024,CoRL,Conference on Robot Learning,https://raw.githubusercontent.com/mlresearch/v270/main/assets/chen25g/chen25g.pdf,Открыто,corl,conference,,
What Makes Pre-Trained Visual Representations Successful for Robust Manipulation?,Kaylee Burns; Zach Witzel; Jubayer Ibn Hamid; Tianhe Yu; Chelsea Finn; Karol Hausman,2024,CoRL,Conference on Robot Learning,https://raw.githubusercontent.com/mlresearch/v270/main/assets/burns25a/burns25a.pdf,Открыто,corl,conference,,
ReKep: Spatio-Temporal Reasoning of Relational Keypoint Constraints for Robotic Manipulation,Wenlong Huang; Chen Wang; Yunzhu Li; Ruohan Zhang; Li Fei-Fei,2024,CoRL,Conference on Robot Learning,https://raw.githubusercontent.com/mlresearch/v270/main/assets/huang25g/huang25g.pdf,Открыто,corl,conference,,
Contrastive Imitation Learning for Language-guided Multi-Task Robotic Manipulation,Teli Ma; Jiaming Zhou; Zifan Wang; Ronghe Qiu; Junwei Liang,2024,CoRL,Conference on Robot Learning,https://raw.githubusercontent.com/mlresearch/v270/main/assets/ma25a/ma25a.pdf,Открыто,corl,conference,,
IMAGINATION POLICY: Using Generative Point Cloud Models for Learning Manipulation Policies,Haojie Huang; Karl Schmeckpeper; Dian Wang; Ondrej Biza; Yaoyao Qian; Haotian Liu; Mingxi Jia; Robert Platt; Robin Walters,2024,CoRL,Conference on Robot Learning,https://raw.githubusercontent.com/mlresearch/v270/main/assets/huang25h/huang25h.pdf,Открыто,corl,conference,,
Differential-Algebraic Equation Control Barrier Function for Flexible Link Manipulator,Younghwa Park; Christoffer Sloth,2024,IROS,2024 IEEE/RSJ International Conference on Intelligent Robots and Systems (IROS),https://ieeexplore.ieee.org/stamp/stamp.jsp?tp=&arnumber=10801482,Заблокировано,ieee,conference,,10.1109/IROS58592.2024.10801482
CoPa: General Robotic Manipulation through Spatial Constraints of Parts with Foundation Models,Haoxu Huang; Fanqi Lin; Yingdong Hu; Shengjie Wang; Yang Gao,2024,IROS,2024 IEEE/RSJ International Conference on Intelligent Robots and Systems (IROS),https://ieeexplore.ieee.org/stamp/stamp.jsp?tp=&arnumber=10801352,Заблокировано,ieee,conference,,10.1109/IROS58592.2024.10801352
Ag2Manip: Learning Novel Manipulation Skills with Agent-Agnostic Visual and Action Representations,Puhao Li; Tengyu Liu; Yuyang Li; Muzhi Han; Haoran Geng; Shu Wang; Yixin Zhu; Song-Chun Zhu; Siyuan Huang,2024,IROS,2024 IEEE/RSJ International Conference on Intelligent Robots and Systems (IROS),https://ieeexplore.ieee.org/stamp/stamp.jsp?tp=&arnumber=10801835,Заблокировано,ieee,conference,,10.1109/IROS58592.2024.10801835
DexSkills: Skill Segmentation Using Haptic Data for Learning Autonomous Long-Horizon Robotic Manipulation Tasks,Xiaofeng Mao; Gabriele Giudici; Claudio Coppola; Kaspar Althoefer; Ildar Farkhatdinov; Zhibin Li; Lorenzo Jamone,2024,IROS,2024 IEEE/RSJ International Conference on Intelligent Robots and Systems (IROS),https://ieeexplore.ieee.org/stamp/stamp.jsp?tp=&arnumber=10802807,Заблокировано,ieee,conference,,10.1109/IROS58592.2024.10802807
Arm-Constrained Curriculum Learning for Loco-Manipulation of a Wheel-Legged Robot,Zifan Wang; Yufei Jia; Lu Shi; Haoyu Wang; Haizhou Zhao; Xueyang Li; Jinni Zhou; Jun Ma; Guyue Zhou,2024,IROS,2024 IEEE/RSJ International Conference on Intelligent Robots and Systems (IROS),https://ieeexplore.ieee.org/stamp/stamp.jsp?tp=&arnumber=10802062,Заблокировано,ieee,conference,,10.1109/IROS58592.2024.10802062
Waypoint-Based Reinforcement Learning for Robot Manipulation Tasks,Shaunak A. Mehta; Soheil Habibian; Dylan P. Losey,2024,IROS,2024 IEEE/RSJ International Conference on Intelligent Robots and Systems (IROS),https://ieeexplore.ieee.org/stamp/stamp.jsp?tp=&arnumber=10802681,Заблокировано,ieee,conference,,10.1109/IROS58592.2024.10802681
The Power of the Senses: Generalizable Manipulation from Vision and Touch through Masked Multimodal Learning,Carmelo Sferrazza; Younggyo Seo; Hao Liu; Youngwoon Lee; Pieter Abbeel,2024,IROS,2024 IEEE/RSJ International Conference on Intelligent Robots and Systems (IROS),https://ieeexplore.ieee.org/stamp/stamp.jsp?tp=&arnumber=10802719,Заблокировано,ieee,conference,,10.1109/IROS58592.2024.10802719
Learning Visual Quadrupedal Loco-Manipulation from Demonstrations,Zhengmao He; Kun Lei; Yanjie Ze; Koushil Sreenath; Zhongyu Li; Huazhe Xu,2024,IROS,2024 IEEE/RSJ International Conference on Intelligent Robots and Systems (IROS),https://ieeexplore.ieee.org/stamp/stamp.jsp?tp=&arnumber=10802742,Заблокировано,ieee,conference,,10.1109/IROS58592.2024.10802742
Robust Imitation Learning for Mobile Manipulator Focusing on Task-Related Viewpoints and Regions,Yutaro Ishida; Yuki Noguchi; Takayuki Kanai; Kazuhiro Shintani; Hiroshi Bito,2024,IROS,2024 IEEE/RSJ International Conference on Intelligent Robots and Systems (IROS),https://ieeexplore.ieee.org/stamp/stamp.jsp?tp=&arnumber=10802396,Заблокировано,ieee,conference,,10.1109/IROS58592.2024.10802396
Learning a Shape-Conditioned Agent for Purely Tactile In-Hand Manipulation of Various Objects,Johannes Pitz; Lennart Röstel; Leon Sievers; Darius Burschka; Berthold Bäuml,2024,IROS,2024 IEEE/RSJ International Conference on Intelligent Robots and Systems (IROS),https://ieeexplore.ieee.org/stamp/stamp.jsp?tp=&arnumber=10802864,Заблокировано,ieee,conference,,10.1109/IROS58592.2024.10802864
BaSeNet: A Learning-based Mobile Manipulator Base Pose Sequence Planning for Pickup Tasks,Lakshadeep Naik; Sinan Kalkan; Sune L. Sørensen; Mikkel B. Kjærgaard; Norbert Krüger,2024,IROS,2024 IEEE/RSJ International Conference on Intelligent Robots and Systems (IROS),https://ieeexplore.ieee.org/stamp/stamp.jsp?tp=&arnumber=10802615,Заблокировано,ieee,conference,,10.1109/IROS58592.2024.10802615
Time-Optimal Path Parameterization for Cooperative Multi-Arm Robotic Systems with Third-Order Constraints,Maximilian Dio; Knut Graichen; Andreas Völz,2024,IROS,2024 IEEE/RSJ International Conference on Intelligent Robots and Systems (IROS),https://ieeexplore.ieee.org/stamp/stamp.jsp?tp=&arnumber=10802342,Заблокировано,ieee,conference,,10.1109/IROS58592.2024.10802342
Ensuring Joint Constraints of Torque-Controlled Robot Manipulators under Bounded Jerk,Dongwoo Ko; Jonghyeok Kim; Wan Kyun Chung,2024,IROS,2024 IEEE/RSJ International Conference on Intelligent Robots and Systems (IROS),https://ieeexplore.ieee.org/stamp/stamp.jsp?tp=&arnumber=10802521,Заблокировано,ieee,conference,,10.1109/IROS58592.2024.10802521
DexDribbler: Learning Dexterous Soccer Manipulation via Dynamic Supervision,Yutong Hu; Kehan Wen; Fisher Yu,2024,IROS,2024 IEEE/RSJ International Conference on Intelligent Robots and Systems (IROS),https://ieeexplore.ieee.org/stamp/stamp.jsp?tp=&arnumber=10802022,Заблокировано,ieee,conference,,10.1109/IROS58592.2024.10802022
Learning a Pre-Grasp Manipulation Policy to Effectively Retrieve a Target in Dense Clutter,Marios Kiatos; Leonidas Koutras; Iason Sarantopoulos; Zoe Doulgeri,2024,IROS,2024 IEEE/RSJ International Conference on Intelligent Robots and Systems (IROS),https://ieeexplore.ieee.org/stamp/stamp.jsp?tp=&arnumber=10801734,Заблокировано,ieee,conference,,10.1109/IROS58592.2024.10801734
AirCrab: A Hybrid Aerial-Ground Manipulator with An Active Wheel,Muqing Cao; Jiayan Zhao; Xinhang Xu; Lihua Xie,2024,IROS,2024 IEEE/RSJ International Conference on Intelligent Robots and Systems (IROS),https://ieeexplore.ieee.org/stamp/stamp.jsp?tp=&arnumber=10802472,Заблокировано,ieee,conference,,10.1109/IROS58592.2024.10802472
RelationGrasp: Object-Oriented Prompt Learning for Simultaneously Grasp Detection and Manipulation Relationship in Open Vocabulary,Songting Liu; Tat Joo Teo; Zhiping Lin; Haiyue Zhu,2024,IROS,2024 IEEE/RSJ International Conference on Intelligent Robots and Systems (IROS),https://ieeexplore.ieee.org/stamp/stamp.jsp?tp=&arnumber=10802508,Заблокировано,ieee,conference,,10.1109/IROS58592.2024.10802508
Constrained 6-DoF Grasp Generation on Complex Shapes for Improved Dual-Arm Manipulation,Gaurav Singh; Sanket Kalwar; Md Faizal Karim; Bipasha Sen; Nagamanikandan Govindan; Srinath Sridhar; K Madhava Krishna,2024,IROS,2024 IEEE/RSJ International Conference on Intelligent Robots and Systems (IROS),https://ieeexplore.ieee.org/stamp/stamp.jsp?tp=&arnumber=10802268,Заблокировано,ieee,conference,,10.1109/IROS58592.2024.10802268
Learning to Recover from Plan Execution Errors during Robot Manipulation: A Neuro-symbolic Approach,Namasivayam K; Arnav Tuli; Vishal Bindal; Himanshu Singh; Parag Singla; Rohan Paul,2024,IROS,2024 IEEE/RSJ International Conference on Intelligent Robots and Systems (IROS),https://ieeexplore.ieee.org/stamp/stamp.jsp?tp=&arnumber=10801831,Заблокировано,ieee,conference,,10.1109/IROS58592.2024.10801831
Learning Generalizable Manipulation Policy with Adapter-Based Parameter Fine-Tuning,Kai Lu; Kim Tien Ly; William Hebberd; Kaichen Zhou; Ioannis Havoutis; Andrew Markham,2024,IROS,2024 IEEE/RSJ International Conference on Intelligent Robots and Systems (IROS),https://ieeexplore.ieee.org/stamp/stamp.jsp?tp=&arnumber=10801544,Заблокировано,ieee,conference,,10.1109/IROS58592.2024.10801544
Multi-Agent Behavior Retrieval: Retrieval-Augmented Policy Training for Cooperative Push Manipulation by Mobile Robots,So Kuroki; Mai Nishimura; Tadashi Kozuno,2024,IROS,2024 IEEE/RSJ International Conference on Intelligent Robots and Systems (IROS),https://ieeexplore.ieee.org/stamp/stamp.jsp?tp=&arnumber=10801334,Заблокировано,ieee,conference,,10.1109/IROS58592.2024.10801334
Tactile Active Inference Reinforcement Learning for Efficient Robotic Manipulation Skill Acquisition,Zihao Liu; Xing Liu; Yizhai Zhang; Zhengxiong Liu; Panfeng Huang,2024,IROS,2024 IEEE/RSJ International Conference on Intelligent Robots and Systems (IROS),https://ieeexplore.ieee.org/stamp/stamp.jsp?tp=&arnumber=10802750,Заблокировано,ieee,conference,,10.1109/IROS58592.2024.10802750
Interactive Learning of Physical Object Properties Through Robot Manipulation and Database of Object Measurements,Andrej Kruzliak; Jiri Hartvich; Shubhan P. Patni; Lukas Rustler; Jan Kristof Behrens; Fares J. Abu-Dakka; Krystian Mikolajczyk; Ville Kyrki; Matej Hoffmann,2024,IROS,2024 IEEE/RSJ International Conference on Intelligent Robots and Systems (IROS),https://ieeexplore.ieee.org/stamp/stamp.jsp?tp=&arnumber=10802249,Заблокировано,ieee,conference,,10.1109/IROS58592.2024.10802249
State Estimation of an Adaptive 3-Finger Gripper using Recurrent Neural Networks,Yannick Jonetzko; Theresa Alexandra Aurelia Naß; Niklas Fiedler; Jianwei Zhang,2024,IROS,2024 IEEE/RSJ International Conference on Intelligent Robots and Systems (IROS),https://ieeexplore.ieee.org/stamp/stamp.jsp?tp=&arnumber=10802760,Заблокировано,ieee,conference,,10.1109/IROS58592.2024.10802760
Effect of Tactile and Deep Sensory Feedback Synchronized with the Manipulation of Myoelectric Hand on Body Recognition,Rintaro Hamaoka; Ryu Kato,2024,IROS,2024 IEEE/RSJ International Conference on Intelligent Robots and Systems (IROS),https://ieeexplore.ieee.org/stamp/stamp.jsp?tp=&arnumber=10801379,Заблокировано,ieee,conference,,10.1109/IROS58592.2024.10801379
MultipleCupSuctionNet: Deep Neural Network for Detecting Grasp Pose of a Vacuum Gripper with Multiple Suction Cups based on YOLO Feature Map Affine Transformation,Ping Jiang; Komoda Kazuma; Haifeng Han; Ooga Junichiro,2024,IROS,2024 IEEE/RSJ International Conference on Intelligent Robots and Systems (IROS),https://ieeexplore.ieee.org/stamp/stamp.jsp?tp=&arnumber=10802723,Заблокировано,ieee,conference,,10.1109/IROS58592.2024.10802723
The subtle line between personalization and user manipulation in a European regulatory perspective. A proposal for a technology-assessment methodology for Artificial Intelligence Systems *,Andrea Bertolini,2024,IROS,2024 IEEE/RSJ International Conference on Intelligent Robots and Systems (IROS),https://ieeexplore.ieee.org/stamp/stamp.jsp?tp=&arnumber=10801918,Заблокировано,ieee,conference,,10.1109/IROS58592.2024.10801918
Formalization of Temporal and Spatial Constraints of Bimanual Manipulation Categories,Franziska Krebs; Tamim Asfour,2024,IROS,2024 IEEE/RSJ International Conference on Intelligent Robots and Systems (IROS),https://ieeexplore.ieee.org/stamp/stamp.jsp?tp=&arnumber=10801861,Заблокировано,ieee,conference,,10.1109/IROS58592.2024.10801861
Incremental Learning of Robotic Manipulation Tasks through Virtual Reality Demonstrations,Giuseppe Rauso; Riccardo Caccavale; Alberto Finzi,2024,IROS,2024 IEEE/RSJ International Conference on Intelligent Robots and Systems (IROS),https://ieeexplore.ieee.org/stamp/stamp.jsp?tp=&arnumber=10802774,Заблокировано,ieee,conference,,10.1109/IROS58592.2024.10802774
Fine Manipulation Using a Tactile Skin: Learning in Simulation and Sim-to-Real Transfer,Ulf Kasolowsky; Berthold Bäuml,2024,IROS,2024 IEEE/RSJ International Conference on Intelligent Robots and Systems (IROS),https://ieeexplore.ieee.org/stamp/stamp.jsp?tp=&arnumber=10801397,Заблокировано,ieee,conference,,10.1109/IROS58592.2024.10801397
BaRiFlex: A Robotic Gripper with Versatility and Collision Robustness for Robot Learning,Gu-Cheol Jeong; Arpit Bahety; Gabriel Pedraza; Ashish D. Deshpande; Roberto Martín-Martín,2024,IROS,2024 IEEE/RSJ International Conference on Intelligent Robots and Systems (IROS),https://ieeexplore.ieee.org/stamp/stamp.jsp?tp=&arnumber=10802024,Заблокировано,ieee,conference,,10.1109/IROS58592.2024.10802024
Wheelchair Maneuvering with a Single-Spherical-Wheeled Balancing Mobile Manipulator,Cunxi Dai; Xiaohan Liu; Roberto Shu; Ralph Hollis,2024,IROS,2024 IEEE/RSJ International Conference on Intelligent Robots and Systems (IROS),https://ieeexplore.ieee.org/stamp/stamp.jsp?tp=&arnumber=10802600,Заблокировано,ieee,conference,,10.1109/IROS58592.2024.10802600
Iterative Reference Learning for Cartesian Impedance Control of Robot Manipulators,Julian M. Salt Ducaju; Björn Olofsson; Rolf Johansson,2024,IROS,2024 IEEE/RSJ International Conference on Intelligent Robots and Systems (IROS),https://ieeexplore.ieee.org/stamp/stamp.jsp?tp=&arnumber=10801796,Заблокировано,ieee,conference,,10.1109/IROS58592.2024.10801796
Real-time Dexterous Telemanipulation with an End-Effect-Oriented Learning-based Approach,Haoyang Wang; He Bai; Xiaoli Zhang; Yunsik Jung; Michel Bowman; Lingfeng Tao,2024,IROS,2024 IEEE/RSJ International Conference on Intelligent Robots and Systems (IROS),https://ieeexplore.ieee.org/stamp/stamp.jsp?tp=&arnumber=10801694,Заблокировано,ieee,conference,,10.1109/IROS58592.2024.10801694
A Cascaded Broad Learning System for Manipulator Motion Control,Guoyu Zuo; Shuaifeng Dong; Jiyong Zhou; Shuangyue Yu,2024,IROS,2024 IEEE/RSJ International Conference on Intelligent Robots and Systems (IROS),https://ieeexplore.ieee.org/stamp/stamp.jsp?tp=&arnumber=10802175,Заблокировано,ieee,conference,,10.1109/IROS58592.2024.10802175
Learning Bimanual Manipulation Policies for Bathing Bed-bound People,Yijun Gu; Yiannis Demiris,2024,IROS,2024 IEEE/RSJ International Conference on Intelligent Robots and Systems (IROS),https://ieeexplore.ieee.org/stamp/stamp.jsp?tp=&arnumber=10801478,Заблокировано,ieee,conference,,10.1109/IROS58592.2024.10801478
On Learning Scene-aware Generative State Abstractions for Task-level Mobile Manipulation Planning,Julian Förster; Jen Jen Chung; Lionel Ott; Roland Siegwart,2024,IROS,2024 IEEE/RSJ International Conference on Intelligent Robots and Systems (IROS),https://ieeexplore.ieee.org/stamp/stamp.jsp?tp=&arnumber=10802285,Заблокировано,ieee,conference,,10.1109/IROS58592.2024.10802285
ActNeRF: Uncertainty-aware Active Learning of NeRF-based Object Models for Robot Manipulators using Visual and Re-orientation Actions,Saptarshi Dasgupta; Akshat Gupta; Shreshth Tuli; Rohan Paul,2024,IROS,2024 IEEE/RSJ International Conference on Intelligent Robots and Systems (IROS),https://ieeexplore.ieee.org/stamp/stamp.jsp?tp=&arnumber=10801767,Заблокировано,ieee,conference,,10.1109/IROS58592.2024.10801767
Safe multi-agent reinforcement learning for bimanual dexterous manipulation,Weishu Zhan; Peter Chin,2024,IROS,2024 IEEE/RSJ International Conference on Intelligent Robots and Systems (IROS),https://ieeexplore.ieee.org/stamp/stamp.jsp?tp=&arnumber=10801490,Заблокировано,ieee,conference,,10.1109/IROS58592.2024.10801490
Exploring How Non-Prehensile Manipulation Expands Capability in Robots Experiencing Multi-Joint Failure,Gilberto Briscoe-Martinez; Anuj Pasricha; Ava Abderezaei; Santosh Chaganti; Sarath Chandra Vajrala; Sri Kanth Popuri; Alessandro Roncone,2024,IROS,2024 IEEE/RSJ International Conference on Intelligent Robots and Systems (IROS),https://ieeexplore.ieee.org/stamp/stamp.jsp?tp=&arnumber=10801883,Заблокировано,ieee,conference,,10.1109/IROS58592.2024.10801883
Robot Generating Data for Learning Generalizable Visual Robotic Manipulation,Yunfei Li; Ying Yuan; Jingzhi Cui; Haoran Huan; Wei Fu; Jiaxuan Gao; Zekai Xu; Yi Wu,2024,IROS,2024 IEEE/RSJ International Conference on Intelligent Robots and Systems (IROS),https://ieeexplore.ieee.org/stamp/stamp.jsp?tp=&arnumber=10801742,Заблокировано,ieee,conference,,10.1109/IROS58592.2024.10801742
Dynamic Manipulation of Deformable Objects using Imitation Learning with Adaptation to Hardware Constraints,Eric Hannus; Tran Nguyen Le; David Blanco-Mulero; Ville Kyrki,2024,IROS,2024 IEEE/RSJ International Conference on Intelligent Robots and Systems (IROS),https://ieeexplore.ieee.org/stamp/stamp.jsp?tp=&arnumber=10802478,Заблокировано,ieee,conference,,10.1109/IROS58592.2024.10802478
Inverse Kinematics of Robotic Manipulators Using a New Learning-by-Example Method,Jacket Demby’s; Ramy Farag; Guilherme N. DeSouza,2024,IROS,2024 IEEE/RSJ International Conference on Intelligent Robots and Systems (IROS),https://ieeexplore.ieee.org/stamp/stamp.jsp?tp=&arnumber=10802048,Заблокировано,ieee,conference,,10.1109/IROS58592.2024.10802048
Dynamic Manipulation of Deformable Objects using Imitation Learning with Adaptation to Hardware Constraints,Eric Hannus; Tran Nguyen Le; David Blanco-Mulero; Ville Kyrki,2024,IROS,2024 IEEE/RSJ International Conference on Intelligent Robots and Systems (IROS),https://ieeexplore.ieee.org/stamp/stamp.jsp?tp=&arnumber=10802478,Заблокировано,ieee,conference,,10.1109/IROS58592.2024.10802478
Inverse Kinematics of Robotic Manipulators Using a New Learning-by-Example Method,Jacket Demby’s; Ramy Farag; Guilherme N. DeSouza,2024,IROS,2024 IEEE/RSJ International Conference on Intelligent Robots and Systems (IROS),https://ieeexplore.ieee.org/stamp/stamp.jsp?tp=&arnumber=10802048,Заблокировано,ieee,conference,,10.1109/IROS58592.2024.10802048
Dynamic Manipulation of Deformable Objects using Imitation Learning with Adaptation to Hardware Constraints,Eric Hannus; Tran Nguyen Le; David Blanco-Mulero; Ville Kyrki,2024,IROS,2024 IEEE/RSJ International Conference on Intelligent Robots and Systems (IROS),https://ieeexplore.ieee.org/stamp/stamp.jsp?tp=&arnumber=10802478,Заблокировано,ieee,conference,,10.1109/IROS58592.2024.10802478
Inverse Kinematics of Robotic Manipulators Using a New Learning-by-Example Method,Jacket Demby’s; Ramy Farag; Guilherme N. DeSouza,2024,IROS,2024 IEEE/RSJ International Conference on Intelligent Robots and Systems (IROS),https://ieeexplore.ieee.org/stamp/stamp.jsp?tp=&arnumber=10802048,Заблокировано,ieee,conference,,10.1109/IROS58592.2024.10802048
Dynamic Manipulation of Deformable Objects using Imitation Learning with Adaptation to Hardware Constraints,Eric Hannus; Tran Nguyen Le; David Blanco-Mulero; Ville Kyrki,2024,IROS,2024 IEEE/RSJ International Conference on Intelligent Robots and Systems (IROS),https://ieeexplore.ieee.org/stamp/stamp.jsp?tp=&arnumber=10802478,Заблокировано,ieee,conference,,10.1109/IROS58592.2024.10802478
Inverse Kinematics of Robotic Manipulators Using a New Learning-by-Example Method,Jacket Demby’s; Ramy Farag; Guilherme N. DeSouza,2024,IROS,2024 IEEE/RSJ International Conference on Intelligent Robots and Systems (IROS),https://ieeexplore.ieee.org/stamp/stamp.jsp?tp=&arnumber=10802048,Заблокировано,ieee,conference,,10.1109/IROS58592.2024.10802048
Dynamic Manipulation of Deformable Objects using Imitation Learning with Adaptation to Hardware Constraints,Eric Hannus; Tran Nguyen Le; David Blanco-Mulero; Ville Kyrki,2024,IROS,2024 IEEE/RSJ International Conference on Intelligent Robots and Systems (IROS),https://ieeexplore.ieee.org/stamp/stamp.jsp?tp=&arnumber=10802478,Заблокировано,ieee,conference,,10.1109/IROS58592.2024.10802478
Inverse Kinematics of Robotic Manipulators Using a New Learning-by-Example Method,Jacket Demby’s; Ramy Farag; Guilherme N. DeSouza,2024,IROS,2024 IEEE/RSJ International Conference on Intelligent Robots and Systems (IROS),https://ieeexplore.ieee.org/stamp/stamp.jsp?tp=&arnumber=10802048,Заблокировано,ieee,conference,,10.1109/IROS58592.2024.10802048
Dynamic Manipulation of Deformable Objects using Imitation Learning with Adaptation to Hardware Constraints,Eric Hannus; Tran Nguyen Le; David Blanco-Mulero; Ville Kyrki,2024,IROS,2024 IEEE/RSJ International Conference on Intelligent Robots and Systems (IROS),https://ieeexplore.ieee.org/stamp/stamp.jsp?tp=&arnumber=10802478,Заблокировано,ieee,conference,,10.1109/IROS58592.2024.10802478
Inverse Kinematics of Robotic Manipulators Using a New Learning-by-Example Method,Jacket Demby’s; Ramy Farag; Guilherme N. DeSouza,2024,IROS,2024 IEEE/RSJ International Conference on Intelligent Robots and Systems (IROS),https://ieeexplore.ieee.org/stamp/stamp.jsp?tp=&arnumber=10802048,Заблокировано,ieee,conference,,10.1109/IROS58592.2024.10802048
Dynamic Manipulation of Deformable Objects using Imitation Learning with Adaptation to Hardware Constraints,Eric Hannus; Tran Nguyen Le; David Blanco-Mulero; Ville Kyrki,2024,IROS,2024 IEEE/RSJ International Conference on Intelligent Robots and Systems (IROS),https://ieeexplore.ieee.org/stamp/stamp.jsp?tp=&arnumber=10802478,Заблокировано,ieee,conference,,10.1109/IROS58592.2024.10802478
Inverse Kinematics of Robotic Manipulators Using a New Learning-by-Example Method,Jacket Demby’s; Ramy Farag; Guilherme N. DeSouza,2024,IROS,2024 IEEE/RSJ International Conference on Intelligent Robots and Systems (IROS),https://ieeexplore.ieee.org/stamp/stamp.jsp?tp=&arnumber=10802048,Заблокировано,ieee,conference,,10.1109/IROS58592.2024.10802048
Dynamic Manipulation of Deformable Objects using Imitation Learning with Adaptation to Hardware Constraints,Eric Hannus; Tran Nguyen Le; David Blanco-Mulero; Ville Kyrki,2024,IROS,2024 IEEE/RSJ International Conference on Intelligent Robots and Systems (IROS),https://ieeexplore.ieee.org/stamp/stamp.jsp?tp=&arnumber=10802478,Заблокировано,ieee,conference,,10.1109/IROS58592.2024.10802478
Inverse Kinematics of Robotic Manipulators Using a New Learning-by-Example Method,Jacket Demby’s; Ramy Farag; Guilherme N. DeSouza,2024,IROS,2024 IEEE/RSJ International Conference on Intelligent Robots and Systems (IROS),https://ieeexplore.ieee.org/stamp/stamp.jsp?tp=&arnumber=10802048,Заблокировано,ieee,conference,,10.1109/IROS58592.2024.10802048
Dynamic Manipulation of Deformable Objects using Imitation Learning with Adaptation to Hardware Constraints,Eric Hannus; Tran Nguyen Le; David Blanco-Mulero; Ville Kyrki,2024,IROS,2024 IEEE/RSJ International Conference on Intelligent Robots and Systems (IROS),https://ieeexplore.ieee.org/stamp/stamp.jsp?tp=&arnumber=10802478,Заблокировано,ieee,conference,,10.1109/IROS58592.2024.10802478
Inverse Kinematics of Robotic Manipulators Using a New Learning-by-Example Method,Jacket Demby’s; Ramy Farag; Guilherme N. DeSouza,2024,IROS,2024 IEEE/RSJ International Conference on Intelligent Robots and Systems (IROS),https://ieeexplore.ieee.org/stamp/stamp.jsp?tp=&arnumber=10802048,Заблокировано,ieee,conference,,10.1109/IROS58592.2024.10802048
Dynamic Manipulation of Deformable Objects using Imitation Learning with Adaptation to Hardware Constraints,Eric Hannus; Tran Nguyen Le; David Blanco-Mulero; Ville Kyrki,2024,IROS,2024 IEEE/RSJ International Conference on Intelligent Robots and Systems (IROS),https://ieeexplore.ieee.org/stamp/stamp.jsp?tp=&arnumber=10802478,Заблокировано,ieee,conference,,10.1109/IROS58592.2024.10802478
Inverse Kinematics of Robotic Manipulators Using a New Learning-by-Example Method,Jacket Demby’s; Ramy Farag; Guilherme N. DeSouza,2024,IROS,2024 IEEE/RSJ International Conference on Intelligent Robots and Systems (IROS),https://ieeexplore.ieee.org/stamp/stamp.jsp?tp=&arnumber=10802048,Заблокировано,ieee,conference,,10.1109/IROS58592.2024.10802048
Dynamic Manipulation of Deformable Objects using Imitation Learning with Adaptation to Hardware Constraints,Eric Hannus; Tran Nguyen Le; David Blanco-Mulero; Ville Kyrki,2024,IROS,2024 IEEE/RSJ International Conference on Intelligent Robots and Systems (IROS),https://ieeexplore.ieee.org/stamp/stamp.jsp?tp=&arnumber=10802478,Заблокировано,ieee,conference,,10.1109/IROS58592.2024.10802478
Inverse Kinematics of Robotic Manipulators Using a New Learning-by-Example Method,Jacket Demby’s; Ramy Farag; Guilherme N. DeSouza,2024,IROS,2024 IEEE/RSJ International Conference on Intelligent Robots and Systems (IROS),https://ieeexplore.ieee.org/stamp/stamp.jsp?tp=&arnumber=10802048,Заблокировано,ieee,conference,,10.1109/IROS58592.2024.10802048
Dynamic Manipulation of Deformable Objects using Imitation Learning with Adaptation to Hardware Constraints,Eric Hannus; Tran Nguyen Le; David Blanco-Mulero; Ville Kyrki,2024,IROS,2024 IEEE/RSJ International Conference on Intelligent Robots and Systems (IROS),https://ieeexplore.ieee.org/stamp/stamp.jsp?tp=&arnumber=10802478,Заблокировано,ieee,conference,,10.1109/IROS58592.2024.10802478
Inverse Kinematics of Robotic Manipulators Using a New Learning-by-Example Method,Jacket Demby’s; Ramy Farag; Guilherme N. DeSouza,2024,IROS,2024 IEEE/RSJ International Conference on Intelligent Robots and Systems (IROS),https://ieeexplore.ieee.org/stamp/stamp.jsp?tp=&arnumber=10802048,Заблокировано,ieee,conference,,10.1109/IROS58592.2024.10802048
Dynamic Manipulation of Deformable Objects using Imitation Learning with Adaptation to Hardware Constraints,Eric Hannus; Tran Nguyen Le; David Blanco-Mulero; Ville Kyrki,2024,IROS,2024 IEEE/RSJ International Conference on Intelligent Robots and Systems (IROS),https://ieeexplore.ieee.org/stamp/stamp.jsp?tp=&arnumber=10802478,Заблокировано,ieee,conference,,10.1109/IROS58592.2024.10802478
Inverse Kinematics of Robotic Manipulators Using a New Learning-by-Example Method,Jacket Demby’s; Ramy Farag; Guilherme N. DeSouza,2024,IROS,2024 IEEE/RSJ International Conference on Intelligent Robots and Systems (IROS),https://ieeexplore.ieee.org/stamp/stamp.jsp?tp=&arnumber=10802048,Заблокировано,ieee,conference,,10.1109/IROS58592.2024.10802048
Dynamic Manipulation of Deformable Objects using Imitation Learning with Adaptation to Hardware Constraints,Eric Hannus; Tran Nguyen Le; David Blanco-Mulero; Ville Kyrki,2024,IROS,2024 IEEE/RSJ International Conference on Intelligent Robots and Systems (IROS),https://ieeexplore.ieee.org/stamp/stamp.jsp?tp=&arnumber=10802478,Заблокировано,ieee,conference,,10.1109/IROS58592.2024.10802478
Inverse Kinematics of Robotic Manipulators Using a New Learning-by-Example Method,Jacket Demby’s; Ramy Farag; Guilherme N. DeSouza,2024,IROS,2024 IEEE/RSJ International Conference on Intelligent Robots and Systems (IROS),https://ieeexplore.ieee.org/stamp/stamp.jsp?tp=&arnumber=10802048,Заблокировано,ieee,conference,,10.1109/IROS58592.2024.10802048
Dynamic Manipulation of Deformable Objects using Imitation Learning with Adaptation to Hardware Constraints,Eric Hannus; Tran Nguyen Le; David Blanco-Mulero; Ville Kyrki,2024,IROS,2024 IEEE/RSJ International Conference on Intelligent Robots and Systems (IROS),https://ieeexplore.ieee.org/stamp/stamp.jsp?tp=&arnumber=10802478,Заблокировано,ieee,conference,,10.1109/IROS58592.2024.10802478
Inverse Kinematics of Robotic Manipulators Using a New Learning-by-Example Method,Jacket Demby’s; Ramy Farag; Guilherme N. DeSouza,2024,IROS,2024 IEEE/RSJ International Conference on Intelligent Robots and Systems (IROS),https://ieeexplore.ieee.org/stamp/stamp.jsp?tp=&arnumber=10802048,Заблокировано,ieee,conference,,10.1109/IROS58592.2024.10802048
Dynamic Manipulation of Deformable Objects using Imitation Learning with Adaptation to Hardware Constraints,Eric Hannus; Tran Nguyen Le; David Blanco-Mulero; Ville Kyrki,2024,IROS,2024 IEEE/RSJ International Conference on Intelligent Robots and Systems (IROS),https://ieeexplore.ieee.org/stamp/stamp.jsp?tp=&arnumber=10802478,Заблокировано,ieee,conference,,10.1109/IROS58592.2024.10802478
Inverse Kinematics of Robotic Manipulators Using a New Learning-by-Example Method,Jacket Demby’s; Ramy Farag; Guilherme N. DeSouza,2024,IROS,2024 IEEE/RSJ International Conference on Intelligent Robots and Systems (IROS),https://ieeexplore.ieee.org/stamp/stamp.jsp?tp=&arnumber=10802048,Заблокировано,ieee,conference,,10.1109/IROS58592.2024.10802048
Dynamic Manipulation of Deformable Objects using Imitation Learning with Adaptation to Hardware Constraints,Eric Hannus; Tran Nguyen Le; David Blanco-Mulero; Ville Kyrki,2024,IROS,2024 IEEE/RSJ International Conference on Intelligent Robots and Systems (IROS),https://ieeexplore.ieee.org/stamp/stamp.jsp?tp=&arnumber=10802478,Заблокировано,ieee,conference,,10.1109/IROS58592.2024.10802478
Inverse Kinematics of Robotic Manipulators Using a New Learning-by-Example Method,Jacket Demby’s; Ramy Farag; Guilherme N. DeSouza,2024,IROS,2024 IEEE/RSJ International Conference on Intelligent Robots and Systems (IROS),https://ieeexplore.ieee.org/stamp/stamp.jsp?tp=&arnumber=10802048,Заблокировано,ieee,conference,,10.1109/IROS58592.2024.10802048
Dynamic Manipulation of Deformable Objects using Imitation Learning with Adaptation to Hardware Constraints,Eric Hannus; Tran Nguyen Le; David Blanco-Mulero; Ville Kyrki,2024,IROS,2024 IEEE/RSJ International Conference on Intelligent Robots and Systems (IROS),https://ieeexplore.ieee.org/stamp/stamp.jsp?tp=&arnumber=10802478,Заблокировано,ieee,conference,,10.1109/IROS58592.2024.10802478
Inverse Kinematics of Robotic Manipulators Using a New Learning-by-Example Method,Jacket Demby’s; Ramy Farag; Guilherme N. DeSouza,2024,IROS,2024 IEEE/RSJ International Conference on Intelligent Robots and Systems (IROS),https://ieeexplore.ieee.org/stamp/stamp.jsp?tp=&arnumber=10802048,Заблокировано,ieee,conference,,10.1109/IROS58592.2024.10802048
Dynamic Manipulation of Deformable Objects using Imitation Learning with Adaptation to Hardware Constraints,Eric Hannus; Tran Nguyen Le; David Blanco-Mulero; Ville Kyrki,2024,IROS,2024 IEEE/RSJ International Conference on Intelligent Robots and Systems (IROS),https://ieeexplore.ieee.org/stamp/stamp.jsp?tp=&arnumber=10802478,Заблокировано,ieee,conference,,10.1109/IROS58592.2024.10802478
Inverse Kinematics of Robotic Manipulators Using a New Learning-by-Example Method,Jacket Demby’s; Ramy Farag; Guilherme N. DeSouza,2024,IROS,2024 IEEE/RSJ International Conference on Intelligent Robots and Systems (IROS),https://ieeexplore.ieee.org/stamp/stamp.jsp?tp=&arnumber=10802048,Заблокировано,ieee,conference,,10.1109/IROS58592.2024.10802048
Dynamic Manipulation of Deformable Objects using Imitation Learning with Adaptation to Hardware Constraints,Eric Hannus; Tran Nguyen Le; David Blanco-Mulero; Ville Kyrki,2024,IROS,2024 IEEE/RSJ International Conference on Intelligent Robots and Systems (IROS),https://ieeexplore.ieee.org/stamp/stamp.jsp?tp=&arnumber=10802478,Заблокировано,ieee,conference,,10.1109/IROS58592.2024.10802478
Inverse Kinematics of Robotic Manipulators Using a New Learning-by-Example Method,Jacket Demby’s; Ramy Farag; Guilherme N. DeSouza,2024,IROS,2024 IEEE/RSJ International Conference on Intelligent Robots and Systems (IROS),https://ieeexplore.ieee.org/stamp/stamp.jsp?tp=&arnumber=10802048,Заблокировано,ieee,conference,,10.1109/IROS58592.2024.10802048
Dynamic Manipulation of Deformable Objects using Imitation Learning with Adaptation to Hardware Constraints,Eric Hannus; Tran Nguyen Le; David Blanco-Mulero; Ville Kyrki,2024,IROS,2024 IEEE/RSJ International Conference on Intelligent Robots and Systems (IROS),https://ieeexplore.ieee.org/stamp/stamp.jsp?tp=&arnumber=10802478,Заблокировано,ieee,conference,,10.1109/IROS58592.2024.10802478
Inverse Kinematics of Robotic Manipulators Using a New Learning-by-Example Method,Jacket Demby’s; Ramy Farag; Guilherme N. DeSouza,2024,IROS,2024 IEEE/RSJ International Conference on Intelligent Robots and Systems (IROS),https://ieeexplore.ieee.org/stamp/stamp.jsp?tp=&arnumber=10802048,Заблокировано,ieee,conference,,10.1109/IROS58592.2024.10802048
Dynamic Manipulation of Deformable Objects using Imitation Learning with Adaptation to Hardware Constraints,Eric Hannus; Tran Nguyen Le; David Blanco-Mulero; Ville Kyrki,2024,IROS,2024 IEEE/RSJ International Conference on Intelligent Robots and Systems (IROS),https://ieeexplore.ieee.org/stamp/stamp.jsp?tp=&arnumber=10802478,Заблокировано,ieee,conference,,10.1109/IROS58592.2024.10802478
Inverse Kinematics of Robotic Manipulators Using a New Learning-by-Example Method,Jacket Demby’s; Ramy Farag; Guilherme N. DeSouza,2024,IROS,2024 IEEE/RSJ International Conference on Intelligent Robots and Systems (IROS),https://ieeexplore.ieee.org/stamp/stamp.jsp?tp=&arnumber=10802048,Заблокировано,ieee,conference,,10.1109/IROS58592.2024.10802048
Dynamic Manipulation of Deformable Objects using Imitation Learning with Adaptation to Hardware Constraints,Eric Hannus; Tran Nguyen Le; David Blanco-Mulero; Ville Kyrki,2024,IROS,2024 IEEE/RSJ International Conference on Intelligent Robots and Systems (IROS),https://ieeexplore.ieee.org/stamp/stamp.jsp?tp=&arnumber=10802478,Заблокировано,ieee,conference,,10.1109/IROS58592.2024.10802478
Inverse Kinematics of Robotic Manipulators Using a New Learning-by-Example Method,Jacket Demby’s; Ramy Farag; Guilherme N. DeSouza,2024,IROS,2024 IEEE/RSJ International Conference on Intelligent Robots and Systems (IROS),https://ieeexplore.ieee.org/stamp/stamp.jsp?tp=&arnumber=10802048,Заблокировано,ieee,conference,,10.1109/IROS58592.2024.10802048
Dynamic Manipulation of Deformable Objects using Imitation Learning with Adaptation to Hardware Constraints,Eric Hannus; Tran Nguyen Le; David Blanco-Mulero; Ville Kyrki,2024,IROS,2024 IEEE/RSJ International Conference on Intelligent Robots and Systems (IROS),https://ieeexplore.ieee.org/stamp/stamp.jsp?tp=&arnumber=10802478,Заблокировано,ieee,conference,,10.1109/IROS58592.2024.10802478
Inverse Kinematics of Robotic Manipulators Using a New Learning-by-Example Method,Jacket Demby’s; Ramy Farag; Guilherme N. DeSouza,2024,IROS,2024 IEEE/RSJ International Conference on Intelligent Robots and Systems (IROS),https://ieeexplore.ieee.org/stamp/stamp.jsp?tp=&arnumber=10802048,Заблокировано,ieee,conference,,10.1109/IROS58592.2024.10802048
Dynamic Manipulation of Deformable Objects using Imitation Learning with Adaptation to Hardware Constraints,Eric Hannus; Tran Nguyen Le; David Blanco-Mulero; Ville Kyrki,2024,IROS,2024 IEEE/RSJ International Conference on Intelligent Robots and Systems (IROS),https://ieeexplore.ieee.org/stamp/stamp.jsp?tp=&arnumber=10802478,Заблокировано,ieee,conference,,10.1109/IROS58592.2024.10802478
Inverse Kinematics of Robotic Manipulators Using a New Learning-by-Example Method,Jacket Demby’s; Ramy Farag; Guilherme N. DeSouza,2024,IROS,2024 IEEE/RSJ International Conference on Intelligent Robots and Systems (IROS),https://ieeexplore.ieee.org/stamp/stamp.jsp?tp=&arnumber=10802048,Заблокировано,ieee,conference,,10.1109/IROS58592.2024.10802048
Dynamic Manipulation of Deformable Objects using Imitation Learning with Adaptation to Hardware Constraints,Eric Hannus; Tran Nguyen Le; David Blanco-Mulero; Ville Kyrki,2024,IROS,2024 IEEE/RSJ International Conference on Intelligent Robots and Systems (IROS),https://ieeexplore.ieee.org/stamp/stamp.jsp?tp=&arnumber=10802478,Заблокировано,ieee,conference,,10.1109/IROS58592.2024.10802478
Inverse Kinematics of Robotic Manipulators Using a New Learning-by-Example Method,Jacket Demby’s; Ramy Farag; Guilherme N. DeSouza,2024,IROS,2024 IEEE/RSJ International Conference on Intelligent Robots and Systems (IROS),https://ieeexplore.ieee.org/stamp/stamp.jsp?tp=&arnumber=10802048,Заблокировано,ieee,conference,,10.1109/IROS58592.2024.10802048
Dynamic Manipulation of Deformable Objects using Imitation Learning with Adaptation to Hardware Constraints,Eric Hannus; Tran Nguyen Le; David Blanco-Mulero; Ville Kyrki,2024,IROS,2024 IEEE/RSJ International Conference on Intelligent Robots and Systems (IROS),https://ieeexplore.ieee.org/stamp/stamp.jsp?tp=&arnumber=10802478,Заблокировано,ieee,conference,,10.1109/IROS58592.2024.10802478
Inverse Kinematics of Robotic Manipulators Using a New Learning-by-Example Method,Jacket Demby’s; Ramy Farag; Guilherme N. DeSouza,2024,IROS,2024 IEEE/RSJ International Conference on Intelligent Robots and Systems (IROS),https://ieeexplore.ieee.org/stamp/stamp.jsp?tp=&arnumber=10802048,Заблокировано,ieee,conference,,10.1109/IROS58592.2024.10802048
Dynamic Manipulation of Deformable Objects using Imitation Learning with Adaptation to Hardware Constraints,Eric Hannus; Tran Nguyen Le; David Blanco-Mulero; Ville Kyrki,2024,IROS,2024 IEEE/RSJ International Conference on Intelligent Robots and Systems (IROS),https://ieeexplore.ieee.org/stamp/stamp.jsp?tp=&arnumber=10802478,Заблокировано,ieee,conference,,10.1109/IROS58592.2024.10802478
Inverse Kinematics of Robotic Manipulators Using a New Learning-by-Example Method,Jacket Demby’s; Ramy Farag; Guilherme N. DeSouza,2024,IROS,2024 IEEE/RSJ International Conference on Intelligent Robots and Systems (IROS),https://ieeexplore.ieee.org/stamp/stamp.jsp?tp=&arnumber=10802048,Заблокировано,ieee,conference,,10.1109/IROS58592.2024.10802048
Dynamic Manipulation of Deformable Objects using Imitation Learning with Adaptation to Hardware Constraints,Eric Hannus; Tran Nguyen Le; David Blanco-Mulero; Ville Kyrki,2024,IROS,2024 IEEE/RSJ International Conference on Intelligent Robots and Systems (IROS),https://ieeexplore.ieee.org/stamp/stamp.jsp?tp=&arnumber=10802478,Заблокировано,ieee,conference,,10.1109/IROS58592.2024.10802478
Inverse Kinematics of Robotic Manipulators Using a New Learning-by-Example Method,Jacket Demby’s; Ramy Farag; Guilherme N. DeSouza,2024,IROS,2024 IEEE/RSJ International Conference on Intelligent Robots and Systems (IROS),https://ieeexplore.ieee.org/stamp/stamp.jsp?tp=&arnumber=10802048,Заблокировано,ieee,conference,,10.1109/IROS58592.2024.10802048
Dynamic Manipulation of Deformable Objects using Imitation Learning with Adaptation to Hardware Constraints,Eric Hannus; Tran Nguyen Le; David Blanco-Mulero; Ville Kyrki,2024,IROS,2024 IEEE/RSJ International Conference on Intelligent Robots and Systems (IROS),https://ieeexplore.ieee.org/stamp/stamp.jsp?tp=&arnumber=10802478,Заблокировано,ieee,conference,,10.1109/IROS58592.2024.10802478
Inverse Kinematics of Robotic Manipulators Using a New Learning-by-Example Method,Jacket Demby’s; Ramy Farag; Guilherme N. DeSouza,2024,IROS,2024 IEEE/RSJ International Conference on Intelligent Robots and Systems (IROS),https://ieeexplore.ieee.org/stamp/stamp.jsp?tp=&arnumber=10802048,Заблокировано,ieee,conference,,10.1109/IROS58592.2024.10802048
Dynamic Manipulation of Deformable Objects using Imitation Learning with Adaptation to Hardware Constraints,Eric Hannus; Tran Nguyen Le; David Blanco-Mulero; Ville Kyrki,2024,IROS,2024 IEEE/RSJ International Conference on Intelligent Robots and Systems (IROS),https://ieeexplore.ieee.org/stamp/stamp.jsp?tp=&arnumber=10802478,Заблокировано,ieee,conference,,10.1109/IROS58592.2024.10802478
Inverse Kinematics of Robotic Manipulators Using a New Learning-by-Example Method,Jacket Demby’s; Ramy Farag; Guilherme N. DeSouza,2024,IROS,2024 IEEE/RSJ International Conference on Intelligent Robots and Systems (IROS),https://ieeexplore.ieee.org/stamp/stamp.jsp?tp=&arnumber=10802048,Заблокировано,ieee,conference,,10.1109/IROS58592.2024.10802048
Dynamic Manipulation of Deformable Objects using Imitation Learning with Adaptation to Hardware Constraints,Eric Hannus; Tran Nguyen Le; David Blanco-Mulero; Ville Kyrki,2024,IROS,2024 IEEE/RSJ International Conference on Intelligent Robots and Systems (IROS),https://ieeexplore.ieee.org/stamp/stamp.jsp?tp=&arnumber=10802478,Заблокировано,ieee,conference,,10.1109/IROS58592.2024.10802478
Inverse Kinematics of Robotic Manipulators Using a New Learning-by-Example Method,Jacket Demby’s; Ramy Farag; Guilherme N. DeSouza,2024,IROS,2024 IEEE/RSJ International Conference on Intelligent Robots and Systems (IROS),https://ieeexplore.ieee.org/stamp/stamp.jsp?tp=&arnumber=10802048,Заблокировано,ieee,conference,,10.1109/IROS58592.2024.10802048
Dynamic Manipulation of Deformable Objects using Imitation Learning with Adaptation to Hardware Constraints,Eric Hannus; Tran Nguyen Le; David Blanco-Mulero; Ville Kyrki,2024,IROS,2024 IEEE/RSJ International Conference on Intelligent Robots and Systems (IROS),https://ieeexplore.ieee.org/stamp/stamp.jsp?tp=&arnumber=10802478,Заблокировано,ieee,conference,,10.1109/IROS58592.2024.10802478
Inverse Kinematics of Robotic Manipulators Using a New Learning-by-Example Method,Jacket Demby’s; Ramy Farag; Guilherme N. DeSouza,2024,IROS,2024 IEEE/RSJ International Conference on Intelligent Robots and Systems (IROS),https://ieeexplore.ieee.org/stamp/stamp.jsp?tp=&arnumber=10802048,Заблокировано,ieee,conference,,10.1109/IROS58592.2024.10802048
Dynamic Manipulation of Deformable Objects using Imitation Learning with Adaptation to Hardware Constraints,Eric Hannus; Tran Nguyen Le; David Blanco-Mulero; Ville Kyrki,2024,IROS,2024 IEEE/RSJ International Conference on Intelligent Robots and Systems (IROS),https://ieeexplore.ieee.org/stamp/stamp.jsp?tp=&arnumber=10802478,Заблокировано,ieee,conference,,10.1109/IROS58592.2024.10802478
Inverse Kinematics of Robotic Manipulators Using a New Learning-by-Example Method,Jacket Demby’s; Ramy Farag; Guilherme N. DeSouza,2024,IROS,2024 IEEE/RSJ International Conference on Intelligent Robots and Systems (IROS),https://ieeexplore.ieee.org/stamp/stamp.jsp?tp=&arnumber=10802048,Заблокировано,ieee,conference,,10.1109/IROS58592.2024.10802048
Dynamic Manipulation of Deformable Objects using Imitation Learning with Adaptation to Hardware Constraints,Eric Hannus; Tran Nguyen Le; David Blanco-Mulero; Ville Kyrki,2024,IROS,2024 IEEE/RSJ International Conference on Intelligent Robots and Systems (IROS),https://ieeexplore.ieee.org/stamp/stamp.jsp?tp=&arnumber=10802478,Заблокировано,ieee,conference,,10.1109/IROS58592.2024.10802478
Inverse Kinematics of Robotic Manipulators Using a New Learning-by-Example Method,Jacket Demby’s; Ramy Farag; Guilherme N. DeSouza,2024,IROS,2024 IEEE/RSJ International Conference on Intelligent Robots and Systems (IROS),https://ieeexplore.ieee.org/stamp/stamp.jsp?tp=&arnumber=10802048,Заблокировано,ieee,conference,,10.1109/IROS58592.2024.10802048
Dynamic Manipulation of Deformable Objects using Imitation Learning with Adaptation to Hardware Constraints,Eric Hannus; Tran Nguyen Le; David Blanco-Mulero; Ville Kyrki,2024,IROS,2024 IEEE/RSJ International Conference on Intelligent Robots and Systems (IROS),https://ieeexplore.ieee.org/stamp/stamp.jsp?tp=&arnumber=10802478,Заблокировано,ieee,conference,,10.1109/IROS58592.2024.10802478
Inverse Kinematics of Robotic Manipulators Using a New Learning-by-Example Method,Jacket Demby’s; Ramy Farag; Guilherme N. DeSouza,2024,IROS,2024 IEEE/RSJ International Conference on Intelligent Robots and Systems (IROS),https://ieeexplore.ieee.org/stamp/stamp.jsp?tp=&arnumber=10802048,Заблокировано,ieee,conference,,10.1109/IROS58592.2024.10802048
Dynamic Manipulation of Deformable Objects using Imitation Learning with Adaptation to Hardware Constraints,Eric Hannus; Tran Nguyen Le; David Blanco-Mulero; Ville Kyrki,2024,IROS,2024 IEEE/RSJ International Conference on Intelligent Robots and Systems (IROS),https://ieeexplore.ieee.org/stamp/stamp.jsp?tp=&arnumber=10802478,Заблокировано,ieee,conference,,10.1109/IROS58592.2024.10802478
Inverse Kinematics of Robotic Manipulators Using a New Learning-by-Example Method,Jacket Demby’s; Ramy Farag; Guilherme N. DeSouza,2024,IROS,2024 IEEE/RSJ International Conference on Intelligent Robots and Systems (IROS),https://ieeexplore.ieee.org/stamp/stamp.jsp?tp=&arnumber=10802048,Заблокировано,ieee,conference,,10.1109/IROS58592.2024.10802048
Dynamic Manipulation of Deformable Objects using Imitation Learning with Adaptation to Hardware Constraints,Eric Hannus; Tran Nguyen Le; David Blanco-Mulero; Ville Kyrki,2024,IROS,2024 IEEE/RSJ International Conference on Intelligent Robots and Systems (IROS),https://ieeexplore.ieee.org/stamp/stamp.jsp?tp=&arnumber=10802478,Заблокировано,ieee,conference,,10.1109/IROS58592.2024.10802478
Inverse Kinematics of Robotic Manipulators Using a New Learning-by-Example Method,Jacket Demby’s; Ramy Farag; Guilherme N. DeSouza,2024,IROS,2024 IEEE/RSJ International Conference on Intelligent Robots and Systems (IROS),https://ieeexplore.ieee.org/stamp/stamp.jsp?tp=&arnumber=10802048,Заблокировано,ieee,conference,,10.1109/IROS58592.2024.10802048
Dynamic Manipulation of Deformable Objects using Imitation Learning with Adaptation to Hardware Constraints,Eric Hannus; Tran Nguyen Le; David Blanco-Mulero; Ville Kyrki,2024,IROS,2024 IEEE/RSJ International Conference on Intelligent Robots and Systems (IROS),https://ieeexplore.ieee.org/stamp/stamp.jsp?tp=&arnumber=10802478,Заблокировано,ieee,conference,,10.1109/IROS58592.2024.10802478
Inverse Kinematics of Robotic Manipulators Using a New Learning-by-Example Method,Jacket Demby’s; Ramy Farag; Guilherme N. DeSouza,2024,IROS,2024 IEEE/RSJ International Conference on Intelligent Robots and Systems (IROS),https://ieeexplore.ieee.org/stamp/stamp.jsp?tp=&arnumber=10802048,Заблокировано,ieee,conference,,10.1109/IROS58592.2024.10802048
Dynamic Manipulation of Deformable Objects using Imitation Learning with Adaptation to Hardware Constraints,Eric Hannus; Tran Nguyen Le; David Blanco-Mulero; Ville Kyrki,2024,IROS,2024 IEEE/RSJ International Conference on Intelligent Robots and Systems (IROS),https://ieeexplore.ieee.org/stamp/stamp.jsp?tp=&arnumber=10802478,Заблокировано,ieee,conference,,10.1109/IROS58592.2024.10802478
Inverse Kinematics of Robotic Manipulators Using a New Learning-by-Example Method,Jacket Demby’s; Ramy Farag; Guilherme N. DeSouza,2024,IROS,2024 IEEE/RSJ International Conference on Intelligent Robots and Systems (IROS),https://ieeexplore.ieee.org/stamp/stamp.jsp?tp=&arnumber=10802048,Заблокировано,ieee,conference,,10.1109/IROS58592.2024.10802048
Dynamic Manipulation of Deformable Objects using Imitation Learning with Adaptation to Hardware Constraints,Eric Hannus; Tran Nguyen Le; David Blanco-Mulero; Ville Kyrki,2024,IROS,2024 IEEE/RSJ International Conference on Intelligent Robots and Systems (IROS),https://ieeexplore.ieee.org/stamp/stamp.jsp?tp=&arnumber=10802478,Заблокировано,ieee,conference,,10.1109/IROS58592.2024.10802478
Inverse Kinematics of Robotic Manipulators Using a New Learning-by-Example Method,Jacket Demby’s; Ramy Farag; Guilherme N. DeSouza,2024,IROS,2024 IEEE/RSJ International Conference on Intelligent Robots and Systems (IROS),https://ieeexplore.ieee.org/stamp/stamp.jsp?tp=&arnumber=10802048,Заблокировано,ieee,conference,,10.1109/IROS58592.2024.10802048
Dynamic Manipulation of Deformable Objects using Imitation Learning with Adaptation to Hardware Constraints,Eric Hannus; Tran Nguyen Le; David Blanco-Mulero; Ville Kyrki,2024,IROS,2024 IEEE/RSJ International Conference on Intelligent Robots and Systems (IROS),https://ieeexplore.ieee.org/stamp/stamp.jsp?tp=&arnumber=10802478,Заблокировано,ieee,conference,,10.1109/IROS58592.2024.10802478
Inverse Kinematics of Robotic Manipulators Using a New Learning-by-Example Method,Jacket Demby’s; Ramy Farag; Guilherme N. DeSouza,2024,IROS,2024 IEEE/RSJ International Conference on Intelligent Robots and Systems (IROS),https://ieeexplore.ieee.org/stamp/stamp.jsp?tp=&arnumber=10802048,Заблокировано,ieee,conference,,10.1109/IROS58592.2024.10802048
Dynamic Manipulation of Deformable Objects using Imitation Learning with Adaptation to Hardware Constraints,Eric Hannus; Tran Nguyen Le; David Blanco-Mulero; Ville Kyrki,2024,IROS,2024 IEEE/RSJ International Conference on Intelligent Robots and Systems (IROS),https://ieeexplore.ieee.org/stamp/stamp.jsp?tp=&arnumber=10802478,Заблокировано,ieee,conference,,10.1109/IROS58592.2024.10802478
Inverse Kinematics of Robotic Manipulators Using a New Learning-by-Example Method,Jacket Demby’s; Ramy Farag; Guilherme N. DeSouza,2024,IROS,2024 IEEE/RSJ International Conference on Intelligent Robots and Systems (IROS),https://ieeexplore.ieee.org/stamp/stamp.jsp?tp=&arnumber=10802048,Заблокировано,ieee,conference,,10.1109/IROS58592.2024.10802048
Dynamic Manipulation of Deformable Objects using Imitation Learning with Adaptation to Hardware Constraints,Eric Hannus; Tran Nguyen Le; David Blanco-Mulero; Ville Kyrki,2024,IROS,2024 IEEE/RSJ International Conference on Intelligent Robots and Systems (IROS),https://ieeexplore.ieee.org/stamp/stamp.jsp?tp=&arnumber=10802478,Заблокировано,ieee,conference,,10.1109/IROS58592.2024.10802478
Inverse Kinematics of Robotic Manipulators Using a New Learning-by-Example Method,Jacket Demby’s; Ramy Farag; Guilherme N. DeSouza,2024,IROS,2024 IEEE/RSJ International Conference on Intelligent Robots and Systems (IROS),https://ieeexplore.ieee.org/stamp/stamp.jsp?tp=&arnumber=10802048,Заблокировано,ieee,conference,,10.1109/IROS58592.2024.10802048
Dynamic Manipulation of Deformable Objects using Imitation Learning with Adaptation to Hardware Constraints,Eric Hannus; Tran Nguyen Le; David Blanco-Mulero; Ville Kyrki,2024,IROS,2024 IEEE/RSJ International Conference on Intelligent Robots and Systems (IROS),https://ieeexplore.ieee.org/stamp/stamp.jsp?tp=&arnumber=10802478,Заблокировано,ieee,conference,,10.1109/IROS58592.2024.10802478
Inverse Kinematics of Robotic Manipulators Using a New Learning-by-Example Method,Jacket Demby’s; Ramy Farag; Guilherme N. DeSouza,2024,IROS,2024 IEEE/RSJ International Conference on Intelligent Robots and Systems (IROS),https://ieeexplore.ieee.org/stamp/stamp.jsp?tp=&arnumber=10802048,Заблокировано,ieee,conference,,10.1109/IROS58592.2024.10802048
Dynamic Manipulation of Deformable Objects using Imitation Learning with Adaptation to Hardware Constraints,Eric Hannus; Tran Nguyen Le; David Blanco-Mulero; Ville Kyrki,2024,IROS,2024 IEEE/RSJ International Conference on Intelligent Robots and Systems (IROS),https://ieeexplore.ieee.org/stamp/stamp.jsp?tp=&arnumber=10802478,Заблокировано,ieee,conference,,10.1109/IROS58592.2024.10802478
Inverse Kinematics of Robotic Manipulators Using a New Learning-by-Example Method,Jacket Demby’s; Ramy Farag; Guilherme N. DeSouza,2024,IROS,2024 IEEE/RSJ International Conference on Intelligent Robots and Systems (IROS),https://ieeexplore.ieee.org/stamp/stamp.jsp?tp=&arnumber=10802048,Заблокировано,ieee,conference,,10.1109/IROS58592.2024.10802048
Dynamic Manipulation of Deformable Objects using Imitation Learning with Adaptation to Hardware Constraints,Eric Hannus; Tran Nguyen Le; David Blanco-Mulero; Ville Kyrki,2024,IROS,2024 IEEE/RSJ International Conference on Intelligent Robots and Systems (IROS),https://ieeexplore.ieee.org/stamp/stamp.jsp?tp=&arnumber=10802478,Заблокировано,ieee,conference,,10.1109/IROS58592.2024.10802478
Inverse Kinematics of Robotic Manipulators Using a New Learning-by-Example Method,Jacket Demby’s; Ramy Farag; Guilherme N. DeSouza,2024,IROS,2024 IEEE/RSJ International Conference on Intelligent Robots and Systems (IROS),https://ieeexplore.ieee.org/stamp/stamp.jsp?tp=&arnumber=10802048,Заблокировано,ieee,conference,,10.1109/IROS58592.2024.10802048
Dynamic Manipulation of Deformable Objects using Imitation Learning with Adaptation to Hardware Constraints,Eric Hannus; Tran Nguyen Le; David Blanco-Mulero; Ville Kyrki,2024,IROS,2024 IEEE/RSJ International Conference on Intelligent Robots and Systems (IROS),https://ieeexplore.ieee.org/stamp/stamp.jsp?tp=&arnumber=10802478,Заблокировано,ieee,conference,,10.1109/IROS58592.2024.10802478
Inverse Kinematics of Robotic Manipulators Using a New Learning-by-Example Method,Jacket Demby’s; Ramy Farag; Guilherme N. DeSouza,2024,IROS,2024 IEEE/RSJ International Conference on Intelligent Robots and Systems (IROS),https://ieeexplore.ieee.org/stamp/stamp.jsp?tp=&arnumber=10802048,Заблокировано,ieee,conference,,10.1109/IROS58592.2024.10802048
Dynamic Manipulation of Deformable Objects using Imitation Learning with Adaptation to Hardware Constraints,Eric Hannus; Tran Nguyen Le; David Blanco-Mulero; Ville Kyrki,2024,IROS,2024 IEEE/RSJ International Conference on Intelligent Robots and Systems (IROS),https://ieeexplore.ieee.org/stamp/stamp.jsp?tp=&arnumber=10802478,Заблокировано,ieee,conference,,10.1109/IROS58592.2024.10802478
Inverse Kinematics of Robotic Manipulators Using a New Learning-by-Example Method,Jacket Demby’s; Ramy Farag; Guilherme N. DeSouza,2024,IROS,2024 IEEE/RSJ International Conference on Intelligent Robots and Systems (IROS),https://ieeexplore.ieee.org/stamp/stamp.jsp?tp=&arnumber=10802048,Заблокировано,ieee,conference,,10.1109/IROS58592.2024.10802048
Dynamic Manipulation of Deformable Objects using Imitation Learning with Adaptation to Hardware Constraints,Eric Hannus; Tran Nguyen Le; David Blanco-Mulero; Ville Kyrki,2024,IROS,2024 IEEE/RSJ International Conference on Intelligent Robots and Systems (IROS),https://ieeexplore.ieee.org/stamp/stamp.jsp?tp=&arnumber=10802478,Заблокировано,ieee,conference,,10.1109/IROS58592.2024.10802478
Inverse Kinematics of Robotic Manipulators Using a New Learning-by-Example Method,Jacket Demby’s; Ramy Farag; Guilherme N. DeSouza,2024,IROS,2024 IEEE/RSJ International Conference on Intelligent Robots and Systems (IROS),https://ieeexplore.ieee.org/stamp/stamp.jsp?tp=&arnumber=10802048,Заблокировано,ieee,conference,,10.1109/IROS58592.2024.10802048
Dynamic Manipulation of Deformable Objects using Imitation Learning with Adaptation to Hardware Constraints,Eric Hannus; Tran Nguyen Le; David Blanco-Mulero; Ville Kyrki,2024,IROS,2024 IEEE/RSJ International Conference on Intelligent Robots and Systems (IROS),https://ieeexplore.ieee.org/stamp/stamp.jsp?tp=&arnumber=10802478,Заблокировано,ieee,conference,,10.1109/IROS58592.2024.10802478
Inverse Kinematics of Robotic Manipulators Using a New Learning-by-Example Method,Jacket Demby’s; Ramy Farag; Guilherme N. DeSouza,2024,IROS,2024 IEEE/RSJ International Conference on Intelligent Robots and Systems (IROS),https://ieeexplore.ieee.org/stamp/stamp.jsp?tp=&arnumber=10802048,Заблокировано,ieee,conference,,10.1109/IROS58592.2024.10802048
Dynamic Manipulation of Deformable Objects using Imitation Learning with Adaptation to Hardware Constraints,Eric Hannus; Tran Nguyen Le; David Blanco-Mulero; Ville Kyrki,2024,IROS,2024 IEEE/RSJ International Conference on Intelligent Robots and Systems (IROS),https://ieeexplore.ieee.org/stamp/stamp.jsp?tp=&arnumber=10802478,Заблокировано,ieee,conference,,10.1109/IROS58592.2024.10802478
Inverse Kinematics of Robotic Manipulators Using a New Learning-by-Example Method,Jacket Demby’s; Ramy Farag; Guilherme N. DeSouza,2024,IROS,2024 IEEE/RSJ International Conference on Intelligent Robots and Systems (IROS),https://ieeexplore.ieee.org/stamp/stamp.jsp?tp=&arnumber=10802048,Заблокировано,ieee,conference,,10.1109/IROS58592.2024.10802048
Dynamic Manipulation of Deformable Objects using Imitation Learning with Adaptation to Hardware Constraints,Eric Hannus; Tran Nguyen Le; David Blanco-Mulero; Ville Kyrki,2024,IROS,2024 IEEE/RSJ International Conference on Intelligent Robots and Systems (IROS),https://ieeexplore.ieee.org/stamp/stamp.jsp?tp=&arnumber=10802478,Заблокировано,ieee,conference,,10.1109/IROS58592.2024.10802478
Inverse Kinematics of Robotic Manipulators Using a New Learning-by-Example Method,Jacket Demby’s; Ramy Farag; Guilherme N. DeSouza,2024,IROS,2024 IEEE/RSJ International Conference on Intelligent Robots and Systems (IROS),https://ieeexplore.ieee.org/stamp/stamp.jsp?tp=&arnumber=10802048,Заблокировано,ieee,conference,,10.1109/IROS58592.2024.10802048
Dynamic Manipulation of Deformable Objects using Imitation Learning with Adaptation to Hardware Constraints,Eric Hannus; Tran Nguyen Le; David Blanco-Mulero; Ville Kyrki,2024,IROS,2024 IEEE/RSJ International Conference on Intelligent Robots and Systems (IROS),https://ieeexplore.ieee.org/stamp/stamp.jsp?tp=&arnumber=10802478,Заблокировано,ieee,conference,,10.1109/IROS58592.2024.10802478
Inverse Kinematics of Robotic Manipulators Using a New Learning-by-Example Method,Jacket Demby’s; Ramy Farag; Guilherme N. DeSouza,2024,IROS,2024 IEEE/RSJ International Conference on Intelligent Robots and Systems (IROS),https://ieeexplore.ieee.org/stamp/stamp.jsp?tp=&arnumber=10802048,Заблокировано,ieee,conference,,10.1109/IROS58592.2024.10802048
Dynamic Manipulation of Deformable Objects using Imitation Learning with Adaptation to Hardware Constraints,Eric Hannus; Tran Nguyen Le; David Blanco-Mulero; Ville Kyrki,2024,IROS,2024 IEEE/RSJ International Conference on Intelligent Robots and Systems (IROS),https://ieeexplore.ieee.org/stamp/stamp.jsp?tp=&arnumber=10802478,Заблокировано,ieee,conference,,10.1109/IROS58592.2024.10802478
Inverse Kinematics of Robotic Manipulators Using a New Learning-by-Example Method,Jacket Demby’s; Ramy Farag; Guilherme N. DeSouza,2024,IROS,2024 IEEE/RSJ International Conference on Intelligent Robots and Systems (IROS),https://ieeexplore.ieee.org/stamp/stamp.jsp?tp=&arnumber=10802048,Заблокировано,ieee,conference,,10.1109/IROS58592.2024.10802048
Dynamic Manipulation of Deformable Objects using Imitation Learning with Adaptation to Hardware Constraints,Eric Hannus; Tran Nguyen Le; David Blanco-Mulero; Ville Kyrki,2024,IROS,2024 IEEE/RSJ International Conference on Intelligent Robots and Systems (IROS),https://ieeexplore.ieee.org/stamp/stamp.jsp?tp=&arnumber=10802478,Заблокировано,ieee,conference,,10.1109/IROS58592.2024.10802478
Inverse Kinematics of Robotic Manipulators Using a New Learning-by-Example Method,Jacket Demby’s; Ramy Farag; Guilherme N. DeSouza,2024,IROS,2024 IEEE/RSJ International Conference on Intelligent Robots and Systems (IROS),https://ieeexplore.ieee.org/stamp/stamp.jsp?tp=&arnumber=10802048,Заблокировано,ieee,conference,,10.1109/IROS58592.2024.10802048
Dynamic Manipulation of Deformable Objects using Imitation Learning with Adaptation to Hardware Constraints,Eric Hannus; Tran Nguyen Le; David Blanco-Mulero; Ville Kyrki,2024,IROS,2024 IEEE/RSJ International Conference on Intelligent Robots and Systems (IROS),https://ieeexplore.ieee.org/stamp/stamp.jsp?tp=&arnumber=10802478,Заблокировано,ieee,conference,,10.1109/IROS58592.2024.10802478
Inverse Kinematics of Robotic Manipulators Using a New Learning-by-Example Method,Jacket Demby’s; Ramy Farag; Guilherme N. DeSouza,2024,IROS,2024 IEEE/RSJ International Conference on Intelligent Robots and Systems (IROS),https://ieeexplore.ieee.org/stamp/stamp.jsp?tp=&arnumber=10802048,Заблокировано,ieee,conference,,10.1109/IROS58592.2024.10802048
Dynamic Manipulation of Deformable Objects using Imitation Learning with Adaptation to Hardware Constraints,Eric Hannus; Tran Nguyen Le; David Blanco-Mulero; Ville Kyrki,2024,IROS,2024 IEEE/RSJ International Conference on Intelligent Robots and Systems (IROS),https://ieeexplore.ieee.org/stamp/stamp.jsp?tp=&arnumber=10802478,Заблокировано,ieee,conference,,10.1109/IROS58592.2024.10802478
Inverse Kinematics of Robotic Manipulators Using a New Learning-by-Example Method,Jacket Demby’s; Ramy Farag; Guilherme N. DeSouza,2024,IROS,2024 IEEE/RSJ International Conference on Intelligent Robots and Systems (IROS),https://ieeexplore.ieee.org/stamp/stamp.jsp?tp=&arnumber=10802048,Заблокировано,ieee,conference,,10.1109/IROS58592.2024.10802048
Dynamic Manipulation of Deformable Objects using Imitation Learning with Adaptation to Hardware Constraints,Eric Hannus; Tran Nguyen Le; David Blanco-Mulero; Ville Kyrki,2024,IROS,2024 IEEE/RSJ International Conference on Intelligent Robots and Systems (IROS),https://ieeexplore.ieee.org/stamp/stamp.jsp?tp=&arnumber=10802478,Заблокировано,ieee,conference,,10.1109/IROS58592.2024.10802478
Inverse Kinematics of Robotic Manipulators Using a New Learning-by-Example Method,Jacket Demby’s; Ramy Farag; Guilherme N. DeSouza,2024,IROS,2024 IEEE/RSJ International Conference on Intelligent Robots and Systems (IROS),https://ieeexplore.ieee.org/stamp/stamp.jsp?tp=&arnumber=10802048,Заблокировано,ieee,conference,,10.1109/IROS58592.2024.10802048
Dynamic Manipulation of Deformable Objects using Imitation Learning with Adaptation to Hardware Constraints,Eric Hannus; Tran Nguyen Le; David Blanco-Mulero; Ville Kyrki,2024,IROS,2024 IEEE/RSJ International Conference on Intelligent Robots and Systems (IROS),https://ieeexplore.ieee.org/stamp/stamp.jsp?tp=&arnumber=10802478,Заблокировано,ieee,conference,,10.1109/IROS58592.2024.10802478
Inverse Kinematics of Robotic Manipulators Using a New Learning-by-Example Method,Jacket Demby’s; Ramy Farag; Guilherme N. DeSouza,2024,IROS,2024 IEEE/RSJ International Conference on Intelligent Robots and Systems (IROS),https://ieeexplore.ieee.org/stamp/stamp.jsp?tp=&arnumber=10802048,Заблокировано,ieee,conference,,10.1109/IROS58592.2024.10802048
Dynamic Manipulation of Deformable Objects using Imitation Learning with Adaptation to Hardware Constraints,Eric Hannus; Tran Nguyen Le; David Blanco-Mulero; Ville Kyrki,2024,IROS,2024 IEEE/RSJ International Conference on Intelligent Robots and Systems (IROS),https://ieeexplore.ieee.org/stamp/stamp.jsp?tp=&arnumber=10802478,Заблокировано,ieee,conference,,10.1109/IROS58592.2024.10802478
Inverse Kinematics of Robotic Manipulators Using a New Learning-by-Example Method,Jacket Demby’s; Ramy Farag; Guilherme N. DeSouza,2024,IROS,2024 IEEE/RSJ International Conference on Intelligent Robots and Systems (IROS),https://ieeexplore.ieee.org/stamp/stamp.jsp?tp=&arnumber=10802048,Заблокировано,ieee,conference,,10.1109/IROS58592.2024.10802048
Dynamic Manipulation of Deformable Objects using Imitation Learning with Adaptation to Hardware Constraints,Eric Hannus; Tran Nguyen Le; David Blanco-Mulero; Ville Kyrki,2024,IROS,2024 IEEE/RSJ International Conference on Intelligent Robots and Systems (IROS),https://ieeexplore.ieee.org/stamp/stamp.jsp?tp=&arnumber=10802478,Заблокировано,ieee,conference,,10.1109/IROS58592.2024.10802478
Inverse Kinematics of Robotic Manipulators Using a New Learning-by-Example Method,Jacket Demby’s; Ramy Farag; Guilherme N. DeSouza,2024,IROS,2024 IEEE/RSJ International Conference on Intelligent Robots and Systems (IROS),https://ieeexplore.ieee.org/stamp/stamp.jsp?tp=&arnumber=10802048,Заблокировано,ieee,conference,,10.1109/IROS58592.2024.10802048
Dynamic Manipulation of Deformable Objects using Imitation Learning with Adaptation to Hardware Constraints,Eric Hannus; Tran Nguyen Le; David Blanco-Mulero; Ville Kyrki,2024,IROS,2024 IEEE/RSJ International Conference on Intelligent Robots and Systems (IROS),https://ieeexplore.ieee.org/stamp/stamp.jsp?tp=&arnumber=10802478,Заблокировано,ieee,conference,,10.1109/IROS58592.2024.10802478
Inverse Kinematics of Robotic Manipulators Using a New Learning-by-Example Method,Jacket Demby’s; Ramy Farag; Guilherme N. DeSouza,2024,IROS,2024 IEEE/RSJ International Conference on Intelligent Robots and Systems (IROS),https://ieeexplore.ieee.org/stamp/stamp.jsp?tp=&arnumber=10802048,Заблокировано,ieee,conference,,10.1109/IROS58592.2024.10802048
Dynamic Manipulation of Deformable Objects using Imitation Learning with Adaptation to Hardware Constraints,Eric Hannus; Tran Nguyen Le; David Blanco-Mulero; Ville Kyrki,2024,IROS,2024 IEEE/RSJ International Conference on Intelligent Robots and Systems (IROS),https://ieeexplore.ieee.org/stamp/stamp.jsp?tp=&arnumber=10802478,Заблокировано,ieee,conference,,10.1109/IROS58592.2024.10802478
Inverse Kinematics of Robotic Manipulators Using a New Learning-by-Example Method,Jacket Demby’s; Ramy Farag; Guilherme N. DeSouza,2024,IROS,2024 IEEE/RSJ International Conference on Intelligent Robots and Systems (IROS),https://ieeexplore.ieee.org/stamp/stamp.jsp?tp=&arnumber=10802048,Заблокировано,ieee,conference,,10.1109/IROS58592.2024.10802048
Dynamic Manipulation of Deformable Objects using Imitation Learning with Adaptation to Hardware Constraints,Eric Hannus; Tran Nguyen Le; David Blanco-Mulero; Ville Kyrki,2024,IROS,2024 IEEE/RSJ International Conference on Intelligent Robots and Systems (IROS),https://ieeexplore.ieee.org/stamp/stamp.jsp?tp=&arnumber=10802478,Заблокировано,ieee,conference,,10.1109/IROS58592.2024.10802478
Inverse Kinematics of Robotic Manipulators Using a New Learning-by-Example Method,Jacket Demby’s; Ramy Farag; Guilherme N. DeSouza,2024,IROS,2024 IEEE/RSJ International Conference on Intelligent Robots and Systems (IROS),https://ieeexplore.ieee.org/stamp/stamp.jsp?tp=&arnumber=10802048,Заблокировано,ieee,conference,,10.1109/IROS58592.2024.10802048
Dynamic Manipulation of Deformable Objects using Imitation Learning with Adaptation to Hardware Constraints,Eric Hannus; Tran Nguyen Le; David Blanco-Mulero; Ville Kyrki,2024,IROS,2024 IEEE/RSJ International Conference on Intelligent Robots and Systems (IROS),https://ieeexplore.ieee.org/stamp/stamp.jsp?tp=&arnumber=10802478,Заблокировано,ieee,conference,,10.1109/IROS58592.2024.10802478
Inverse Kinematics of Robotic Manipulators Using a New Learning-by-Example Method,Jacket Demby’s; Ramy Farag; Guilherme N. DeSouza,2024,IROS,2024 IEEE/RSJ International Conference on Intelligent Robots and Systems (IROS),https://ieeexplore.ieee.org/stamp/stamp.jsp?tp=&arnumber=10802048,Заблокировано,ieee,conference,,10.1109/IROS58592.2024.10802048
Dynamic Manipulation of Deformable Objects using Imitation Learning with Adaptation to Hardware Constraints,Eric Hannus; Tran Nguyen Le; David Blanco-Mulero; Ville Kyrki,2024,IROS,2024 IEEE/RSJ International Conference on Intelligent Robots and Systems (IROS),https://ieeexplore.ieee.org/stamp/stamp.jsp?tp=&arnumber=10802478,Заблокировано,ieee,conference,,10.1109/IROS58592.2024.10802478
Inverse Kinematics of Robotic Manipulators Using a New Learning-by-Example Method,Jacket Demby’s; Ramy Farag; Guilherme N. DeSouza,2024,IROS,2024 IEEE/RSJ International Conference on Intelligent Robots and Systems (IROS),https://ieeexplore.ieee.org/stamp/stamp.jsp?tp=&arnumber=10802048,Заблокировано,ieee,conference,,10.1109/IROS58592.2024.10802048
Dynamic Manipulation of Deformable Objects using Imitation Learning with Adaptation to Hardware Constraints,Eric Hannus; Tran Nguyen Le; David Blanco-Mulero; Ville Kyrki,2024,IROS,2024 IEEE/RSJ International Conference on Intelligent Robots and Systems (IROS),https://ieeexplore.ieee.org/stamp/stamp.jsp?tp=&arnumber=10802478,Заблокировано,ieee,conference,,10.1109/IROS58592.2024.10802478
Inverse Kinematics of Robotic Manipulators Using a New Learning-by-Example Method,Jacket Demby’s; Ramy Farag; Guilherme N. DeSouza,2024,IROS,2024 IEEE/RSJ International Conference on Intelligent Robots and Systems (IROS),https://ieeexplore.ieee.org/stamp/stamp.jsp?tp=&arnumber=10802048,Заблокировано,ieee,conference,,10.1109/IROS58592.2024.10802048
Dynamic Manipulation of Deformable Objects using Imitation Learning with Adaptation to Hardware Constraints,Eric Hannus; Tran Nguyen Le; David Blanco-Mulero; Ville Kyrki,2024,IROS,2024 IEEE/RSJ International Conference on Intelligent Robots and Systems (IROS),https://ieeexplore.ieee.org/stamp/stamp.jsp?tp=&arnumber=10802478,Заблокировано,ieee,conference,,10.1109/IROS58592.2024.10802478
Inverse Kinematics of Robotic Manipulators Using a New Learning-by-Example Method,Jacket Demby’s; Ramy Farag; Guilherme N. DeSouza,2024,IROS,2024 IEEE/RSJ International Conference on Intelligent Robots and Systems (IROS),https://ieeexplore.ieee.org/stamp/stamp.jsp?tp=&arnumber=10802048,Заблокировано,ieee,conference,,10.1109/IROS58592.2024.10802048
Dynamic Manipulation of Deformable Objects using Imitation Learning with Adaptation to Hardware Constraints,Eric Hannus; Tran Nguyen Le; David Blanco-Mulero; Ville Kyrki,2024,IROS,2024 IEEE/RSJ International Conference on Intelligent Robots and Systems (IROS),https://ieeexplore.ieee.org/stamp/stamp.jsp?tp=&arnumber=10802478,Заблокировано,ieee,conference,,10.1109/IROS58592.2024.10802478
Inverse Kinematics of Robotic Manipulators Using a New Learning-by-Example Method,Jacket Demby’s; Ramy Farag; Guilherme N. DeSouza,2024,IROS,2024 IEEE/RSJ International Conference on Intelligent Robots and Systems (IROS),https://ieeexplore.ieee.org/stamp/stamp.jsp?tp=&arnumber=10802048,Заблокировано,ieee,conference,,10.1109/IROS58592.2024.10802048
Dynamic Manipulation of Deformable Objects using Imitation Learning with Adaptation to Hardware Constraints,Eric Hannus; Tran Nguyen Le; David Blanco-Mulero; Ville Kyrki,2024,IROS,2024 IEEE/RSJ International Conference on Intelligent Robots and Systems (IROS),https://ieeexplore.ieee.org/stamp/stamp.jsp?tp=&arnumber=10802478,Заблокировано,ieee,conference,,10.1109/IROS58592.2024.10802478
Inverse Kinematics of Robotic Manipulators Using a New Learning-by-Example Method,Jacket Demby’s; Ramy Farag; Guilherme N. DeSouza,2024,IROS,2024 IEEE/RSJ International Conference on Intelligent Robots and Systems (IROS),https://ieeexplore.ieee.org/stamp/stamp.jsp?tp=&arnumber=10802048,Заблокировано,ieee,conference,,10.1109/IROS58592.2024.10802048
Dynamic Manipulation of Deformable Objects using Imitation Learning with Adaptation to Hardware Constraints,Eric Hannus; Tran Nguyen Le; David Blanco-Mulero; Ville Kyrki,2024,IROS,2024 IEEE/RSJ International Conference on Intelligent Robots and Systems (IROS),https://ieeexplore.ieee.org/stamp/stamp.jsp?tp=&arnumber=10802478,Заблокировано,ieee,conference,,10.1109/IROS58592.2024.10802478
Inverse Kinematics of Robotic Manipulators Using a New Learning-by-Example Method,Jacket Demby’s; Ramy Farag; Guilherme N. DeSouza,2024,IROS,2024 IEEE/RSJ International Conference on Intelligent Robots and Systems (IROS),https://ieeexplore.ieee.org/stamp/stamp.jsp?tp=&arnumber=10802048,Заблокировано,ieee,conference,,10.1109/IROS58592.2024.10802048
Dynamic Manipulation of Deformable Objects using Imitation Learning with Adaptation to Hardware Constraints,Eric Hannus; Tran Nguyen Le; David Blanco-Mulero; Ville Kyrki,2024,IROS,2024 IEEE/RSJ International Conference on Intelligent Robots and Systems (IROS),https://ieeexplore.ieee.org/stamp/stamp.jsp?tp=&arnumber=10802478,Заблокировано,ieee,conference,,10.1109/IROS58592.2024.10802478
Inverse Kinematics of Robotic Manipulators Using a New Learning-by-Example Method,Jacket Demby’s; Ramy Farag; Guilherme N. DeSouza,2024,IROS,2024 IEEE/RSJ International Conference on Intelligent Robots and Systems (IROS),https://ieeexplore.ieee.org/stamp/stamp.jsp?tp=&arnumber=10802048,Заблокировано,ieee,conference,,10.1109/IROS58592.2024.10802048
Dynamic Manipulation of Deformable Objects using Imitation Learning with Adaptation to Hardware Constraints,Eric Hannus; Tran Nguyen Le; David Blanco-Mulero; Ville Kyrki,2024,IROS,2024 IEEE/RSJ International Conference on Intelligent Robots and Systems (IROS),https://ieeexplore.ieee.org/stamp/stamp.jsp?tp=&arnumber=10802478,Заблокировано,ieee,conference,,10.1109/IROS58592.2024.10802478
Inverse Kinematics of Robotic Manipulators Using a New Learning-by-Example Method,Jacket Demby’s; Ramy Farag; Guilherme N. DeSouza,2024,IROS,2024 IEEE/RSJ International Conference on Intelligent Robots and Systems (IROS),https://ieeexplore.ieee.org/stamp/stamp.jsp?tp=&arnumber=10802048,Заблокировано,ieee,conference,,10.1109/IROS58592.2024.10802048
Dynamic Manipulation of Deformable Objects using Imitation Learning with Adaptation to Hardware Constraints,Eric Hannus; Tran Nguyen Le; David Blanco-Mulero; Ville Kyrki,2024,IROS,2024 IEEE/RSJ International Conference on Intelligent Robots and Systems (IROS),https://ieeexplore.ieee.org/stamp/stamp.jsp?tp=&arnumber=10802478,Заблокировано,ieee,conference,,10.1109/IROS58592.2024.10802478
Inverse Kinematics of Robotic Manipulators Using a New Learning-by-Example Method,Jacket Demby’s; Ramy Farag; Guilherme N. DeSouza,2024,IROS,2024 IEEE/RSJ International Conference on Intelligent Robots and Systems (IROS),https://ieeexplore.ieee.org/stamp/stamp.jsp?tp=&arnumber=10802048,Заблокировано,ieee,conference,,10.1109/IROS58592.2024.10802048
Dynamic Manipulation of Deformable Objects using Imitation Learning with Adaptation to Hardware Constraints,Eric Hannus; Tran Nguyen Le; David Blanco-Mulero; Ville Kyrki,2024,IROS,2024 IEEE/RSJ International Conference on Intelligent Robots and Systems (IROS),https://ieeexplore.ieee.org/stamp/stamp.jsp?tp=&arnumber=10802478,Заблокировано,ieee,conference,,10.1109/IROS58592.2024.10802478
Inverse Kinematics of Robotic Manipulators Using a New Learning-by-Example Method,Jacket Demby’s; Ramy Farag; Guilherme N. DeSouza,2024,IROS,2024 IEEE/RSJ International Conference on Intelligent Robots and Systems (IROS),https://ieeexplore.ieee.org/stamp/stamp.jsp?tp=&arnumber=10802048,Заблокировано,ieee,conference,,10.1109/IROS58592.2024.10802048
Dynamic Manipulation of Deformable Objects using Imitation Learning with Adaptation to Hardware Constraints,Eric Hannus; Tran Nguyen Le; David Blanco-Mulero; Ville Kyrki,2024,IROS,2024 IEEE/RSJ International Conference on Intelligent Robots and Systems (IROS),https://ieeexplore.ieee.org/stamp/stamp.jsp?tp=&arnumber=10802478,Заблокировано,ieee,conference,,10.1109/IROS58592.2024.10802478
Inverse Kinematics of Robotic Manipulators Using a New Learning-by-Example Method,Jacket Demby’s; Ramy Farag; Guilherme N. DeSouza,2024,IROS,2024 IEEE/RSJ International Conference on Intelligent Robots and Systems (IROS),https://ieeexplore.ieee.org/stamp/stamp.jsp?tp=&arnumber=10802048,Заблокировано,ieee,conference,,10.1109/IROS58592.2024.10802048
Dynamic Manipulation of Deformable Objects using Imitation Learning with Adaptation to Hardware Constraints,Eric Hannus; Tran Nguyen Le; David Blanco-Mulero; Ville Kyrki,2024,IROS,2024 IEEE/RSJ International Conference on Intelligent Robots and Systems (IROS),https://ieeexplore.ieee.org/stamp/stamp.jsp?tp=&arnumber=10802478,Заблокировано,ieee,conference,,10.1109/IROS58592.2024.10802478
Inverse Kinematics of Robotic Manipulators Using a New Learning-by-Example Method,Jacket Demby’s; Ramy Farag; Guilherme N. DeSouza,2024,IROS,2024 IEEE/RSJ International Conference on Intelligent Robots and Systems (IROS),https://ieeexplore.ieee.org/stamp/stamp.jsp?tp=&arnumber=10802048,Заблокировано,ieee,conference,,10.1109/IROS58592.2024.10802048
Dynamic Manipulation of Deformable Objects using Imitation Learning with Adaptation to Hardware Constraints,Eric Hannus; Tran Nguyen Le; David Blanco-Mulero; Ville Kyrki,2024,IROS,2024 IEEE/RSJ International Conference on Intelligent Robots and Systems (IROS),https://ieeexplore.ieee.org/stamp/stamp.jsp?tp=&arnumber=10802478,Заблокировано,ieee,conference,,10.1109/IROS58592.2024.10802478
Inverse Kinematics of Robotic Manipulators Using a New Learning-by-Example Method,Jacket Demby’s; Ramy Farag; Guilherme N. DeSouza,2024,IROS,2024 IEEE/RSJ International Conference on Intelligent Robots and Systems (IROS),https://ieeexplore.ieee.org/stamp/stamp.jsp?tp=&arnumber=10802048,Заблокировано,ieee,conference,,10.1109/IROS58592.2024.10802048
Dynamic Manipulation of Deformable Objects using Imitation Learning with Adaptation to Hardware Constraints,Eric Hannus; Tran Nguyen Le; David Blanco-Mulero; Ville Kyrki,2024,IROS,2024 IEEE/RSJ International Conference on Intelligent Robots and Systems (IROS),https://ieeexplore.ieee.org/stamp/stamp.jsp?tp=&arnumber=10802478,Заблокировано,ieee,conference,,10.1109/IROS58592.2024.10802478
Inverse Kinematics of Robotic Manipulators Using a New Learning-by-Example Method,Jacket Demby’s; Ramy Farag; Guilherme N. DeSouza,2024,IROS,2024 IEEE/RSJ International Conference on Intelligent Robots and Systems (IROS),https://ieeexplore.ieee.org/stamp/stamp.jsp?tp=&arnumber=10802048,Заблокировано,ieee,conference,,10.1109/IROS58592.2024.10802048
Dynamic Manipulation of Deformable Objects using Imitation Learning with Adaptation to Hardware Constraints,Eric Hannus; Tran Nguyen Le; David Blanco-Mulero; Ville Kyrki,2024,IROS,2024 IEEE/RSJ International Conference on Intelligent Robots and Systems (IROS),https://ieeexplore.ieee.org/stamp/stamp.jsp?tp=&arnumber=10802478,Заблокировано,ieee,conference,,10.1109/IROS58592.2024.10802478
Inverse Kinematics of Robotic Manipulators Using a New Learning-by-Example Method,Jacket Demby’s; Ramy Farag; Guilherme N. DeSouza,2024,IROS,2024 IEEE/RSJ International Conference on Intelligent Robots and Systems (IROS),https://ieeexplore.ieee.org/stamp/stamp.jsp?tp=&arnumber=10802048,Заблокировано,ieee,conference,,10.1109/IROS58592.2024.10802048
Dynamic Manipulation of Deformable Objects using Imitation Learning with Adaptation to Hardware Constraints,Eric Hannus; Tran Nguyen Le; David Blanco-Mulero; Ville Kyrki,2024,IROS,2024 IEEE/RSJ International Conference on Intelligent Robots and Systems (IROS),https://ieeexplore.ieee.org/stamp/stamp.jsp?tp=&arnumber=10802478,Заблокировано,ieee,conference,,10.1109/IROS58592.2024.10802478
Inverse Kinematics of Robotic Manipulators Using a New Learning-by-Example Method,Jacket Demby’s; Ramy Farag; Guilherme N. DeSouza,2024,IROS,2024 IEEE/RSJ International Conference on Intelligent Robots and Systems (IROS),https://ieeexplore.ieee.org/stamp/stamp.jsp?tp=&arnumber=10802048,Заблокировано,ieee,conference,,10.1109/IROS58592.2024.10802048
Dynamic Manipulation of Deformable Objects using Imitation Learning with Adaptation to Hardware Constraints,Eric Hannus; Tran Nguyen Le; David Blanco-Mulero; Ville Kyrki,2024,IROS,2024 IEEE/RSJ International Conference on Intelligent Robots and Systems (IROS),https://ieeexplore.ieee.org/stamp/stamp.jsp?tp=&arnumber=10802478,Заблокировано,ieee,conference,,10.1109/IROS58592.2024.10802478
Inverse Kinematics of Robotic Manipulators Using a New Learning-by-Example Method,Jacket Demby’s; Ramy Farag; Guilherme N. DeSouza,2024,IROS,2024 IEEE/RSJ International Conference on Intelligent Robots and Systems (IROS),https://ieeexplore.ieee.org/stamp/stamp.jsp?tp=&arnumber=10802048,Заблокировано,ieee,conference,,10.1109/IROS58592.2024.10802048
Dynamic Manipulation of Deformable Objects using Imitation Learning with Adaptation to Hardware Constraints,Eric Hannus; Tran Nguyen Le; David Blanco-Mulero; Ville Kyrki,2024,IROS,2024 IEEE/RSJ International Conference on Intelligent Robots and Systems (IROS),https://ieeexplore.ieee.org/stamp/stamp.jsp?tp=&arnumber=10802478,Заблокировано,ieee,conference,,10.1109/IROS58592.2024.10802478
Inverse Kinematics of Robotic Manipulators Using a New Learning-by-Example Method,Jacket Demby’s; Ramy Farag; Guilherme N. DeSouza,2024,IROS,2024 IEEE/RSJ International Conference on Intelligent Robots and Systems (IROS),https://ieeexplore.ieee.org/stamp/stamp.jsp?tp=&arnumber=10802048,Заблокировано,ieee,conference,,10.1109/IROS58592.2024.10802048
Dynamic Manipulation of Deformable Objects using Imitation Learning with Adaptation to Hardware Constraints,Eric Hannus; Tran Nguyen Le; David Blanco-Mulero; Ville Kyrki,2024,IROS,2024 IEEE/RSJ International Conference on Intelligent Robots and Systems (IROS),https://ieeexplore.ieee.org/stamp/stamp.jsp?tp=&arnumber=10802478,Заблокировано,ieee,conference,,10.1109/IROS58592.2024.10802478
Inverse Kinematics of Robotic Manipulators Using a New Learning-by-Example Method,Jacket Demby’s; Ramy Farag; Guilherme N. DeSouza,2024,IROS,2024 IEEE/RSJ International Conference on Intelligent Robots and Systems (IROS),https://ieeexplore.ieee.org/stamp/stamp.jsp?tp=&arnumber=10802048,Заблокировано,ieee,conference,,10.1109/IROS58592.2024.10802048
Dynamic Manipulation of Deformable Objects using Imitation Learning with Adaptation to Hardware Constraints,Eric Hannus; Tran Nguyen Le; David Blanco-Mulero; Ville Kyrki,2024,IROS,2024 IEEE/RSJ International Conference on Intelligent Robots and Systems (IROS),https://ieeexplore.ieee.org/stamp/stamp.jsp?tp=&arnumber=10802478,Заблокировано,ieee,conference,,10.1109/IROS58592.2024.10802478
Inverse Kinematics of Robotic Manipulators Using a New Learning-by-Example Method,Jacket Demby’s; Ramy Farag; Guilherme N. DeSouza,2024,IROS,2024 IEEE/RSJ International Conference on Intelligent Robots and Systems (IROS),https://ieeexplore.ieee.org/stamp/stamp.jsp?tp=&arnumber=10802048,Заблокировано,ieee,conference,,10.1109/IROS58592.2024.10802048
Dynamic Manipulation of Deformable Objects using Imitation Learning with Adaptation to Hardware Constraints,Eric Hannus; Tran Nguyen Le; David Blanco-Mulero; Ville Kyrki,2024,IROS,2024 IEEE/RSJ International Conference on Intelligent Robots and Systems (IROS),https://ieeexplore.ieee.org/stamp/stamp.jsp?tp=&arnumber=10802478,Заблокировано,ieee,conference,,10.1109/IROS58592.2024.10802478
Inverse Kinematics of Robotic Manipulators Using a New Learning-by-Example Method,Jacket Demby’s; Ramy Farag; Guilherme N. DeSouza,2024,IROS,2024 IEEE/RSJ International Conference on Intelligent Robots and Systems (IROS),https://ieeexplore.ieee.org/stamp/stamp.jsp?tp=&arnumber=10802048,Заблокировано,ieee,conference,,10.1109/IROS58592.2024.10802048
Dynamic Manipulation of Deformable Objects using Imitation Learning with Adaptation to Hardware Constraints,Eric Hannus; Tran Nguyen Le; David Blanco-Mulero; Ville Kyrki,2024,IROS,2024 IEEE/RSJ International Conference on Intelligent Robots and Systems (IROS),https://ieeexplore.ieee.org/stamp/stamp.jsp?tp=&arnumber=10802478,Заблокировано,ieee,conference,,10.1109/IROS58592.2024.10802478
Inverse Kinematics of Robotic Manipulators Using a New Learning-by-Example Method,Jacket Demby’s; Ramy Farag; Guilherme N. DeSouza,2024,IROS,2024 IEEE/RSJ International Conference on Intelligent Robots and Systems (IROS),https://ieeexplore.ieee.org/stamp/stamp.jsp?tp=&arnumber=10802048,Заблокировано,ieee,conference,,10.1109/IROS58592.2024.10802048
Dynamic Manipulation of Deformable Objects using Imitation Learning with Adaptation to Hardware Constraints,Eric Hannus; Tran Nguyen Le; David Blanco-Mulero; Ville Kyrki,2024,IROS,2024 IEEE/RSJ International Conference on Intelligent Robots and Systems (IROS),https://ieeexplore.ieee.org/stamp/stamp.jsp?tp=&arnumber=10802478,Заблокировано,ieee,conference,,10.1109/IROS58592.2024.10802478
Inverse Kinematics of Robotic Manipulators Using a New Learning-by-Example Method,Jacket Demby’s; Ramy Farag; Guilherme N. DeSouza,2024,IROS,2024 IEEE/RSJ International Conference on Intelligent Robots and Systems (IROS),https://ieeexplore.ieee.org/stamp/stamp.jsp?tp=&arnumber=10802048,Заблокировано,ieee,conference,,10.1109/IROS58592.2024.10802048
Dynamic Manipulation of Deformable Objects using Imitation Learning with Adaptation to Hardware Constraints,Eric Hannus; Tran Nguyen Le; David Blanco-Mulero; Ville Kyrki,2024,IROS,2024 IEEE/RSJ International Conference on Intelligent Robots and Systems (IROS),https://ieeexplore.ieee.org/stamp/stamp.jsp?tp=&arnumber=10802478,Заблокировано,ieee,conference,,10.1109/IROS58592.2024.10802478
Inverse Kinematics of Robotic Manipulators Using a New Learning-by-Example Method,Jacket Demby’s; Ramy Farag; Guilherme N. DeSouza,2024,IROS,2024 IEEE/RSJ International Conference on Intelligent Robots and Systems (IROS),https://ieeexplore.ieee.org/stamp/stamp.jsp?tp=&arnumber=10802048,Заблокировано,ieee,conference,,10.1109/IROS58592.2024.10802048
Optimal Non-Redundant Manipulator Surface Coverage with Rank-Deficient Manipulability Constraints,Tong Yang; Li Huang; Jaime Valls Miro; Yue Wang; Rong Xiong,2024,RSS,Robotics: Science and Systems,https://www.roboticsproceedings.org/rss20/p009.pdf,Открыто,rss,conference,,
AdaptiGraph: Material-Adaptive Graph-Based Neural Dynamics for Robotic Manipulation,Kaifeng Zhang; Baoyu Li; Kris Hauser; Yunzhu Li,2024,RSS,Robotics: Science and Systems,https://www.roboticsproceedings.org/rss20/p010.pdf,Открыто,rss,conference,,
Human-oriented Representation Learning for Robotic Manipulation,Mingxiao Huo; Mingyu Ding; Chenfeng Xu; Thomas Tian; Xinghao Zhu; Yao Mu; Lingfeng Sun; Masayoshi Tomizuka; Wei Zhan,2024,RSS,Robotics: Science and Systems,https://www.roboticsproceedings.org/rss20/p011.pdf,Открыто,rss,conference,,
CraterGrader: Autonomous Robotic Terrain Manipulation for Lunar Site Preparation and Earthmoving,Ryan Lee; Benjamin Younes; Alexander Pletta; John Harrington; Russell Q. Wong; William Whittaker,2024,RSS,Robotics: Science and Systems,https://www.roboticsproceedings.org/rss20/p018.pdf,Открыто,rss,conference,,
Constraint-Aware Intent Estimation for Dynamic Human-Robot Object Co-Manipulation,Yifei Simon Shao; Tianyu Li; Shafagh Keyvanian; Pratik Chaudhari; Vijay Kumar; Nadia Figueroa,2024,RSS,Robotics: Science and Systems,https://www.roboticsproceedings.org/rss20/p028.pdf,Открыто,rss,conference,,
Demonstrating Adaptive Mobile Manipulation in Retail Environments,Max Spahn; Corrado Pezzato; Chadi Salmi; Rick Dekker; Cong Wang; Christian Pek; Jens Kober; Javier Alonso-Mora; Carlos Hernandez Corbato; Martijn Wisse,2024,RSS,Robotics: Science and Systems,https://www.roboticsproceedings.org/rss20/p047.pdf,Открыто,rss,conference,,
RVT-2: Learning Precise Manipulation from Few Demonstrations,Ankit Goyal; Valts Blukis; Jie Xu; Yijie Guo; Yu-Wei Chao; Dieter Fox,2024,RSS,Robotics: Science and Systems,https://www.roboticsproceedings.org/rss20/p055.pdf,Открыто,rss,conference,,
Pushing the Limits of Cross-Embodiment Learning for Manipulation and Navigation,Jonathan Heewon Yang; Catherine Glossop; Arjun Bhorkar; Dhruv Shah; Quan Vuong; Chelsea Finn; Dorsa Sadigh; Sergey Levine,2024,RSS,Robotics: Science and Systems,https://www.roboticsproceedings.org/rss20/p093.pdf,Открыто,rss,conference,,
Construction of a Multiple-DOF Underactuated Gripper with Force-Sensing via Deep Learning,Jihao Li; Keqi Zhu; Guodong Lu; I-Ming Chen; HUIXU DONG,2024,RSS,Robotics: Science and Systems,https://www.roboticsproceedings.org/rss20/p101.pdf,Открыто,rss,conference,,
Learning Manipulation by Predicting Interaction,Jia Zeng; Qingwen Bu; Bangjun Wang; Wenke Xia; Li Chen; Hao Dong; Haoming Song; Dong Wang; Di Hu; Ping Luo; Heming Cui; Bin Zhao; Xuelong Li; Yu Qiao; Hongyang Li,2024,RSS,Robotics: Science and Systems,https://www.roboticsproceedings.org/rss20/p123.pdf,Открыто,rss,conference,,
Tilde: Teleoperation for Dexterous In-Hand Manipulation Learning with a DeltaHand,Zilin Si; Kevin Lee Zhang; Zeynep Temel; Oliver Kroemer,2024,RSS,Robotics: Science and Systems,https://www.roboticsproceedings.org/rss20/p128.pdf,Открыто,rss,conference,,
One-Shot Imitation Learning with Invariance Matching for Robotic Manipulation,Xinyu Zhang; Abdeslam Boularias,2024,RSS,Robotics: Science and Systems,https://www.roboticsproceedings.org/rss20/p134.pdf,Открыто,rss,conference,,
On the Utility of Koopman Operator Theory in Learning Dexterous Manipulation Skills,Yunhai Han; Mandy Xie; Ye Zhao; Harish Ravichandar,2023,CoRL,Conference on Robot Learning,https://proceedings.mlr.press/v229/han23a/han23a.pdf,Открыто,corl,conference,,
HACMan: Learning Hybrid Actor-Critic Maps for 6D Non-Prehensile Manipulation,Wenxuan Zhou; Bowen Jiang; Fan Yang; Chris Paxton; David Held,2023,CoRL,Conference on Robot Learning,https://proceedings.mlr.press/v229/zhou23a/zhou23a.pdf,Открыто,corl,conference,,
Diff-LfD: Contact-aware Model-based Learning from Visual Demonstration for Robotic Manipulation via Differentiable Physics-based Simulation and Rendering,Xinghao Zhu; JingHan Ke; Zhixuan Xu; Zhixin Sun; Bizhe Bai; Jun Lv; Qingtao Liu; Yuwei Zeng; Qi Ye; Cewu Lu; Masayoshi Tomizuka; Lin Shao,2023,CoRL,Conference on Robot Learning,https://proceedings.mlr.press/v229/zhu23a/zhu23a.pdf,Открыто,corl,conference,,
Stabilize to Act: Learning to Coordinate for Bimanual Manipulation,Jennifer Grannen; Yilin Wu; Brandon Vu; Dorsa Sadigh,2023,CoRL,Conference on Robot Learning,https://proceedings.mlr.press/v229/grannen23a/grannen23a.pdf,Открыто,corl,conference,,
Learning to Design and Use Tools for Robotic Manipulation,Ziang Liu; Stephen Tian; Michelle Guo; Karen Liu; Jiajun Wu,2023,CoRL,Conference on Robot Learning,https://proceedings.mlr.press/v229/liu23b/liu23b.pdf,Открыто,corl,conference,,
FlowBot++: Learning Generalized Articulated Objects Manipulation via Articulation Projection,Harry Zhang; Ben Eisner; David Held,2023,CoRL,Conference on Robot Learning,https://proceedings.mlr.press/v229/zhang23c/zhang23c.pdf,Открыто,corl,conference,,
Learning Reusable Manipulation Strategies,Jiayuan Mao; Tomás Lozano-Pérez; Joshua B. Tenenbaum; Leslie Pack Kaelbling,2023,CoRL,Conference on Robot Learning,https://proceedings.mlr.press/v229/mao23a/mao23a.pdf,Открыто,corl,conference,,
Efficient Sim-to-real Transfer of Contact-Rich Manipulation Skills with Online Admittance Residual Learning,Xiang Zhang; Changhao Wang; Lingfeng Sun; Zheng Wu; Xinghao Zhu; Masayoshi Tomizuka,2023,CoRL,Conference on Robot Learning,https://proceedings.mlr.press/v229/zhang23e/zhang23e.pdf,Открыто,corl,conference,,
Waypoint-Based Imitation Learning for Robotic Manipulation,Lucy Xiaoyang Shi; Archit Sharma; Tony Z. Zhao; Chelsea Finn,2023,CoRL,Conference on Robot Learning,https://proceedings.mlr.press/v229/shi23b/shi23b.pdf,Открыто,corl,conference,,
SCALE: Causal Learning and Discovery of Robot Manipulation Skills using Simulation,Tabitha Edith Lee; Shivam Vats; Siddharth Girdhar; Oliver Kroemer,2023,CoRL,Conference on Robot Learning,https://proceedings.mlr.press/v229/lee23b/lee23b.pdf,Открыто,corl,conference,,
Learning Robot Manipulation from Cross-Morphology Demonstration,Gautam Salhotra; I-Chun Arthur Liu; Gaurav S. Sukhatme,2023,CoRL,Conference on Robot Learning,https://proceedings.mlr.press/v229/salhotra23a/salhotra23a.pdf,Открыто,corl,conference,,
ChainedDiffuser: Unifying Trajectory Diffusion and Keypose Prediction for Robotic Manipulation,Zhou Xian; Nikolaos Gkanatsios; Theophile Gervet; Tsung-Wei Ke; Katerina Fragkiadaki,2023,CoRL,Conference on Robot Learning,https://proceedings.mlr.press/v229/xian23a/xian23a.pdf,Открыто,corl,conference,,
Curiosity-Driven Learning of Joint Locomotion and Manipulation Tasks,Clemens Schwarke; Victor Klemm; Matthijs van der Boon; Marko Bjelonic; Marco Hutter,2023,CoRL,Conference on Robot Learning,https://proceedings.mlr.press/v229/schwarke23a/schwarke23a.pdf,Открыто,corl,conference,,
PLEX: Making the Most of the Available Data for Robotic Manipulation Pretraining,Garrett Thomas; Ching-An Cheng; Ricky Loynd; Felipe Vieira Frujeri; Vibhav Vineet; Mihai Jalobeanu; Andrey Kolobov,2023,CoRL,Conference on Robot Learning,https://proceedings.mlr.press/v229/thomas23a/thomas23a.pdf,Открыто,corl,conference,,
A Data-efficient Neural ODE Framework for Optimal Control of Soft Manipulators,Mohammadreza Kasaei; Keyhan Kouhkiloui Babarahmati; Zhibin Li; Mohsen Khadem,2023,CoRL,Conference on Robot Learning,https://proceedings.mlr.press/v229/kasaei23a/kasaei23a.pdf,Открыто,corl,conference,,
Neural Field Dynamics Model for Granular Object Piles Manipulation,Shangjie Xue; Shuo Cheng; Pujith Kachana; Danfei Xu,2023,CoRL,Conference on Robot Learning,https://proceedings.mlr.press/v229/xue23a/xue23a.pdf,Открыто,corl,conference,,
Open-World Object Manipulation using Pre-Trained Vision-Language Models,Austin Stone; Ted Xiao; Yao Lu; Keerthana Gopalakrishnan; Kuang-Huei Lee; Quan Vuong; Paul Wohlhart; Sean Kirmani; Brianna Zitkovich; Fei Xia; Chelsea Finn; Karol Hausman,2023,CoRL,Conference on Robot Learning,https://proceedings.mlr.press/v229/stone23a/stone23a.pdf,Открыто,corl,conference,,
Learning Generalizable Manipulation Policies with Object-Centric 3D Representations,Yifeng Zhu; Zhenyu Jiang; Peter Stone; Yuke Zhu,2023,CoRL,Conference on Robot Learning,https://proceedings.mlr.press/v229/zhu23b/zhu23b.pdf,Открыто,corl,conference,,
Sequential Dexterity: Chaining Dexterous Policies for Long-Horizon Manipulation,Yuanpei Chen; Chen Wang; Li Fei-Fei; Karen Liu,2023,CoRL,Conference on Robot Learning,https://proceedings.mlr.press/v229/chen23e/chen23e.pdf,Открыто,corl,conference,,
Fast; Reliable Constrained Manipulation Using a VSA Driven Planar Robot,Andrew L. Bernhard; Joseph M. Schimmels,2023,ICRA,2023 IEEE International Conference on Robotics and Automation (ICRA),https://ieeexplore.ieee.org/stamp/stamp.jsp?tp=&arnumber=10160318,Заблокировано,ieee,conference,,10.1109/ICRA48891.2023.10160318
Learning to Grasp Clothing Structural Regions for Garment Manipulation Tasks,Wei Chen; Dongmyoung Lee; Digby Chappell; Nicolas Rojas,2023,IROS,2023 IEEE/RSJ International Conference on Intelligent Robots and Systems (IROS),https://ieeexplore.ieee.org/stamp/stamp.jsp?tp=&arnumber=10342086,Заблокировано,ieee,conference,,10.1109/IROS55552.2023.10342086
Nonprehensile Planar Manipulation through Reinforcement Learning with Multimodal Categorical Exploration,Juan Del Aguila Ferrandis; João Moura; Sethu Vijayakumar,2023,IROS,2023 IEEE/RSJ International Conference on Intelligent Robots and Systems (IROS),https://ieeexplore.ieee.org/stamp/stamp.jsp?tp=&arnumber=10341629,Заблокировано,ieee,conference,,10.1109/IROS55552.2023.10341629
SoftGPT: Learn Goal-Oriented Soft Object Manipulation Skills by Generative Pre-Trained Heterogeneous Graph Transformer,Junjia Liu; Zhihao Li; Wanyu Lin; Sylvain Calinon; Kay Chen Tan; Fei Chen,2023,IROS,2023 IEEE/RSJ International Conference on Intelligent Robots and Systems (IROS),https://ieeexplore.ieee.org/stamp/stamp.jsp?tp=&arnumber=10341846,Заблокировано,ieee,conference,,10.1109/IROS55552.2023.10341846
GVCCI: Lifelong Learning of Visual Grounding for Language-Guided Robotic Manipulation,Junghyun Kim; Gi-Cheon Kang; Jaein Kim; Suyeon Shin; Byoung-Tak Zhang,2023,IROS,2023 IEEE/RSJ International Conference on Intelligent Robots and Systems (IROS),https://ieeexplore.ieee.org/stamp/stamp.jsp?tp=&arnumber=10342021,Заблокировано,ieee,conference,,10.1109/IROS55552.2023.10342021
TIMS: A Tactile Internet-Based Micromanipulation System with Haptic Guidance for Surgical Training,Jialin Lin; Xiaoqing Guo; Wen Fan; Wei Li; Yuanyi Wang; Jiaming Liang; Jindong Liu; Weiru Liu; Lei Wei; Dandan Zhang,2023,IROS,2023 IEEE/RSJ International Conference on Intelligent Robots and Systems (IROS),https://ieeexplore.ieee.org/stamp/stamp.jsp?tp=&arnumber=10341980,Заблокировано,ieee,conference,,10.1109/IROS55552.2023.10341980
QDP: Learning to Sequentially Optimise Quasi-Static and Dynamic Manipulation Primitives for Robotic Cloth Manipulation,David Blanco-Mulero; Gokhan Alcan; Fares J. Abu-Dakka; Ville Kyrki,2023,IROS,2023 IEEE/RSJ International Conference on Intelligent Robots and Systems (IROS),https://ieeexplore.ieee.org/stamp/stamp.jsp?tp=&arnumber=10342002,Заблокировано,ieee,conference,,10.1109/IROS55552.2023.10342002
Multi-Arm Robot Task Planning for Fruit Harvesting Using Multi-Agent Reinforcement Learning,Tao Li; Feng Xie; Quan Qiu; Qingchun Feng,2023,IROS,2023 IEEE/RSJ International Conference on Intelligent Robots and Systems (IROS),https://ieeexplore.ieee.org/stamp/stamp.jsp?tp=&arnumber=10341822,Заблокировано,ieee,conference,,10.1109/IROS55552.2023.10341822
Exploring Visual Pre-training for Robot Manipulation: Datasets; Models and Methods,Ya Jing; Xuelin Zhu; Xingbin Liu; Qie Sima; Taozheng Yang; Yunhai Feng; Tao Kong,2023,IROS,2023 IEEE/RSJ International Conference on Intelligent Robots and Systems (IROS),https://ieeexplore.ieee.org/stamp/stamp.jsp?tp=&arnumber=10342201,Заблокировано,ieee,conference,,10.1109/IROS55552.2023.10342201
PIMbot: Policy and Incentive Manipulation for Multi-Robot Reinforcement Learning in Social Dilemmas,Shahab Nikkhoo; Zexin Li; Aritra Samanta; Yufei Li; Cong Liu,2023,IROS,2023 IEEE/RSJ International Conference on Intelligent Robots and Systems (IROS),https://ieeexplore.ieee.org/stamp/stamp.jsp?tp=&arnumber=10341884,Заблокировано,ieee,conference,,10.1109/IROS55552.2023.10341884
Augmentation Enables One-Shot Generalization in Learning from Demonstration for Contact-Rich Manipulation,Xing Li; Manuel Baum; Oliver Brock,2023,IROS,2023 IEEE/RSJ International Conference on Intelligent Robots and Systems (IROS),https://ieeexplore.ieee.org/stamp/stamp.jsp?tp=&arnumber=10341625,Заблокировано,ieee,conference,,10.1109/IROS55552.2023.10341625
Hybrid Learning- and Model-Based Planning and Control of In-Hand Manipulation,Rana Soltani Zarrin; Rianna Jitosho; Katsu Yamane,2023,IROS,2023 IEEE/RSJ International Conference on Intelligent Robots and Systems (IROS),https://ieeexplore.ieee.org/stamp/stamp.jsp?tp=&arnumber=10342153,Заблокировано,ieee,conference,,10.1109/IROS55552.2023.10342153
Learning to Open Doors with an Aerial Manipulator,Eugenio Cuniato; Ismail Geles; Weixuan Zhang; Olov Andersson; Marco Tognon; Roland Siegwart,2023,IROS,2023 IEEE/RSJ International Conference on Intelligent Robots and Systems (IROS),https://ieeexplore.ieee.org/stamp/stamp.jsp?tp=&arnumber=10342289,Заблокировано,ieee,conference,,10.1109/IROS55552.2023.10342289
Adaptive and Fail-Safe Magnetic Gripper with Charging Function for Drones on Power Lines,Viet Duong Hoang; Aljaz Kramberger; Emad Ebeid,2023,IROS,2023 IEEE/RSJ International Conference on Intelligent Robots and Systems (IROS),https://ieeexplore.ieee.org/stamp/stamp.jsp?tp=&arnumber=10341434,Заблокировано,ieee,conference,,10.1109/IROS55552.2023.10341434
Manipulation of Optical Force-Induced Micro-Assemblies at the Air-Liquid Interface,Nicholas Carlisle; Martin A.K. Williams; Catherine P. Whitby; Volker Nock; Jack L.Y. Chen; Ebubekir Avci,2023,IROS,2023 IEEE/RSJ International Conference on Intelligent Robots and Systems (IROS),https://ieeexplore.ieee.org/stamp/stamp.jsp?tp=&arnumber=10341939,Заблокировано,ieee,conference,,10.1109/IROS55552.2023.10341939
Ultrafast Acoustic Holography with Physics-Reinforced Self-Supervised Learning for Precise Robotic Manipulation,Qingyi Lu; Chengxi Zhong; Qing Liu; Teng Li; Hu Su; Song Liu,2023,IROS,2023 IEEE/RSJ International Conference on Intelligent Robots and Systems (IROS),https://ieeexplore.ieee.org/stamp/stamp.jsp?tp=&arnumber=10341483,Заблокировано,ieee,conference,,10.1109/IROS55552.2023.10341483
Towards Flexible Biolaboratory Automation: Container Taxonomy-Based; 3D-Printed Gripper Fingers*,Henning Zwirnmann; Dennis Knobbe; Utku Culha; Sami Haddadin,2023,IROS,2023 IEEE/RSJ International Conference on Intelligent Robots and Systems (IROS),https://ieeexplore.ieee.org/stamp/stamp.jsp?tp=&arnumber=10342218,Заблокировано,ieee,conference,,10.1109/IROS55552.2023.10342218
RMBench: Benchmarking Deep Reinforcement Learning for Robotic Manipulator Control,Yanfei Xiang; Xin Wang; Shu Hu; Bin Zhu; Xiaomeng Huang; Xi Wu; Siwei Lyu,2023,IROS,2023 IEEE/RSJ International Conference on Intelligent Robots and Systems (IROS),https://ieeexplore.ieee.org/stamp/stamp.jsp?tp=&arnumber=10342479,Заблокировано,ieee,conference,,10.1109/IROS55552.2023.10342479
From Temporal-Evolving to Spatial-Fixing: A Keypoints-Based Learning Paradigm for Visual Robotic Manipulation,Kevin Riou; Kaiwen Dong; Kevin Subrin; Yanjing Sun; Patrick Le Callet,2023,IROS,2023 IEEE/RSJ International Conference on Intelligent Robots and Systems (IROS),https://ieeexplore.ieee.org/stamp/stamp.jsp?tp=&arnumber=10341397,Заблокировано,ieee,conference,,10.1109/IROS55552.2023.10341397
Maintaining Visibility of Dynamic Objects in Cluttered Environments Using Mobile Manipulators and Vector Field Inequalities,Fatih Dursun; Bruno Vilhena Adorno; Simon Watson; Wei Pan,2023,IROS,2023 IEEE/RSJ International Conference on Intelligent Robots and Systems (IROS),https://ieeexplore.ieee.org/stamp/stamp.jsp?tp=&arnumber=10341763,Заблокировано,ieee,conference,,10.1109/IROS55552.2023.10341763
Zero-Shot Fault Detection for Manipulators Through Bayesian Inverse Reinforcement Learning,Hanqing Zhao; Xue Liu; Gregory Dudek,2023,IROS,2023 IEEE/RSJ International Conference on Intelligent Robots and Systems (IROS),https://ieeexplore.ieee.org/stamp/stamp.jsp?tp=&arnumber=10342143,Заблокировано,ieee,conference,,10.1109/IROS55552.2023.10342143
Spatial Reasoning via Deep Vision Models for Robotic Sequential Manipulation,Hongyou Zhou; Ingmar Schubert; Marc Toussaint; Ozgur S. Oguz,2023,IROS,2023 IEEE/RSJ International Conference on Intelligent Robots and Systems (IROS),https://ieeexplore.ieee.org/stamp/stamp.jsp?tp=&arnumber=10342010,Заблокировано,ieee,conference,,10.1109/IROS55552.2023.10342010
Aerial Manipulator Systems Gain a New Skill: Achieve Contact-based Landing on a Mobile Platform,Xiangdong Meng; Yuqing He; Haoyang Xi; Jianda Han; Aiguo Song,2023,IROS,2023 IEEE/RSJ International Conference on Intelligent Robots and Systems (IROS),https://ieeexplore.ieee.org/stamp/stamp.jsp?tp=&arnumber=10342395,Заблокировано,ieee,conference,,10.1109/IROS55552.2023.10342395
A Novel Obstacle-Avoidance Solution With Non-Iterative Neural Controller for Joint-Constrained Redundant Manipulators,Weibing Li; Zilian Yi; Yanying Zou; Haimei Wu; Yang Yang; Yongping Pan,2023,IROS,2023 IEEE/RSJ International Conference on Intelligent Robots and Systems (IROS),https://ieeexplore.ieee.org/stamp/stamp.jsp?tp=&arnumber=10342293,Заблокировано,ieee,conference,,10.1109/IROS55552.2023.10342293
A Novel Obstacle-Avoidance Solution With Non-Iterative Neural Controller for Joint-Constrained Redundant Manipulators,Weibing Li; Zilian Yi; Yanying Zou; Haimei Wu; Yang Yang; Yongping Pan,2023,IROS,2023 IEEE/RSJ International Conference on Intelligent Robots and Systems (IROS),https://ieeexplore.ieee.org/stamp/stamp.jsp?tp=&arnumber=10342293,Заблокировано,ieee,conference,,10.1109/IROS55552.2023.10342293
A Novel Obstacle-Avoidance Solution With Non-Iterative Neural Controller for Joint-Constrained Redundant Manipulators,Weibing Li; Zilian Yi; Yanying Zou; Haimei Wu; Yang Yang; Yongping Pan,2023,IROS,2023 IEEE/RSJ International Conference on Intelligent Robots and Systems (IROS),https://ieeexplore.ieee.org/stamp/stamp.jsp?tp=&arnumber=10342293,Заблокировано,ieee,conference,,10.1109/IROS55552.2023.10342293
A Novel Obstacle-Avoidance Solution With Non-Iterative Neural Controller for Joint-Constrained Redundant Manipulators,Weibing Li; Zilian Yi; Yanying Zou; Haimei Wu; Yang Yang; Yongping Pan,2023,IROS,2023 IEEE/RSJ International Conference on Intelligent Robots and Systems (IROS),https://ieeexplore.ieee.org/stamp/stamp.jsp?tp=&arnumber=10342293,Заблокировано,ieee,conference,,10.1109/IROS55552.2023.10342293
A Novel Obstacle-Avoidance Solution With Non-Iterative Neural Controller for Joint-Constrained Redundant Manipulators,Weibing Li; Zilian Yi; Yanying Zou; Haimei Wu; Yang Yang; Yongping Pan,2023,IROS,2023 IEEE/RSJ International Conference on Intelligent Robots and Systems (IROS),https://ieeexplore.ieee.org/stamp/stamp.jsp?tp=&arnumber=10342293,Заблокировано,ieee,conference,,10.1109/IROS55552.2023.10342293
A Novel Obstacle-Avoidance Solution With Non-Iterative Neural Controller for Joint-Constrained Redundant Manipulators,Weibing Li; Zilian Yi; Yanying Zou; Haimei Wu; Yang Yang; Yongping Pan,2023,IROS,2023 IEEE/RSJ International Conference on Intelligent Robots and Systems (IROS),https://ieeexplore.ieee.org/stamp/stamp.jsp?tp=&arnumber=10342293,Заблокировано,ieee,conference,,10.1109/IROS55552.2023.10342293
A Novel Obstacle-Avoidance Solution With Non-Iterative Neural Controller for Joint-Constrained Redundant Manipulators,Weibing Li; Zilian Yi; Yanying Zou; Haimei Wu; Yang Yang; Yongping Pan,2023,IROS,2023 IEEE/RSJ International Conference on Intelligent Robots and Systems (IROS),https://ieeexplore.ieee.org/stamp/stamp.jsp?tp=&arnumber=10342293,Заблокировано,ieee,conference,,10.1109/IROS55552.2023.10342293
A Novel Obstacle-Avoidance Solution With Non-Iterative Neural Controller for Joint-Constrained Redundant Manipulators,Weibing Li; Zilian Yi; Yanying Zou; Haimei Wu; Yang Yang; Yongping Pan,2023,IROS,2023 IEEE/RSJ International Conference on Intelligent Robots and Systems (IROS),https://ieeexplore.ieee.org/stamp/stamp.jsp?tp=&arnumber=10342293,Заблокировано,ieee,conference,,10.1109/IROS55552.2023.10342293
A Novel Obstacle-Avoidance Solution With Non-Iterative Neural Controller for Joint-Constrained Redundant Manipulators,Weibing Li; Zilian Yi; Yanying Zou; Haimei Wu; Yang Yang; Yongping Pan,2023,IROS,2023 IEEE/RSJ International Conference on Intelligent Robots and Systems (IROS),https://ieeexplore.ieee.org/stamp/stamp.jsp?tp=&arnumber=10342293,Заблокировано,ieee,conference,,10.1109/IROS55552.2023.10342293
A Novel Obstacle-Avoidance Solution With Non-Iterative Neural Controller for Joint-Constrained Redundant Manipulators,Weibing Li; Zilian Yi; Yanying Zou; Haimei Wu; Yang Yang; Yongping Pan,2023,IROS,2023 IEEE/RSJ International Conference on Intelligent Robots and Systems (IROS),https://ieeexplore.ieee.org/stamp/stamp.jsp?tp=&arnumber=10342293,Заблокировано,ieee,conference,,10.1109/IROS55552.2023.10342293
A Novel Obstacle-Avoidance Solution With Non-Iterative Neural Controller for Joint-Constrained Redundant Manipulators,Weibing Li; Zilian Yi; Yanying Zou; Haimei Wu; Yang Yang; Yongping Pan,2023,IROS,2023 IEEE/RSJ International Conference on Intelligent Robots and Systems (IROS),https://ieeexplore.ieee.org/stamp/stamp.jsp?tp=&arnumber=10342293,Заблокировано,ieee,conference,,10.1109/IROS55552.2023.10342293
A Novel Obstacle-Avoidance Solution With Non-Iterative Neural Controller for Joint-Constrained Redundant Manipulators,Weibing Li; Zilian Yi; Yanying Zou; Haimei Wu; Yang Yang; Yongping Pan,2023,IROS,2023 IEEE/RSJ International Conference on Intelligent Robots and Systems (IROS),https://ieeexplore.ieee.org/stamp/stamp.jsp?tp=&arnumber=10342293,Заблокировано,ieee,conference,,10.1109/IROS55552.2023.10342293
A Novel Obstacle-Avoidance Solution With Non-Iterative Neural Controller for Joint-Constrained Redundant Manipulators,Weibing Li; Zilian Yi; Yanying Zou; Haimei Wu; Yang Yang; Yongping Pan,2023,IROS,2023 IEEE/RSJ International Conference on Intelligent Robots and Systems (IROS),https://ieeexplore.ieee.org/stamp/stamp.jsp?tp=&arnumber=10342293,Заблокировано,ieee,conference,,10.1109/IROS55552.2023.10342293
A Novel Obstacle-Avoidance Solution With Non-Iterative Neural Controller for Joint-Constrained Redundant Manipulators,Weibing Li; Zilian Yi; Yanying Zou; Haimei Wu; Yang Yang; Yongping Pan,2023,IROS,2023 IEEE/RSJ International Conference on Intelligent Robots and Systems (IROS),https://ieeexplore.ieee.org/stamp/stamp.jsp?tp=&arnumber=10342293,Заблокировано,ieee,conference,,10.1109/IROS55552.2023.10342293
A Novel Obstacle-Avoidance Solution With Non-Iterative Neural Controller for Joint-Constrained Redundant Manipulators,Weibing Li; Zilian Yi; Yanying Zou; Haimei Wu; Yang Yang; Yongping Pan,2023,IROS,2023 IEEE/RSJ International Conference on Intelligent Robots and Systems (IROS),https://ieeexplore.ieee.org/stamp/stamp.jsp?tp=&arnumber=10342293,Заблокировано,ieee,conference,,10.1109/IROS55552.2023.10342293
A Novel Obstacle-Avoidance Solution With Non-Iterative Neural Controller for Joint-Constrained Redundant Manipulators,Weibing Li; Zilian Yi; Yanying Zou; Haimei Wu; Yang Yang; Yongping Pan,2023,IROS,2023 IEEE/RSJ International Conference on Intelligent Robots and Systems (IROS),https://ieeexplore.ieee.org/stamp/stamp.jsp?tp=&arnumber=10342293,Заблокировано,ieee,conference,,10.1109/IROS55552.2023.10342293
A Novel Obstacle-Avoidance Solution With Non-Iterative Neural Controller for Joint-Constrained Redundant Manipulators,Weibing Li; Zilian Yi; Yanying Zou; Haimei Wu; Yang Yang; Yongping Pan,2023,IROS,2023 IEEE/RSJ International Conference on Intelligent Robots and Systems (IROS),https://ieeexplore.ieee.org/stamp/stamp.jsp?tp=&arnumber=10342293,Заблокировано,ieee,conference,,10.1109/IROS55552.2023.10342293
A Novel Obstacle-Avoidance Solution With Non-Iterative Neural Controller for Joint-Constrained Redundant Manipulators,Weibing Li; Zilian Yi; Yanying Zou; Haimei Wu; Yang Yang; Yongping Pan,2023,IROS,2023 IEEE/RSJ International Conference on Intelligent Robots and Systems (IROS),https://ieeexplore.ieee.org/stamp/stamp.jsp?tp=&arnumber=10342293,Заблокировано,ieee,conference,,10.1109/IROS55552.2023.10342293
A Novel Obstacle-Avoidance Solution With Non-Iterative Neural Controller for Joint-Constrained Redundant Manipulators,Weibing Li; Zilian Yi; Yanying Zou; Haimei Wu; Yang Yang; Yongping Pan,2023,IROS,2023 IEEE/RSJ International Conference on Intelligent Robots and Systems (IROS),https://ieeexplore.ieee.org/stamp/stamp.jsp?tp=&arnumber=10342293,Заблокировано,ieee,conference,,10.1109/IROS55552.2023.10342293
A Novel Obstacle-Avoidance Solution With Non-Iterative Neural Controller for Joint-Constrained Redundant Manipulators,Weibing Li; Zilian Yi; Yanying Zou; Haimei Wu; Yang Yang; Yongping Pan,2023,IROS,2023 IEEE/RSJ International Conference on Intelligent Robots and Systems (IROS),https://ieeexplore.ieee.org/stamp/stamp.jsp?tp=&arnumber=10342293,Заблокировано,ieee,conference,,10.1109/IROS55552.2023.10342293
A Novel Obstacle-Avoidance Solution With Non-Iterative Neural Controller for Joint-Constrained Redundant Manipulators,Weibing Li; Zilian Yi; Yanying Zou; Haimei Wu; Yang Yang; Yongping Pan,2023,IROS,2023 IEEE/RSJ International Conference on Intelligent Robots and Systems (IROS),https://ieeexplore.ieee.org/stamp/stamp.jsp?tp=&arnumber=10342293,Заблокировано,ieee,conference,,10.1109/IROS55552.2023.10342293
A Novel Obstacle-Avoidance Solution With Non-Iterative Neural Controller for Joint-Constrained Redundant Manipulators,Weibing Li; Zilian Yi; Yanying Zou; Haimei Wu; Yang Yang; Yongping Pan,2023,IROS,2023 IEEE/RSJ International Conference on Intelligent Robots and Systems (IROS),https://ieeexplore.ieee.org/stamp/stamp.jsp?tp=&arnumber=10342293,Заблокировано,ieee,conference,,10.1109/IROS55552.2023.10342293
A Novel Obstacle-Avoidance Solution With Non-Iterative Neural Controller for Joint-Constrained Redundant Manipulators,Weibing Li; Zilian Yi; Yanying Zou; Haimei Wu; Yang Yang; Yongping Pan,2023,IROS,2023 IEEE/RSJ International Conference on Intelligent Robots and Systems (IROS),https://ieeexplore.ieee.org/stamp/stamp.jsp?tp=&arnumber=10342293,Заблокировано,ieee,conference,,10.1109/IROS55552.2023.10342293
A Novel Obstacle-Avoidance Solution With Non-Iterative Neural Controller for Joint-Constrained Redundant Manipulators,Weibing Li; Zilian Yi; Yanying Zou; Haimei Wu; Yang Yang; Yongping Pan,2023,IROS,2023 IEEE/RSJ International Conference on Intelligent Robots and Systems (IROS),https://ieeexplore.ieee.org/stamp/stamp.jsp?tp=&arnumber=10342293,Заблокировано,ieee,conference,,10.1109/IROS55552.2023.10342293
A Novel Obstacle-Avoidance Solution With Non-Iterative Neural Controller for Joint-Constrained Redundant Manipulators,Weibing Li; Zilian Yi; Yanying Zou; Haimei Wu; Yang Yang; Yongping Pan,2023,IROS,2023 IEEE/RSJ International Conference on Intelligent Robots and Systems (IROS),https://ieeexplore.ieee.org/stamp/stamp.jsp?tp=&arnumber=10342293,Заблокировано,ieee,conference,,10.1109/IROS55552.2023.10342293
A Novel Obstacle-Avoidance Solution With Non-Iterative Neural Controller for Joint-Constrained Redundant Manipulators,Weibing Li; Zilian Yi; Yanying Zou; Haimei Wu; Yang Yang; Yongping Pan,2023,IROS,2023 IEEE/RSJ International Conference on Intelligent Robots and Systems (IROS),https://ieeexplore.ieee.org/stamp/stamp.jsp?tp=&arnumber=10342293,Заблокировано,ieee,conference,,10.1109/IROS55552.2023.10342293
A Novel Obstacle-Avoidance Solution With Non-Iterative Neural Controller for Joint-Constrained Redundant Manipulators,Weibing Li; Zilian Yi; Yanying Zou; Haimei Wu; Yang Yang; Yongping Pan,2023,IROS,2023 IEEE/RSJ International Conference on Intelligent Robots and Systems (IROS),https://ieeexplore.ieee.org/stamp/stamp.jsp?tp=&arnumber=10342293,Заблокировано,ieee,conference,,10.1109/IROS55552.2023.10342293
A Novel Obstacle-Avoidance Solution With Non-Iterative Neural Controller for Joint-Constrained Redundant Manipulators,Weibing Li; Zilian Yi; Yanying Zou; Haimei Wu; Yang Yang; Yongping Pan,2023,IROS,2023 IEEE/RSJ International Conference on Intelligent Robots and Systems (IROS),https://ieeexplore.ieee.org/stamp/stamp.jsp?tp=&arnumber=10342293,Заблокировано,ieee,conference,,10.1109/IROS55552.2023.10342293
A Novel Obstacle-Avoidance Solution With Non-Iterative Neural Controller for Joint-Constrained Redundant Manipulators,Weibing Li; Zilian Yi; Yanying Zou; Haimei Wu; Yang Yang; Yongping Pan,2023,IROS,2023 IEEE/RSJ International Conference on Intelligent Robots and Systems (IROS),https://ieeexplore.ieee.org/stamp/stamp.jsp?tp=&arnumber=10342293,Заблокировано,ieee,conference,,10.1109/IROS55552.2023.10342293
A Novel Obstacle-Avoidance Solution With Non-Iterative Neural Controller for Joint-Constrained Redundant Manipulators,Weibing Li; Zilian Yi; Yanying Zou; Haimei Wu; Yang Yang; Yongping Pan,2023,IROS,2023 IEEE/RSJ International Conference on Intelligent Robots and Systems (IROS),https://ieeexplore.ieee.org/stamp/stamp.jsp?tp=&arnumber=10342293,Заблокировано,ieee,conference,,10.1109/IROS55552.2023.10342293
A Novel Obstacle-Avoidance Solution With Non-Iterative Neural Controller for Joint-Constrained Redundant Manipulators,Weibing Li; Zilian Yi; Yanying Zou; Haimei Wu; Yang Yang; Yongping Pan,2023,IROS,2023 IEEE/RSJ International Conference on Intelligent Robots and Systems (IROS),https://ieeexplore.ieee.org/stamp/stamp.jsp?tp=&arnumber=10342293,Заблокировано,ieee,conference,,10.1109/IROS55552.2023.10342293
A Novel Obstacle-Avoidance Solution With Non-Iterative Neural Controller for Joint-Constrained Redundant Manipulators,Weibing Li; Zilian Yi; Yanying Zou; Haimei Wu; Yang Yang; Yongping Pan,2023,IROS,2023 IEEE/RSJ International Conference on Intelligent Robots and Systems (IROS),https://ieeexplore.ieee.org/stamp/stamp.jsp?tp=&arnumber=10342293,Заблокировано,ieee,conference,,10.1109/IROS55552.2023.10342293
A Novel Obstacle-Avoidance Solution With Non-Iterative Neural Controller for Joint-Constrained Redundant Manipulators,Weibing Li; Zilian Yi; Yanying Zou; Haimei Wu; Yang Yang; Yongping Pan,2023,IROS,2023 IEEE/RSJ International Conference on Intelligent Robots and Systems (IROS),https://ieeexplore.ieee.org/stamp/stamp.jsp?tp=&arnumber=10342293,Заблокировано,ieee,conference,,10.1109/IROS55552.2023.10342293
A Novel Obstacle-Avoidance Solution With Non-Iterative Neural Controller for Joint-Constrained Redundant Manipulators,Weibing Li; Zilian Yi; Yanying Zou; Haimei Wu; Yang Yang; Yongping Pan,2023,IROS,2023 IEEE/RSJ International Conference on Intelligent Robots and Systems (IROS),https://ieeexplore.ieee.org/stamp/stamp.jsp?tp=&arnumber=10342293,Заблокировано,ieee,conference,,10.1109/IROS55552.2023.10342293
A Novel Obstacle-Avoidance Solution With Non-Iterative Neural Controller for Joint-Constrained Redundant Manipulators,Weibing Li; Zilian Yi; Yanying Zou; Haimei Wu; Yang Yang; Yongping Pan,2023,IROS,2023 IEEE/RSJ International Conference on Intelligent Robots and Systems (IROS),https://ieeexplore.ieee.org/stamp/stamp.jsp?tp=&arnumber=10342293,Заблокировано,ieee,conference,,10.1109/IROS55552.2023.10342293
A Novel Obstacle-Avoidance Solution With Non-Iterative Neural Controller for Joint-Constrained Redundant Manipulators,Weibing Li; Zilian Yi; Yanying Zou; Haimei Wu; Yang Yang; Yongping Pan,2023,IROS,2023 IEEE/RSJ International Conference on Intelligent Robots and Systems (IROS),https://ieeexplore.ieee.org/stamp/stamp.jsp?tp=&arnumber=10342293,Заблокировано,ieee,conference,,10.1109/IROS55552.2023.10342293
A Novel Obstacle-Avoidance Solution With Non-Iterative Neural Controller for Joint-Constrained Redundant Manipulators,Weibing Li; Zilian Yi; Yanying Zou; Haimei Wu; Yang Yang; Yongping Pan,2023,IROS,2023 IEEE/RSJ International Conference on Intelligent Robots and Systems (IROS),https://ieeexplore.ieee.org/stamp/stamp.jsp?tp=&arnumber=10342293,Заблокировано,ieee,conference,,10.1109/IROS55552.2023.10342293
A Novel Obstacle-Avoidance Solution With Non-Iterative Neural Controller for Joint-Constrained Redundant Manipulators,Weibing Li; Zilian Yi; Yanying Zou; Haimei Wu; Yang Yang; Yongping Pan,2023,IROS,2023 IEEE/RSJ International Conference on Intelligent Robots and Systems (IROS),https://ieeexplore.ieee.org/stamp/stamp.jsp?tp=&arnumber=10342293,Заблокировано,ieee,conference,,10.1109/IROS55552.2023.10342293
A Novel Obstacle-Avoidance Solution With Non-Iterative Neural Controller for Joint-Constrained Redundant Manipulators,Weibing Li; Zilian Yi; Yanying Zou; Haimei Wu; Yang Yang; Yongping Pan,2023,IROS,2023 IEEE/RSJ International Conference on Intelligent Robots and Systems (IROS),https://ieeexplore.ieee.org/stamp/stamp.jsp?tp=&arnumber=10342293,Заблокировано,ieee,conference,,10.1109/IROS55552.2023.10342293
A Novel Obstacle-Avoidance Solution With Non-Iterative Neural Controller for Joint-Constrained Redundant Manipulators,Weibing Li; Zilian Yi; Yanying Zou; Haimei Wu; Yang Yang; Yongping Pan,2023,IROS,2023 IEEE/RSJ International Conference on Intelligent Robots and Systems (IROS),https://ieeexplore.ieee.org/stamp/stamp.jsp?tp=&arnumber=10342293,Заблокировано,ieee,conference,,10.1109/IROS55552.2023.10342293
A Novel Obstacle-Avoidance Solution With Non-Iterative Neural Controller for Joint-Constrained Redundant Manipulators,Weibing Li; Zilian Yi; Yanying Zou; Haimei Wu; Yang Yang; Yongping Pan,2023,IROS,2023 IEEE/RSJ International Conference on Intelligent Robots and Systems (IROS),https://ieeexplore.ieee.org/stamp/stamp.jsp?tp=&arnumber=10342293,Заблокировано,ieee,conference,,10.1109/IROS55552.2023.10342293
A Novel Obstacle-Avoidance Solution With Non-Iterative Neural Controller for Joint-Constrained Redundant Manipulators,Weibing Li; Zilian Yi; Yanying Zou; Haimei Wu; Yang Yang; Yongping Pan,2023,IROS,2023 IEEE/RSJ International Conference on Intelligent Robots and Systems (IROS),https://ieeexplore.ieee.org/stamp/stamp.jsp?tp=&arnumber=10342293,Заблокировано,ieee,conference,,10.1109/IROS55552.2023.10342293
A Novel Obstacle-Avoidance Solution With Non-Iterative Neural Controller for Joint-Constrained Redundant Manipulators,Weibing Li; Zilian Yi; Yanying Zou; Haimei Wu; Yang Yang; Yongping Pan,2023,IROS,2023 IEEE/RSJ International Conference on Intelligent Robots and Systems (IROS),https://ieeexplore.ieee.org/stamp/stamp.jsp?tp=&arnumber=10342293,Заблокировано,ieee,conference,,10.1109/IROS55552.2023.10342293
A Novel Obstacle-Avoidance Solution With Non-Iterative Neural Controller for Joint-Constrained Redundant Manipulators,Weibing Li; Zilian Yi; Yanying Zou; Haimei Wu; Yang Yang; Yongping Pan,2023,IROS,2023 IEEE/RSJ International Conference on Intelligent Robots and Systems (IROS),https://ieeexplore.ieee.org/stamp/stamp.jsp?tp=&arnumber=10342293,Заблокировано,ieee,conference,,10.1109/IROS55552.2023.10342293
A Novel Obstacle-Avoidance Solution With Non-Iterative Neural Controller for Joint-Constrained Redundant Manipulators,Weibing Li; Zilian Yi; Yanying Zou; Haimei Wu; Yang Yang; Yongping Pan,2023,IROS,2023 IEEE/RSJ International Conference on Intelligent Robots and Systems (IROS),https://ieeexplore.ieee.org/stamp/stamp.jsp?tp=&arnumber=10342293,Заблокировано,ieee,conference,,10.1109/IROS55552.2023.10342293
A Novel Obstacle-Avoidance Solution With Non-Iterative Neural Controller for Joint-Constrained Redundant Manipulators,Weibing Li; Zilian Yi; Yanying Zou; Haimei Wu; Yang Yang; Yongping Pan,2023,IROS,2023 IEEE/RSJ International Conference on Intelligent Robots and Systems (IROS),https://ieeexplore.ieee.org/stamp/stamp.jsp?tp=&arnumber=10342293,Заблокировано,ieee,conference,,10.1109/IROS55552.2023.10342293
A Novel Obstacle-Avoidance Solution With Non-Iterative Neural Controller for Joint-Constrained Redundant Manipulators,Weibing Li; Zilian Yi; Yanying Zou; Haimei Wu; Yang Yang; Yongping Pan,2023,IROS,2023 IEEE/RSJ International Conference on Intelligent Robots and Systems (IROS),https://ieeexplore.ieee.org/stamp/stamp.jsp?tp=&arnumber=10342293,Заблокировано,ieee,conference,,10.1109/IROS55552.2023.10342293
A Novel Obstacle-Avoidance Solution With Non-Iterative Neural Controller for Joint-Constrained Redundant Manipulators,Weibing Li; Zilian Yi; Yanying Zou; Haimei Wu; Yang Yang; Yongping Pan,2023,IROS,2023 IEEE/RSJ International Conference on Intelligent Robots and Systems (IROS),https://ieeexplore.ieee.org/stamp/stamp.jsp?tp=&arnumber=10342293,Заблокировано,ieee,conference,,10.1109/IROS55552.2023.10342293
A Novel Obstacle-Avoidance Solution With Non-Iterative Neural Controller for Joint-Constrained Redundant Manipulators,Weibing Li; Zilian Yi; Yanying Zou; Haimei Wu; Yang Yang; Yongping Pan,2023,IROS,2023 IEEE/RSJ International Conference on Intelligent Robots and Systems (IROS),https://ieeexplore.ieee.org/stamp/stamp.jsp?tp=&arnumber=10342293,Заблокировано,ieee,conference,,10.1109/IROS55552.2023.10342293
A Novel Obstacle-Avoidance Solution With Non-Iterative Neural Controller for Joint-Constrained Redundant Manipulators,Weibing Li; Zilian Yi; Yanying Zou; Haimei Wu; Yang Yang; Yongping Pan,2023,IROS,2023 IEEE/RSJ International Conference on Intelligent Robots and Systems (IROS),https://ieeexplore.ieee.org/stamp/stamp.jsp?tp=&arnumber=10342293,Заблокировано,ieee,conference,,10.1109/IROS55552.2023.10342293
A Novel Obstacle-Avoidance Solution With Non-Iterative Neural Controller for Joint-Constrained Redundant Manipulators,Weibing Li; Zilian Yi; Yanying Zou; Haimei Wu; Yang Yang; Yongping Pan,2023,IROS,2023 IEEE/RSJ International Conference on Intelligent Robots and Systems (IROS),https://ieeexplore.ieee.org/stamp/stamp.jsp?tp=&arnumber=10342293,Заблокировано,ieee,conference,,10.1109/IROS55552.2023.10342293
A Novel Obstacle-Avoidance Solution With Non-Iterative Neural Controller for Joint-Constrained Redundant Manipulators,Weibing Li; Zilian Yi; Yanying Zou; Haimei Wu; Yang Yang; Yongping Pan,2023,IROS,2023 IEEE/RSJ International Conference on Intelligent Robots and Systems (IROS),https://ieeexplore.ieee.org/stamp/stamp.jsp?tp=&arnumber=10342293,Заблокировано,ieee,conference,,10.1109/IROS55552.2023.10342293
A Novel Obstacle-Avoidance Solution With Non-Iterative Neural Controller for Joint-Constrained Redundant Manipulators,Weibing Li; Zilian Yi; Yanying Zou; Haimei Wu; Yang Yang; Yongping Pan,2023,IROS,2023 IEEE/RSJ International Conference on Intelligent Robots and Systems (IROS),https://ieeexplore.ieee.org/stamp/stamp.jsp?tp=&arnumber=10342293,Заблокировано,ieee,conference,,10.1109/IROS55552.2023.10342293
A Novel Obstacle-Avoidance Solution With Non-Iterative Neural Controller for Joint-Constrained Redundant Manipulators,Weibing Li; Zilian Yi; Yanying Zou; Haimei Wu; Yang Yang; Yongping Pan,2023,IROS,2023 IEEE/RSJ International Conference on Intelligent Robots and Systems (IROS),https://ieeexplore.ieee.org/stamp/stamp.jsp?tp=&arnumber=10342293,Заблокировано,ieee,conference,,10.1109/IROS55552.2023.10342293
A Novel Obstacle-Avoidance Solution With Non-Iterative Neural Controller for Joint-Constrained Redundant Manipulators,Weibing Li; Zilian Yi; Yanying Zou; Haimei Wu; Yang Yang; Yongping Pan,2023,IROS,2023 IEEE/RSJ International Conference on Intelligent Robots and Systems (IROS),https://ieeexplore.ieee.org/stamp/stamp.jsp?tp=&arnumber=10342293,Заблокировано,ieee,conference,,10.1109/IROS55552.2023.10342293
A Novel Obstacle-Avoidance Solution With Non-Iterative Neural Controller for Joint-Constrained Redundant Manipulators,Weibing Li; Zilian Yi; Yanying Zou; Haimei Wu; Yang Yang; Yongping Pan,2023,IROS,2023 IEEE/RSJ International Conference on Intelligent Robots and Systems (IROS),https://ieeexplore.ieee.org/stamp/stamp.jsp?tp=&arnumber=10342293,Заблокировано,ieee,conference,,10.1109/IROS55552.2023.10342293
A Novel Obstacle-Avoidance Solution With Non-Iterative Neural Controller for Joint-Constrained Redundant Manipulators,Weibing Li; Zilian Yi; Yanying Zou; Haimei Wu; Yang Yang; Yongping Pan,2023,IROS,2023 IEEE/RSJ International Conference on Intelligent Robots and Systems (IROS),https://ieeexplore.ieee.org/stamp/stamp.jsp?tp=&arnumber=10342293,Заблокировано,ieee,conference,,10.1109/IROS55552.2023.10342293
A Novel Obstacle-Avoidance Solution With Non-Iterative Neural Controller for Joint-Constrained Redundant Manipulators,Weibing Li; Zilian Yi; Yanying Zou; Haimei Wu; Yang Yang; Yongping Pan,2023,IROS,2023 IEEE/RSJ International Conference on Intelligent Robots and Systems (IROS),https://ieeexplore.ieee.org/stamp/stamp.jsp?tp=&arnumber=10342293,Заблокировано,ieee,conference,,10.1109/IROS55552.2023.10342293
A Novel Obstacle-Avoidance Solution With Non-Iterative Neural Controller for Joint-Constrained Redundant Manipulators,Weibing Li; Zilian Yi; Yanying Zou; Haimei Wu; Yang Yang; Yongping Pan,2023,IROS,2023 IEEE/RSJ International Conference on Intelligent Robots and Systems (IROS),https://ieeexplore.ieee.org/stamp/stamp.jsp?tp=&arnumber=10342293,Заблокировано,ieee,conference,,10.1109/IROS55552.2023.10342293
A Novel Obstacle-Avoidance Solution With Non-Iterative Neural Controller for Joint-Constrained Redundant Manipulators,Weibing Li; Zilian Yi; Yanying Zou; Haimei Wu; Yang Yang; Yongping Pan,2023,IROS,2023 IEEE/RSJ International Conference on Intelligent Robots and Systems (IROS),https://ieeexplore.ieee.org/stamp/stamp.jsp?tp=&arnumber=10342293,Заблокировано,ieee,conference,,10.1109/IROS55552.2023.10342293
A Novel Obstacle-Avoidance Solution With Non-Iterative Neural Controller for Joint-Constrained Redundant Manipulators,Weibing Li; Zilian Yi; Yanying Zou; Haimei Wu; Yang Yang; Yongping Pan,2023,IROS,2023 IEEE/RSJ International Conference on Intelligent Robots and Systems (IROS),https://ieeexplore.ieee.org/stamp/stamp.jsp?tp=&arnumber=10342293,Заблокировано,ieee,conference,,10.1109/IROS55552.2023.10342293
A Novel Obstacle-Avoidance Solution With Non-Iterative Neural Controller for Joint-Constrained Redundant Manipulators,Weibing Li; Zilian Yi; Yanying Zou; Haimei Wu; Yang Yang; Yongping Pan,2023,IROS,2023 IEEE/RSJ International Conference on Intelligent Robots and Systems (IROS),https://ieeexplore.ieee.org/stamp/stamp.jsp?tp=&arnumber=10342293,Заблокировано,ieee,conference,,10.1109/IROS55552.2023.10342293
A Novel Obstacle-Avoidance Solution With Non-Iterative Neural Controller for Joint-Constrained Redundant Manipulators,Weibing Li; Zilian Yi; Yanying Zou; Haimei Wu; Yang Yang; Yongping Pan,2023,IROS,2023 IEEE/RSJ International Conference on Intelligent Robots and Systems (IROS),https://ieeexplore.ieee.org/stamp/stamp.jsp?tp=&arnumber=10342293,Заблокировано,ieee,conference,,10.1109/IROS55552.2023.10342293
A Novel Obstacle-Avoidance Solution With Non-Iterative Neural Controller for Joint-Constrained Redundant Manipulators,Weibing Li; Zilian Yi; Yanying Zou; Haimei Wu; Yang Yang; Yongping Pan,2023,IROS,2023 IEEE/RSJ International Conference on Intelligent Robots and Systems (IROS),https://ieeexplore.ieee.org/stamp/stamp.jsp?tp=&arnumber=10342293,Заблокировано,ieee,conference,,10.1109/IROS55552.2023.10342293
A Novel Obstacle-Avoidance Solution With Non-Iterative Neural Controller for Joint-Constrained Redundant Manipulators,Weibing Li; Zilian Yi; Yanying Zou; Haimei Wu; Yang Yang; Yongping Pan,2023,IROS,2023 IEEE/RSJ International Conference on Intelligent Robots and Systems (IROS),https://ieeexplore.ieee.org/stamp/stamp.jsp?tp=&arnumber=10342293,Заблокировано,ieee,conference,,10.1109/IROS55552.2023.10342293
A Novel Obstacle-Avoidance Solution With Non-Iterative Neural Controller for Joint-Constrained Redundant Manipulators,Weibing Li; Zilian Yi; Yanying Zou; Haimei Wu; Yang Yang; Yongping Pan,2023,IROS,2023 IEEE/RSJ International Conference on Intelligent Robots and Systems (IROS),https://ieeexplore.ieee.org/stamp/stamp.jsp?tp=&arnumber=10342293,Заблокировано,ieee,conference,,10.1109/IROS55552.2023.10342293
A Novel Obstacle-Avoidance Solution With Non-Iterative Neural Controller for Joint-Constrained Redundant Manipulators,Weibing Li; Zilian Yi; Yanying Zou; Haimei Wu; Yang Yang; Yongping Pan,2023,IROS,2023 IEEE/RSJ International Conference on Intelligent Robots and Systems (IROS),https://ieeexplore.ieee.org/stamp/stamp.jsp?tp=&arnumber=10342293,Заблокировано,ieee,conference,,10.1109/IROS55552.2023.10342293
A Novel Obstacle-Avoidance Solution With Non-Iterative Neural Controller for Joint-Constrained Redundant Manipulators,Weibing Li; Zilian Yi; Yanying Zou; Haimei Wu; Yang Yang; Yongping Pan,2023,IROS,2023 IEEE/RSJ International Conference on Intelligent Robots and Systems (IROS),https://ieeexplore.ieee.org/stamp/stamp.jsp?tp=&arnumber=10342293,Заблокировано,ieee,conference,,10.1109/IROS55552.2023.10342293
A Novel Obstacle-Avoidance Solution With Non-Iterative Neural Controller for Joint-Constrained Redundant Manipulators,Weibing Li; Zilian Yi; Yanying Zou; Haimei Wu; Yang Yang; Yongping Pan,2023,IROS,2023 IEEE/RSJ International Conference on Intelligent Robots and Systems (IROS),https://ieeexplore.ieee.org/stamp/stamp.jsp?tp=&arnumber=10342293,Заблокировано,ieee,conference,,10.1109/IROS55552.2023.10342293
A Novel Obstacle-Avoidance Solution With Non-Iterative Neural Controller for Joint-Constrained Redundant Manipulators,Weibing Li; Zilian Yi; Yanying Zou; Haimei Wu; Yang Yang; Yongping Pan,2023,IROS,2023 IEEE/RSJ International Conference on Intelligent Robots and Systems (IROS),https://ieeexplore.ieee.org/stamp/stamp.jsp?tp=&arnumber=10342293,Заблокировано,ieee,conference,,10.1109/IROS55552.2023.10342293
A Novel Obstacle-Avoidance Solution With Non-Iterative Neural Controller for Joint-Constrained Redundant Manipulators,Weibing Li; Zilian Yi; Yanying Zou; Haimei Wu; Yang Yang; Yongping Pan,2023,IROS,2023 IEEE/RSJ International Conference on Intelligent Robots and Systems (IROS),https://ieeexplore.ieee.org/stamp/stamp.jsp?tp=&arnumber=10342293,Заблокировано,ieee,conference,,10.1109/IROS55552.2023.10342293
A Novel Obstacle-Avoidance Solution With Non-Iterative Neural Controller for Joint-Constrained Redundant Manipulators,Weibing Li; Zilian Yi; Yanying Zou; Haimei Wu; Yang Yang; Yongping Pan,2023,IROS,2023 IEEE/RSJ International Conference on Intelligent Robots and Systems (IROS),https://ieeexplore.ieee.org/stamp/stamp.jsp?tp=&arnumber=10342293,Заблокировано,ieee,conference,,10.1109/IROS55552.2023.10342293
A Novel Obstacle-Avoidance Solution With Non-Iterative Neural Controller for Joint-Constrained Redundant Manipulators,Weibing Li; Zilian Yi; Yanying Zou; Haimei Wu; Yang Yang; Yongping Pan,2023,IROS,2023 IEEE/RSJ International Conference on Intelligent Robots and Systems (IROS),https://ieeexplore.ieee.org/stamp/stamp.jsp?tp=&arnumber=10342293,Заблокировано,ieee,conference,,10.1109/IROS55552.2023.10342293
A Novel Obstacle-Avoidance Solution With Non-Iterative Neural Controller for Joint-Constrained Redundant Manipulators,Weibing Li; Zilian Yi; Yanying Zou; Haimei Wu; Yang Yang; Yongping Pan,2023,IROS,2023 IEEE/RSJ International Conference on Intelligent Robots and Systems (IROS),https://ieeexplore.ieee.org/stamp/stamp.jsp?tp=&arnumber=10342293,Заблокировано,ieee,conference,,10.1109/IROS55552.2023.10342293
A Novel Obstacle-Avoidance Solution With Non-Iterative Neural Controller for Joint-Constrained Redundant Manipulators,Weibing Li; Zilian Yi; Yanying Zou; Haimei Wu; Yang Yang; Yongping Pan,2023,IROS,2023 IEEE/RSJ International Conference on Intelligent Robots and Systems (IROS),https://ieeexplore.ieee.org/stamp/stamp.jsp?tp=&arnumber=10342293,Заблокировано,ieee,conference,,10.1109/IROS55552.2023.10342293
A Novel Obstacle-Avoidance Solution With Non-Iterative Neural Controller for Joint-Constrained Redundant Manipulators,Weibing Li; Zilian Yi; Yanying Zou; Haimei Wu; Yang Yang; Yongping Pan,2023,IROS,2023 IEEE/RSJ International Conference on Intelligent Robots and Systems (IROS),https://ieeexplore.ieee.org/stamp/stamp.jsp?tp=&arnumber=10342293,Заблокировано,ieee,conference,,10.1109/IROS55552.2023.10342293
A Novel Obstacle-Avoidance Solution With Non-Iterative Neural Controller for Joint-Constrained Redundant Manipulators,Weibing Li; Zilian Yi; Yanying Zou; Haimei Wu; Yang Yang; Yongping Pan,2023,IROS,2023 IEEE/RSJ International Conference on Intelligent Robots and Systems (IROS),https://ieeexplore.ieee.org/stamp/stamp.jsp?tp=&arnumber=10342293,Заблокировано,ieee,conference,,10.1109/IROS55552.2023.10342293
A Novel Obstacle-Avoidance Solution With Non-Iterative Neural Controller for Joint-Constrained Redundant Manipulators,Weibing Li; Zilian Yi; Yanying Zou; Haimei Wu; Yang Yang; Yongping Pan,2023,IROS,2023 IEEE/RSJ International Conference on Intelligent Robots and Systems (IROS),https://ieeexplore.ieee.org/stamp/stamp.jsp?tp=&arnumber=10342293,Заблокировано,ieee,conference,,10.1109/IROS55552.2023.10342293
A Novel Obstacle-Avoidance Solution With Non-Iterative Neural Controller for Joint-Constrained Redundant Manipulators,Weibing Li; Zilian Yi; Yanying Zou; Haimei Wu; Yang Yang; Yongping Pan,2023,IROS,2023 IEEE/RSJ International Conference on Intelligent Robots and Systems (IROS),https://ieeexplore.ieee.org/stamp/stamp.jsp?tp=&arnumber=10342293,Заблокировано,ieee,conference,,10.1109/IROS55552.2023.10342293
A Novel Obstacle-Avoidance Solution With Non-Iterative Neural Controller for Joint-Constrained Redundant Manipulators,Weibing Li; Zilian Yi; Yanying Zou; Haimei Wu; Yang Yang; Yongping Pan,2023,IROS,2023 IEEE/RSJ International Conference on Intelligent Robots and Systems (IROS),https://ieeexplore.ieee.org/stamp/stamp.jsp?tp=&arnumber=10342293,Заблокировано,ieee,conference,,10.1109/IROS55552.2023.10342293
A Novel Obstacle-Avoidance Solution With Non-Iterative Neural Controller for Joint-Constrained Redundant Manipulators,Weibing Li; Zilian Yi; Yanying Zou; Haimei Wu; Yang Yang; Yongping Pan,2023,IROS,2023 IEEE/RSJ International Conference on Intelligent Robots and Systems (IROS),https://ieeexplore.ieee.org/stamp/stamp.jsp?tp=&arnumber=10342293,Заблокировано,ieee,conference,,10.1109/IROS55552.2023.10342293
A Novel Obstacle-Avoidance Solution With Non-Iterative Neural Controller for Joint-Constrained Redundant Manipulators,Weibing Li; Zilian Yi; Yanying Zou; Haimei Wu; Yang Yang; Yongping Pan,2023,IROS,2023 IEEE/RSJ International Conference on Intelligent Robots and Systems (IROS),https://ieeexplore.ieee.org/stamp/stamp.jsp?tp=&arnumber=10342293,Заблокировано,ieee,conference,,10.1109/IROS55552.2023.10342293
A Novel Obstacle-Avoidance Solution With Non-Iterative Neural Controller for Joint-Constrained Redundant Manipulators,Weibing Li; Zilian Yi; Yanying Zou; Haimei Wu; Yang Yang; Yongping Pan,2023,IROS,2023 IEEE/RSJ International Conference on Intelligent Robots and Systems (IROS),https://ieeexplore.ieee.org/stamp/stamp.jsp?tp=&arnumber=10342293,Заблокировано,ieee,conference,,10.1109/IROS55552.2023.10342293
A Novel Obstacle-Avoidance Solution With Non-Iterative Neural Controller for Joint-Constrained Redundant Manipulators,Weibing Li; Zilian Yi; Yanying Zou; Haimei Wu; Yang Yang; Yongping Pan,2023,IROS,2023 IEEE/RSJ International Conference on Intelligent Robots and Systems (IROS),https://ieeexplore.ieee.org/stamp/stamp.jsp?tp=&arnumber=10342293,Заблокировано,ieee,conference,,10.1109/IROS55552.2023.10342293
A Novel Obstacle-Avoidance Solution With Non-Iterative Neural Controller for Joint-Constrained Redundant Manipulators,Weibing Li; Zilian Yi; Yanying Zou; Haimei Wu; Yang Yang; Yongping Pan,2023,IROS,2023 IEEE/RSJ International Conference on Intelligent Robots and Systems (IROS),https://ieeexplore.ieee.org/stamp/stamp.jsp?tp=&arnumber=10342293,Заблокировано,ieee,conference,,10.1109/IROS55552.2023.10342293
A Novel Obstacle-Avoidance Solution With Non-Iterative Neural Controller for Joint-Constrained Redundant Manipulators,Weibing Li; Zilian Yi; Yanying Zou; Haimei Wu; Yang Yang; Yongping Pan,2023,IROS,2023 IEEE/RSJ International Conference on Intelligent Robots and Systems (IROS),https://ieeexplore.ieee.org/stamp/stamp.jsp?tp=&arnumber=10342293,Заблокировано,ieee,conference,,10.1109/IROS55552.2023.10342293
A Novel Obstacle-Avoidance Solution With Non-Iterative Neural Controller for Joint-Constrained Redundant Manipulators,Weibing Li; Zilian Yi; Yanying Zou; Haimei Wu; Yang Yang; Yongping Pan,2023,IROS,2023 IEEE/RSJ International Conference on Intelligent Robots and Systems (IROS),https://ieeexplore.ieee.org/stamp/stamp.jsp?tp=&arnumber=10342293,Заблокировано,ieee,conference,,10.1109/IROS55552.2023.10342293
A Novel Obstacle-Avoidance Solution With Non-Iterative Neural Controller for Joint-Constrained Redundant Manipulators,Weibing Li; Zilian Yi; Yanying Zou; Haimei Wu; Yang Yang; Yongping Pan,2023,IROS,2023 IEEE/RSJ International Conference on Intelligent Robots and Systems (IROS),https://ieeexplore.ieee.org/stamp/stamp.jsp?tp=&arnumber=10342293,Заблокировано,ieee,conference,,10.1109/IROS55552.2023.10342293
A Novel Obstacle-Avoidance Solution With Non-Iterative Neural Controller for Joint-Constrained Redundant Manipulators,Weibing Li; Zilian Yi; Yanying Zou; Haimei Wu; Yang Yang; Yongping Pan,2023,IROS,2023 IEEE/RSJ International Conference on Intelligent Robots and Systems (IROS),https://ieeexplore.ieee.org/stamp/stamp.jsp?tp=&arnumber=10342293,Заблокировано,ieee,conference,,10.1109/IROS55552.2023.10342293
A Novel Obstacle-Avoidance Solution With Non-Iterative Neural Controller for Joint-Constrained Redundant Manipulators,Weibing Li; Zilian Yi; Yanying Zou; Haimei Wu; Yang Yang; Yongping Pan,2023,IROS,2023 IEEE/RSJ International Conference on Intelligent Robots and Systems (IROS),https://ieeexplore.ieee.org/stamp/stamp.jsp?tp=&arnumber=10342293,Заблокировано,ieee,conference,,10.1109/IROS55552.2023.10342293
Learning Fine-Grained Bimanual Manipulation with Low-Cost Hardware,Tony Z. Zhao; Vikash Kumar; Sergey Levine; Chelsea Finn,2023,RSS,Robotics: Science and Systems,https://www.roboticsproceedings.org/rss19/p016.pdf,Открыто,rss,conference,,
Sampling-based Exploration for Reinforcement Learning of Dexterous Manipulation,Gagan Khandate; Siqi Shang; Eric T Chang; Tristan L Saidi; Johnson Adams; Matei Ciocarlie,2023,RSS,Robotics: Science and Systems,https://www.roboticsproceedings.org/rss19/p020.pdf,Открыто,rss,conference,,
Deep RL at Scale: Sorting Waste in Office Buildings with a Fleet of Mobile Manipulators,Alexander Herzog; Kanishka Rao; Karol Hausman; Yao Lu; Paul Wohlhart; Mengyuan Yan; Jessica Lin; Montserrat Gonzalez Arenas; Ted Xiao; Daniel Kappler; Daniel Ho; Jarek Rettinghouse; Yevgen Chebotar; Kuang-Huei Lee; Keerthana Gopalakrishnan; Ryan Julian; Adrian Li; Chuyuan Fu; Bob Wei; Sangeetha Ramesh; Khem Holden; Kim Kleiven; David J Rendleman; Sean Kirmani; Jeffrey Bingham; Jonathan Weisz; Ying Xu; Wenlong Lu; Matthew Bennice; Cody Fong; David Do; Jessica Lam; Yunfei Bai; Benjie Holson; Michael Quinlan; Noah Brown; Mrinal Kalakrishnan; Julian Ibarz; Peter Pastor; Sergey Levine,2023,RSS,Robotics: Science and Systems,https://www.roboticsproceedings.org/rss19/p022.pdf,Открыто,rss,conference,,
DexPBT: Scaling up Dexterous Manipulation for Hand-Arm Systems with Population Based Training,Aleksei Petrenko; Arthur Allshire; Gavriel State; Ankur Handa; Viktor Makoviychuk,2023,RSS,Robotics: Science and Systems,https://www.roboticsproceedings.org/rss19/p037.pdf,Открыто,rss,conference,,
Dynamic-Resolution Model Learning for Object Pile Manipulation,Yixuan Wang; Yunzhu Li; Katherine Driggs-Campbell; Li Fei-Fei; Jiajun Wu,2023,RSS,Robotics: Science and Systems,https://www.roboticsproceedings.org/rss19/p047.pdf,Открыто,rss,conference,,
Active Velocity Estimation using Light Curtains via Self-Supervised Multi-Armed Bandits,Siddharth  Ancha; Gaurav Pathak; Ji Zhang; Srinivasa Narasimhan; David Held,2023,RSS,Robotics: Science and Systems,https://www.roboticsproceedings.org/rss19/p097.pdf,Открыто,rss,conference,,
RoboTube: Learning Household Manipulation from Human Videos with Simulated Twin Environments,Haoyu Xiong; Haoyuan Fu; Jieyi Zhang; Chen Bao; Qiang Zhang; Yongxi Huang; Wenqiang Xu; Animesh Garg; Cewu Lu,2022,CoRL,Conference on Robot Learning,https://proceedings.mlr.press/v205/xiong23a/xiong23a.pdf,Открыто,corl,conference,,
Deep Whole-Body Control: Learning a Unified Policy for Manipulation and Locomotion,Zipeng Fu; Xuxin Cheng; Deepak Pathak,2022,CoRL,Conference on Robot Learning,https://proceedings.mlr.press/v205/fu23a/fu23a.pdf,Открыто,corl,conference,,
Frame Mining: a Free Lunch for Learning Robotic Manipulation from 3D Point Clouds,Minghua Liu; Xuanlin Li; Zhan Ling; Yangyan Li; Hao Su,2022,CoRL,Conference on Robot Learning,https://proceedings.mlr.press/v205/liu23d/liu23d.pdf,Открыто,corl,conference,,
DexPoint: Generalizable Point Cloud Reinforcement Learning for Sim-to-Real Dexterous Manipulation,Yuzhe Qin; Binghao Huang; Zhao-Heng Yin; Hao Su; Xiaolong Wang,2022,CoRL,Conference on Robot Learning,https://proceedings.mlr.press/v205/qin23a/qin23a.pdf,Открыто,corl,conference,,
Learning Generalizable Dexterous Manipulation from Human Grasp Affordance,Yueh-Hua Wu; Jiashun Wang; Xiaolong Wang,2022,CoRL,Conference on Robot Learning,https://proceedings.mlr.press/v205/wu23a/wu23a.pdf,Открыто,corl,conference,,
Learning Preconditions of Hybrid Force-Velocity Controllers for Contact-Rich Manipulation,Jacky Liang; Xianyi Cheng; Oliver Kroemer,2022,CoRL,Conference on Robot Learning,https://proceedings.mlr.press/v205/liang23a/liang23a.pdf,Открыто,corl,conference,,
Learning Dense Visual Descriptors using Image Augmentations for Robot Manipulation Tasks,Christian Graf; David B. Adrian; Joshua Weil; Miroslav Gabriel; Philipp Schillinger; Markus Spies; Heiko Neumann; Andras Gabor Kupcsik,2022,CoRL,Conference on Robot Learning,https://proceedings.mlr.press/v205/graf23a/graf23a.pdf,Открыто,corl,conference,,
VIOLA: Imitation Learning for Vision-Based Manipulation with Object Proposal Priors,Yifeng Zhu; Abhishek Joshi; Peter Stone; Yuke Zhu,2022,CoRL,Conference on Robot Learning,https://proceedings.mlr.press/v205/zhu23a/zhu23a.pdf,Открыто,corl,conference,,
Solving Complex Manipulation Tasks with Model-Assisted Model-Free Reinforcement Learning,Jianshu Hu; Paul Weng,2022,CoRL,Conference on Robot Learning,https://proceedings.mlr.press/v205/hu23a/hu23a.pdf,Открыто,corl,conference,,
Leveraging Language for Accelerated Learning of Tool Manipulation,Allen Z. Ren; Bharat Govil; Tsung-Yen Yang; Karthik R Narasimhan; Anirudha Majumdar,2022,CoRL,Conference on Robot Learning,https://proceedings.mlr.press/v205/ren23a/ren23a.pdf,Открыто,corl,conference,,
Modularity through Attention: Efficient Training and Transfer of Language-Conditioned Policies for Robot Manipulation,Yifan Zhou; Shubham Sonawani; Mariano Phielipp; Simon Stepputtis; Heni Amor,2022,CoRL,Conference on Robot Learning,https://proceedings.mlr.press/v205/zhou23b/zhou23b.pdf,Открыто,corl,conference,,
Semi-Autonomous Teleoperation via Learning Non-Prehensile Manipulation Skills,Sangbeom Park; Yoonbyung Chai; Sunghyun Park; Jeongeun Park; Kyungjae Lee; Sungjoon Choi,2022,ICRA,2022 International Conference on Robotics and Automation (ICRA),https://ieeexplore.ieee.org/stamp/stamp.jsp?tp=&arnumber=9811823,Заблокировано,ieee,conference,,10.1109/ICRA46639.2022.9811823
Research on the Positioning Accuracy of the Drill Pipe Manipulator Based on the Flexible Revolute Pair,Hang Chen; Jun Wan,2022,ICRA,2022 6th International Conference on Robotics and Automation Sciences (ICRAS),https://ieeexplore.ieee.org/stamp/stamp.jsp?tp=&arnumber=9841983,Заблокировано,ieee,conference,,10.1109/ICRAS55217.2022.9841983
Constraint-based Task Specification and Trajectory Optimization for Sequential Manipulation,Mun Seng Phoon; Philipp S. Schmitt; Georg V. Wichert,2022,IROS,2022 IEEE/RSJ International Conference on Intelligent Robots and Systems (IROS),https://ieeexplore.ieee.org/stamp/stamp.jsp?tp=&arnumber=9981909,Заблокировано,ieee,conference,,10.1109/IROS47612.2022.9981909
Metal Wire Manipulation Planning for 3D Curving - A Low Payload Robot that Uses a Bending Machine to Bend High-Stiffness Wire,Ruishuang Liu; Weiwei Wan; Emiko Isomura; Kensuke Harada,2022,IROS,2022 IEEE/RSJ International Conference on Intelligent Robots and Systems (IROS),https://ieeexplore.ieee.org/stamp/stamp.jsp?tp=&arnumber=9981672,Заблокировано,ieee,conference,,10.1109/IROS47612.2022.9981672
Visual Manipulation Relationship Detection based on Gated Graph Neural Network for Robotic Grasping,Mengyuan Ding; Yaxin Liu; Chenjie Yang; Xuguang Lan,2022,IROS,2022 IEEE/RSJ International Conference on Intelligent Robots and Systems (IROS),https://ieeexplore.ieee.org/stamp/stamp.jsp?tp=&arnumber=9981077,Заблокировано,ieee,conference,,10.1109/IROS47612.2022.9981077
Towards Adaptive Continuous Control of Soft Robotic Manipulator using Reinforcement Learning,Yingqi Li; Xiaomei Wang; Ka-Wai Kwok,2022,IROS,2022 IEEE/RSJ International Conference on Intelligent Robots and Systems (IROS),https://ieeexplore.ieee.org/stamp/stamp.jsp?tp=&arnumber=9981335,Заблокировано,ieee,conference,,10.1109/IROS47612.2022.9981335
Sequence-of-Constraints MPC: Reactive Timing-Optimal Control of Sequential Manipulation,Marc Toussaint; Jason Harris; Jung-Su Ha; Danny Driess; Wolfgang Hönig,2022,IROS,2022 IEEE/RSJ International Conference on Intelligent Robots and Systems (IROS),https://ieeexplore.ieee.org/stamp/stamp.jsp?tp=&arnumber=9982236,Заблокировано,ieee,conference,,10.1109/IROS47612.2022.9982236
A Unified and Modular Model Predictive Control Framework for Soft Continuum Manipulators under Internal and External Constraints,Filippo A. Spinelli; Robert K. Katzschmann,2022,IROS,2022 IEEE/RSJ International Conference on Intelligent Robots and Systems (IROS),https://ieeexplore.ieee.org/stamp/stamp.jsp?tp=&arnumber=9981702,Заблокировано,ieee,conference,,10.1109/IROS47612.2022.9981702
A System for Imitation Learning of Contact-Rich Bimanual Manipulation Policies,Simon Stepputtis; Maryam Bandari; Stefan Schaal; Heni Ben Amor,2022,IROS,2022 IEEE/RSJ International Conference on Intelligent Robots and Systems (IROS),https://ieeexplore.ieee.org/stamp/stamp.jsp?tp=&arnumber=9981802,Заблокировано,ieee,conference,,10.1109/IROS47612.2022.9981802
How to Spend Your Robot Time: Bridging Kickstarting and Offline Reinforcement Learning for Vision-based Robotic Manipulation,Alex X. Lee; Coline Devin; Jost Tobias Springenberg; Yuxiang Zhou; Thomas Lampe; Abbas Abdolmaleki; Konstantinos Bousmalis,2022,IROS,2022 IEEE/RSJ International Conference on Intelligent Robots and Systems (IROS),https://ieeexplore.ieee.org/stamp/stamp.jsp?tp=&arnumber=9981126,Заблокировано,ieee,conference,,10.1109/IROS47612.2022.9981126
Learning Object Manipulation Skills from Video via Approximate Differentiable Physics,Vladimír Petrík; Mohammad Nomaan Qureshi; Josef Sivic; Makar Tapaswi,2022,IROS,2022 IEEE/RSJ International Conference on Intelligent Robots and Systems (IROS),https://ieeexplore.ieee.org/stamp/stamp.jsp?tp=&arnumber=9982084,Заблокировано,ieee,conference,,10.1109/IROS47612.2022.9982084
Learning a State Estimator for Tactile In-Hand Manipulation,Lennart Röstel; Leon Sievers; Johannes Pitz; Berthold Bäuml,2022,IROS,2022 IEEE/RSJ International Conference on Intelligent Robots and Systems (IROS),https://ieeexplore.ieee.org/stamp/stamp.jsp?tp=&arnumber=9981730,Заблокировано,ieee,conference,,10.1109/IROS47612.2022.9981730
Learning Symbolic Failure Detection for Grasping and Mobile Manipulation Tasks,Patrick Hegemann; Tim Zechmeister; Markus Grotz; Kevin Hitzler; Tamim Asfour,2022,IROS,2022 IEEE/RSJ International Conference on Intelligent Robots and Systems (IROS),https://ieeexplore.ieee.org/stamp/stamp.jsp?tp=&arnumber=9982223,Заблокировано,ieee,conference,,10.1109/IROS47612.2022.9982223
Multi-Level Task Learning Based on Intention and Constraint Inference for Autonomous Robotic Manipulation,Christoph Willibald; Dongheui Lee,2022,IROS,2022 IEEE/RSJ International Conference on Intelligent Robots and Systems (IROS),https://ieeexplore.ieee.org/stamp/stamp.jsp?tp=&arnumber=9981288,Заблокировано,ieee,conference,,10.1109/IROS47612.2022.9981288
Analysis of Randomization Effects on Sim2Real Transfer in Reinforcement Learning for Robotic Manipulation Tasks,Josip Josifovski; Mohammadhossein Malmir; Noah Klarmann; Bare Luka Žagar; Nicolás Navarro-Guerrero; Alois Knoll,2022,IROS,2022 IEEE/RSJ International Conference on Intelligent Robots and Systems (IROS),https://ieeexplore.ieee.org/stamp/stamp.jsp?tp=&arnumber=9981951,Заблокировано,ieee,conference,,10.1109/IROS47612.2022.9981951
On Robotic Manipulation of Flexible Flat Cables: Employing a Multi-Modal Gripper with Dexterous Tips; Active Nails; and a Reconfigurable Suction Cup Module,Joao Buzzatto; Jayden Chapman; Mojtaba Shahmohammadi; Felipe Sanches; Mahla Nejati; Saori Matsunaga; Rintaro Haraguchi; Toshisada Mariyama; Bruce MacDonald; Minas Liarokapis,2022,IROS,2022 IEEE/RSJ International Conference on Intelligent Robots and Systems (IROS),https://ieeexplore.ieee.org/stamp/stamp.jsp?tp=&arnumber=9981313,Заблокировано,ieee,conference,,10.1109/IROS47612.2022.9981313
Autonomous Control of Redundant Hydraulic Manipulator Using Reinforcement Learning with Action Feedback,Rohit Dhakate; Christian Brommer; Christoph Bohm; Harald Gietler; Stephan Weiss; Jan Steinbrener,2022,IROS,2022 IEEE/RSJ International Conference on Intelligent Robots and Systems (IROS),https://ieeexplore.ieee.org/stamp/stamp.jsp?tp=&arnumber=9981425,Заблокировано,ieee,conference,,10.1109/IROS47612.2022.9981425
Optimizing Demonstrated Robot Manipulation Skills for Temporal Logic Constraints,Akshay Dhonthi; Philipp Schillinger; Leonel Rozo; Daniele Nardi,2022,IROS,2022 IEEE/RSJ International Conference on Intelligent Robots and Systems (IROS),https://ieeexplore.ieee.org/stamp/stamp.jsp?tp=&arnumber=9981384,Заблокировано,ieee,conference,,10.1109/IROS47612.2022.9981384
An open-source motion planning framework for mobile manipulators using constraint-based task space control with linear MPC,Simon Stelter; Georg Bartels; Michael Beetz,2022,IROS,2022 IEEE/RSJ International Conference on Intelligent Robots and Systems (IROS),https://ieeexplore.ieee.org/stamp/stamp.jsp?tp=&arnumber=9982245,Заблокировано,ieee,conference,,10.1109/IROS47612.2022.9982245
Variable Stiffness Object Recognition with Bayesian Convolutional Neural Network on a Soft Gripper,Jinyue Cao; Jingyi Huang; Andre Rosendo,2022,IROS,2022 IEEE/RSJ International Conference on Intelligent Robots and Systems (IROS),https://ieeexplore.ieee.org/stamp/stamp.jsp?tp=&arnumber=9982051,Заблокировано,ieee,conference,,10.1109/IROS47612.2022.9982051
A Contact-Safe Reinforcement Learning Framework for Contact-Rich Robot Manipulation,Xiang Zhu; Shucheng Kang; Jianyu Chen,2022,IROS,2022 IEEE/RSJ International Conference on Intelligent Robots and Systems (IROS),https://ieeexplore.ieee.org/stamp/stamp.jsp?tp=&arnumber=9981185,Заблокировано,ieee,conference,,10.1109/IROS47612.2022.9981185
Use of Action Label in Deep Predictive Learning for Robot Manipulation,Kei Kase; Chikara Utsumi; Yukiyasu Domae; Tetsuya Ogata,2022,IROS,2022 IEEE/RSJ International Conference on Intelligent Robots and Systems (IROS),https://ieeexplore.ieee.org/stamp/stamp.jsp?tp=&arnumber=9982091,Заблокировано,ieee,conference,,10.1109/IROS47612.2022.9982091
Can we reach human expert programming performance? A tactile manipulation case study in learning time and task performance,Lars Johannsmeier; Sami Haddadin,2022,IROS,2022 IEEE/RSJ International Conference on Intelligent Robots and Systems (IROS),https://ieeexplore.ieee.org/stamp/stamp.jsp?tp=&arnumber=9982025,Заблокировано,ieee,conference,,10.1109/IROS47612.2022.9982025
Simultaneous Depth Estimation and Localization for Cell Manipulation Based on Deep Learning,Zengshuo Wang; Huiying Gong; Ke Li; Bin Yang; Yue Du; Yaowei Liu; Xin Zhao; Mingzhu Sun,2022,IROS,2022 IEEE/RSJ International Conference on Intelligent Robots and Systems (IROS),https://ieeexplore.ieee.org/stamp/stamp.jsp?tp=&arnumber=9982228,Заблокировано,ieee,conference,,10.1109/IROS47612.2022.9982228
Relationship Oriented Semantic Scene Understanding for Daily Manipulation Tasks,Chao Tang; Jingwen Yu; Weinan Chen; Bingyi Xia; Hong Zhang,2022,IROS,2022 IEEE/RSJ International Conference on Intelligent Robots and Systems (IROS),https://ieeexplore.ieee.org/stamp/stamp.jsp?tp=&arnumber=9981960,Заблокировано,ieee,conference,,10.1109/IROS47612.2022.9981960
Real-time Acoustic Holography with Physics-based Deep Learning for Acoustic Robotic Manipulation,Chengxi Zhong; Zhenhuan Sun; Kunyong Lyu; Yao Guo; Song Liu,2022,IROS,2022 IEEE/RSJ International Conference on Intelligent Robots and Systems (IROS),https://ieeexplore.ieee.org/stamp/stamp.jsp?tp=&arnumber=9981395,Заблокировано,ieee,conference,,10.1109/IROS47612.2022.9981395
Graph-Structured Policy Learning for Multi-Goal Manipulation Tasks,David Klee; Ondrej Biza; Robert Platt,2022,IROS,2022 IEEE/RSJ International Conference on Intelligent Robots and Systems (IROS),https://ieeexplore.ieee.org/stamp/stamp.jsp?tp=&arnumber=9981295,Заблокировано,ieee,conference,,10.1109/IROS47612.2022.9981295
Bio-inspired Reflex System for Learning Visual Information for Resilient Robotic Manipulation,Kai Junge; Kevin Qiu; Josie Hughes,2022,IROS,2022 IEEE/RSJ International Conference on Intelligent Robots and Systems (IROS),https://ieeexplore.ieee.org/stamp/stamp.jsp?tp=&arnumber=9981310,Заблокировано,ieee,conference,,10.1109/IROS47612.2022.9981310
Learning physics-informed simulation models for soft robotic manipulation: A case study with dielectric elastomer actuators,Manu Lahariya; Craig Innes; Chris Develder; Subramanian Ramamoorthy,2022,IROS,2022 IEEE/RSJ International Conference on Intelligent Robots and Systems (IROS),https://ieeexplore.ieee.org/stamp/stamp.jsp?tp=&arnumber=9981373,Заблокировано,ieee,conference,,10.1109/IROS47612.2022.9981373
Hierarchical Learning and Control for In-Hand Micromanipulation Using Multiple Laser-Driven Micro-Tools,Yongyi Jia; Yu Chen; Hao Liu; Xiu Li; Xiang Li,2022,IROS,2022 IEEE/RSJ International Conference on Intelligent Robots and Systems (IROS),https://ieeexplore.ieee.org/stamp/stamp.jsp?tp=&arnumber=9982033,Заблокировано,ieee,conference,,10.1109/IROS47612.2022.9982033
Jerk-continuous Online Trajectory Generation for Robot Manipulator with Arbitrary Initial State and Kinematic Constraints,Haoran Zhao; Nihal Abdurahiman; Nikhil Navkar; Julien Leclerc; Aaron T. Becker,2022,IROS,2022 IEEE/RSJ International Conference on Intelligent Robots and Systems (IROS),https://ieeexplore.ieee.org/stamp/stamp.jsp?tp=&arnumber=9981086,Заблокировано,ieee,conference,,10.1109/IROS47612.2022.9981086
Using human gaze in few-shot imitation learning for robot manipulation,Shogo Hamano; Heecheol Kim; Yoshiyuki Ohmura; Yasuo Kuniyoshi,2022,IROS,2022 IEEE/RSJ International Conference on Intelligent Robots and Systems (IROS),https://ieeexplore.ieee.org/stamp/stamp.jsp?tp=&arnumber=9981706,Заблокировано,ieee,conference,,10.1109/IROS47612.2022.9981706
Efficiently Learning Manipulations by Selecting Structured Skill Representations,Mohit Sharma; Oliver Kroemer,2022,IROS,2022 IEEE/RSJ International Conference on Intelligent Robots and Systems (IROS),https://ieeexplore.ieee.org/stamp/stamp.jsp?tp=&arnumber=9981422,Заблокировано,ieee,conference,,10.1109/IROS47612.2022.9981422
DextAIRity: Deformable Manipulation Can be a Breeze,Zhenjia Xu; Cheng Chi; Benjamin Burchfiel; Eric Cousineau; Siyuan Feng; Shuran Song,2022,RSS,Robotics: Science and Systems,https://www.roboticsproceedings.org/rss18/p017.pdf,Открыто,rss,conference,,
A Differentiable Recipe for Learning Visual Non-Prehensile Planar Manipulation,Bernardo Aceituno; Alberto Rodriguez; Shubham Tulsiani; Abhinav Gupta; Mustafa Mukadam,2021,CoRL,Conference on Robot Learning,https://proceedings.mlr.press/v164/aceituno22a/aceituno22a.pdf,Открыто,corl,conference,,
Structured deep generative models for sampling on constraint manifolds in sequential manipulation,Joaquim Ortiz-Haro; Jung-Su Ha; Danny Driess; Marc Toussaint,2021,CoRL,Conference on Robot Learning,https://proceedings.mlr.press/v164/ortiz-haro22a/ortiz-haro22a.pdf,Открыто,corl,conference,,
Learning Models as Functionals of Signed-Distance Fields for Manipulation Planning,Danny Driess; Jung-Su Ha; Marc Toussaint; Russ Tedrake,2021,CoRL,Conference on Robot Learning,https://proceedings.mlr.press/v164/driess22a/driess22a.pdf,Открыто,corl,conference,,
Fully Autonomous Real-World Reinforcement Learning with Applications to Mobile Manipulation,Charles Sun; Jȩdrzej Orbik; Coline Manon Devin; Brian H. Yang; Abhishek Gupta; Glen Berseth; Sergey Levine,2021,CoRL,Conference on Robot Learning,https://proceedings.mlr.press/v164/sun22a/sun22a.pdf,Открыто,corl,conference,,
Adversarial Skill Chaining for Long-Horizon Robot Manipulation via Terminal State Regularization,Youngwoon Lee; Joseph J Lim; Anima Anandkumar; Yuke Zhu,2021,CoRL,Conference on Robot Learning,https://proceedings.mlr.press/v164/lee22a/lee22a.pdf,Открыто,corl,conference,,
Evaluations of the Gap between Supervised and Reinforcement Lifelong Learning on Robotic Manipulation Tasks,Fan Yang; Chao Yang; Huaping Liu; Fuchun Sun,2021,CoRL,Conference on Robot Learning,https://proceedings.mlr.press/v164/yang22a/yang22a.pdf,Открыто,corl,conference,,
Error-Aware Imitation Learning from Teleoperation Data for Mobile Manipulation,Josiah Wong; Albert Tung; Andrey Kurenkov; Ajay Mandlekar; Li Fei-Fei; Silvio Savarese; Roberto Martín-Martín,2021,CoRL,Conference on Robot Learning,https://proceedings.mlr.press/v164/wong22a/wong22a.pdf,Открыто,corl,conference,,
What Matters in Learning from Offline Human Demonstrations for Robot Manipulation,Ajay Mandlekar; Danfei Xu; Josiah Wong; Soroush Nasiriany; Chen Wang; Rohun Kulkarni; Li Fei-Fei; Silvio Savarese; Yuke Zhu; Roberto Martín-Martín,2021,CoRL,Conference on Robot Learning,https://proceedings.mlr.press/v164/mandlekar22a/mandlekar22a.pdf,Открыто,corl,conference,,
3D biped locomotion control including seamless transition between walking and running via 3D ZMP manipulation,Tomomichi Sugihara; Kenta Imanishi; Takanobu Yamamoto; Stéphane Caron,2021,ICRA,2021 IEEE International Conference on Robotics and Automation (ICRA),https://ieeexplore.ieee.org/stamp/stamp.jsp?tp=&arnumber=9561503,Заблокировано,ieee,conference,,10.1109/ICRA48506.2021.9561503
State-Only Imitation Learning for Dexterous Manipulation,Ilija Radosavovic; Xiaolong Wang; Lerrel Pinto; Jitendra Malik,2021,IROS,2021 IEEE/RSJ International Conference on Intelligent Robots and Systems (IROS),https://ieeexplore.ieee.org/stamp/stamp.jsp?tp=&arnumber=9636557,Заблокировано,ieee,conference,,10.1109/IROS51168.2021.9636557
Transformer-based deep imitation learning for dual-arm robot manipulation,Heecheol Kim; Yoshiyuki Ohmura; Yasuo Kuniyoshi,2021,IROS,2021 IEEE/RSJ International Conference on Intelligent Robots and Systems (IROS),https://ieeexplore.ieee.org/stamp/stamp.jsp?tp=&arnumber=9636301,Заблокировано,ieee,conference,,10.1109/IROS51168.2021.9636301
Learning by Watching: Physical Imitation of Manipulation Skills from Human Videos,Haoyu Xiong; Quanzhou Li; Yun-Chun Chen; Homanga Bharadhwaj; Samarth Sinha; Animesh Garg,2021,IROS,2021 IEEE/RSJ International Conference on Intelligent Robots and Systems (IROS),https://ieeexplore.ieee.org/stamp/stamp.jsp?tp=&arnumber=9636080,Заблокировано,ieee,conference,,10.1109/IROS51168.2021.9636080
Reinforcement Learning Control of a Forestry Crane Manipulator,Jennifer Andersson; Kenneth Bodin; Daniel Lindmark; Martin Servin; Erik Wallin,2021,IROS,2021 IEEE/RSJ International Conference on Intelligent Robots and Systems (IROS),https://ieeexplore.ieee.org/stamp/stamp.jsp?tp=&arnumber=9636219,Заблокировано,ieee,conference,,10.1109/IROS51168.2021.9636219
FINO-Net: A Deep Multimodal Sensor Fusion Framework for Manipulation Failure Detection,Arda Inceoglu; Eren Erdal Aksoy; Abdullah Cihan Ak; Sanem Sariel,2021,IROS,2021 IEEE/RSJ International Conference on Intelligent Robots and Systems (IROS),https://ieeexplore.ieee.org/stamp/stamp.jsp?tp=&arnumber=9636455,Заблокировано,ieee,conference,,10.1109/IROS51168.2021.9636455
Learning Forceful Manipulation Skills from Multi-modal Human Demonstrations,An T. Le; Meng Guo; Niels van Duijkeren; Leonel Rozo; Robert Krug; Andras G. Kupcsik; Mathias Bürger,2021,IROS,2021 IEEE/RSJ International Conference on Intelligent Robots and Systems (IROS),https://ieeexplore.ieee.org/stamp/stamp.jsp?tp=&arnumber=9636828,Заблокировано,ieee,conference,,10.1109/IROS51168.2021.9636828
Efficient Task Planning for Mobile Manipulation: a Virtual Kinematic Chain Perspective,Ziyuan Jiao; Zeyu Zhang; Weiqi Wang; David Han; Song-Chun Zhu; Yixin Zhu; Hangxin Liu,2021,IROS,2021 IEEE/RSJ International Conference on Intelligent Robots and Systems (IROS),https://ieeexplore.ieee.org/stamp/stamp.jsp?tp=&arnumber=9636554,Заблокировано,ieee,conference,,10.1109/IROS51168.2021.9636554
Learning compliant grasping and manipulation by teleoperation with adaptive force control,Chao Zeng; Shuang Li; Yiming Jiang; Qiang Li; Zhaopeng Chen; Chenguang Yang; Jianwei Zhang,2021,IROS,2021 IEEE/RSJ International Conference on Intelligent Robots and Systems (IROS),https://ieeexplore.ieee.org/stamp/stamp.jsp?tp=&arnumber=9636832,Заблокировано,ieee,conference,,10.1109/IROS51168.2021.9636832
Path-constrained optimal trajectory planning for robot manipulators with obstacle avoidance,Yalun Wen; Prabhakar R. Pagilla,2021,IROS,2021 IEEE/RSJ International Conference on Intelligent Robots and Systems (IROS),https://ieeexplore.ieee.org/stamp/stamp.jsp?tp=&arnumber=9636674,Заблокировано,ieee,conference,,10.1109/IROS51168.2021.9636674
Residual Feedback Learning for Contact-Rich Manipulation Tasks with Uncertainty,Alireza Ranjbar; Ngo Anh Vien; Hanna Ziesche; Joschka Boedecker; Gerhard Neumann,2021,IROS,2021 IEEE/RSJ International Conference on Intelligent Robots and Systems (IROS),https://ieeexplore.ieee.org/stamp/stamp.jsp?tp=&arnumber=9636176,Заблокировано,ieee,conference,,10.1109/IROS51168.2021.9636176
Object Learning for 6D Pose Estimation and Grasping from RGB-D Videos of In-hand Manipulation,Timothy Patten; Kiru Park; Markus Leitner; Kevin Wolfram; Markus Vincze,2021,IROS,2021 IEEE/RSJ International Conference on Intelligent Robots and Systems (IROS),https://ieeexplore.ieee.org/stamp/stamp.jsp?tp=&arnumber=9635884,Заблокировано,ieee,conference,,10.1109/IROS51168.2021.9635884
Task Driven Skill Learning in a Soft-Robotic Arm,Paris Oikonomou; Athanasios Dometios; Mehdi Khamassi; Costas S. Tzafestas,2021,IROS,2021 IEEE/RSJ International Conference on Intelligent Robots and Systems (IROS),https://ieeexplore.ieee.org/stamp/stamp.jsp?tp=&arnumber=9636812,Заблокировано,ieee,conference,,10.1109/IROS51168.2021.9636812
Planning Robotic Manipulation with Tight Environment Constraints,George Jose Pollayil; Giorgio Grioli; M. Bonilla; Antonio Bicchi,2021,IROS,2021 IEEE/RSJ International Conference on Intelligent Robots and Systems (IROS),https://ieeexplore.ieee.org/stamp/stamp.jsp?tp=&arnumber=9636782,Заблокировано,ieee,conference,,10.1109/IROS51168.2021.9636782
Design and Evaluation of a Hair Combing System Using a General-Purpose Robotic Arm,Nathaniel Dennler; Eura Shin; Maja Matarić; Stefanos Nikolaidis,2021,IROS,2021 IEEE/RSJ International Conference on Intelligent Robots and Systems (IROS),https://ieeexplore.ieee.org/stamp/stamp.jsp?tp=&arnumber=9636768,Заблокировано,ieee,conference,,10.1109/IROS51168.2021.9636768
Climbot-Ω: A Soft Robot with Novel Grippers and Rigid-compliantly Constrained Body for Climbing on Various Poles,Manjia Su; Yu Qiu; Yisheng Guan; Haifei Zhu; Zhi Liu,2021,IROS,2021 IEEE/RSJ International Conference on Intelligent Robots and Systems (IROS),https://ieeexplore.ieee.org/stamp/stamp.jsp?tp=&arnumber=9636566,Заблокировано,ieee,conference,,10.1109/IROS51168.2021.9636566
Binary Neural Network in Robotic Manipulation: Flexible Object Manipulation for Humanoid Robot Using Partially Binarized Auto-Encoder on FPGA,Satoshi Ohara; Tetsuya Ogata; Hiromitsu Awano,2021,IROS,2021 IEEE/RSJ International Conference on Intelligent Robots and Systems (IROS),https://ieeexplore.ieee.org/stamp/stamp.jsp?tp=&arnumber=9636825,Заблокировано,ieee,conference,,10.1109/IROS51168.2021.9636825
Seeing All the Angles: Learning Multiview Manipulation Policies for Contact-Rich Tasks from Demonstrations,Trevor Ablett; Yifan Zhai; Jonathan Kelly,2021,IROS,2021 IEEE/RSJ International Conference on Intelligent Robots and Systems (IROS),https://ieeexplore.ieee.org/stamp/stamp.jsp?tp=&arnumber=9636440,Заблокировано,ieee,conference,,10.1109/IROS51168.2021.9636440
Explaining the Decisions of Deep Policy Networks for Robotic Manipulations,Seongun Kim; Jaesik Choi,2021,IROS,2021 IEEE/RSJ International Conference on Intelligent Robots and Systems (IROS),https://ieeexplore.ieee.org/stamp/stamp.jsp?tp=&arnumber=9636594,Заблокировано,ieee,conference,,10.1109/IROS51168.2021.9636594
Learning a Generative Transition Model for Uncertainty-Aware Robotic Manipulation,Lars Berscheid; Pascal Meißner; Torsten Kröger,2021,IROS,2021 IEEE/RSJ International Conference on Intelligent Robots and Systems (IROS),https://ieeexplore.ieee.org/stamp/stamp.jsp?tp=&arnumber=9636623,Заблокировано,ieee,conference,,10.1109/IROS51168.2021.9636623
Reinforcement Learning for Vision-based Object Manipulation with Non-parametric Policy and Action Primitives,Dongwon Son; Myungsin Kim; Jaecheol Sim; Wonsik Shin,2021,IROS,2021 IEEE/RSJ International Conference on Intelligent Robots and Systems (IROS),https://ieeexplore.ieee.org/stamp/stamp.jsp?tp=&arnumber=9636563,Заблокировано,ieee,conference,,10.1109/IROS51168.2021.9636563
Policy Learning for Visually Conditioned Tactile Manipulation,Tarık Keleştemur; Taşkın Padır; Robert Platt,2021,IROS,2021 IEEE/RSJ International Conference on Intelligent Robots and Systems (IROS),https://ieeexplore.ieee.org/stamp/stamp.jsp?tp=&arnumber=9636866,Заблокировано,ieee,conference,,10.1109/IROS51168.2021.9636866
Untangling Dense Non-Planar Knots by Learning Manipulation Features and Recovery Policies,Priya Sundaresan; Jennifer Grannen; Brijen Thananjeyan; Ashwin Balakrishna; Jeffrey Ichnowski; Ellen Novoseller; Minho Hwang; Michael Laskey; Joseph Gonzalez; Ken Goldberg,2021,RSS,Robotics: Science and Systems,https://www.roboticsproceedings.org/rss17/p013.pdf,Открыто,rss,conference,,
Learning a Decentralized Multi-Arm Motion Planner,Huy Ha; Jingxi Xu; Shuran Song,2020,CoRL,Conference on Robot Learning,https://proceedings.mlr.press/v155/ha21a/ha21a.pdf,Открыто,corl,conference,,
Learning 3D Dynamic Scene Representations for Robot Manipulation,Zhenjia Xu; Zhanpeng He; Jiajun Wu; Shuran Song,2020,CoRL,Conference on Robot Learning,https://proceedings.mlr.press/v155/xu21b/xu21b.pdf,Открыто,corl,conference,,
Learning Object Manipulation Skills via Approximate State Estimation from Real Videos,Vladimír Petrík; Makarand Tapaswi; Ivan Laptev; Josef Sivic,2020,CoRL,Conference on Robot Learning,https://proceedings.mlr.press/v155/petrik21a/petrik21a.pdf,Открыто,corl,conference,,
SoftGym: Benchmarking Deep Reinforcement Learning for Deformable Object Manipulation,Xingyu Lin; Yufei Wang; Jake Olkin; David Held,2020,CoRL,Conference on Robot Learning,https://proceedings.mlr.press/v155/lin21a/lin21a.pdf,Открыто,corl,conference,,
Motion Planner Augmented Reinforcement Learning for Robot Manipulation in Obstructed Environments,Jun Yamada; Youngwoon Lee; Gautam Salhotra; Karl Pertsch; Max Pflueger; Gaurav Sukhatme; Joseph Lim; Peter Englert,2020,CoRL,Conference on Robot Learning,https://proceedings.mlr.press/v155/yamada21a/yamada21a.pdf,Открыто,corl,conference,,
Learning to Compose Hierarchical Object-Centric Controllers for Robotic Manipulation,Mohit Sharma; Jacky Liang; Jialiang Zhao; Alex Lagrassa; Oliver Kroemer,2020,CoRL,Conference on Robot Learning,https://proceedings.mlr.press/v155/sharma21a/sharma21a.pdf,Открыто,corl,conference,,
Learning Dexterous Manipulation from Suboptimal Experts,Rae Jeong; Jost Tobias Springenberg; Jackie Kay; Dan Zheng; Alexandre Galashov; Nicolas Heess; Francesco Nori,2020,CoRL,Conference on Robot Learning,https://proceedings.mlr.press/v155/jeong21a/jeong21a.pdf,Открыто,corl,conference,,
Self-Supervised Learning of Scene-Graph Representations for Robotic Sequential Manipulation Planning,Son Nguyen; Ozgur Oguz; Valentin Hartmann; Marc Toussaint,2020,CoRL,Conference on Robot Learning,https://proceedings.mlr.press/v155/nguyen21b/nguyen21b.pdf,Открыто,corl,conference,,
Multi-Level Structure vs. End-to-End-Learning in High-Performance Tactile Robotic Manipulation,Florian Voigt; Lars Johannsmeier; Sami Haddadin,2020,CoRL,Conference on Robot Learning,https://proceedings.mlr.press/v155/voigt21a/voigt21a.pdf,Открыто,corl,conference,,
Bilateral Teleoperation Control of a Redundant Manipulator with an RCM Kinematic Constraint,Hang Su; Yunus Schmirander; Zhijun Li; Xuanyi Zhou; Giancarlo Ferrigno; Elena De Momi,2020,ICRA,2020 IEEE International Conference on Robotics and Automation (ICRA),https://ieeexplore.ieee.org/stamp/stamp.jsp?tp=&arnumber=9197267,Заблокировано,ieee,conference,,10.1109/ICRA40945.2020.9197267
Reinforcement Learning Based Manipulation Skill Transferring for Robot-assisted Minimally Invasive Surgery,Hang Su; Yingbai Hu; Zhijun Li; Alois Knoll; Giancarlo Ferrigno; Elena De Momi,2020,ICRA,2020 IEEE International Conference on Robotics and Automation (ICRA),https://ieeexplore.ieee.org/stamp/stamp.jsp?tp=&arnumber=9196588,Заблокировано,ieee,conference,,10.1109/ICRA40945.2020.9196588
Assembly of randomly placed parts realized by using only one robot arm with a general parallel-jaw gripper,Jie Zhao; Xiaoman Wang; Shengfan Wang; Xin Jiang; Yunhui Liu,2020,ICRA,2020 IEEE International Conference on Robotics and Automation (ICRA),https://ieeexplore.ieee.org/stamp/stamp.jsp?tp=&arnumber=9197396,Заблокировано,ieee,conference,,10.1109/ICRA40945.2020.9197396
SwingBot: Learning Physical Features from In-hand Tactile Exploration for Dynamic Swing-up Manipulation,Chen Wang; Shaoxiong Wang; Branden Romero; Filipe Veiga; Edward Adelson,2020,IROS,2020 IEEE/RSJ International Conference on Intelligent Robots and Systems (IROS),https://ieeexplore.ieee.org/stamp/stamp.jsp?tp=&arnumber=9341006,Заблокировано,ieee,conference,,10.1109/IROS45743.2020.9341006
Physics-Based Dexterous Manipulations with Estimated Hand Poses and Residual Reinforcement Learning,Guillermo Garcia-Hernando; Edward Johns; Tae-Kyun Kim,2020,IROS,2020 IEEE/RSJ International Conference on Intelligent Robots and Systems (IROS),https://ieeexplore.ieee.org/stamp/stamp.jsp?tp=&arnumber=9340947,Заблокировано,ieee,conference,,10.1109/IROS45743.2020.9340947
Catch the Ball: Accurate High-Speed Motions for Mobile Manipulators via Inverse Dynamics Learning,Ke Dong; Karime Pereida; Florian Shkurti; Angela P. Schoellig,2020,IROS,2020 IEEE/RSJ International Conference on Intelligent Robots and Systems (IROS),https://ieeexplore.ieee.org/stamp/stamp.jsp?tp=&arnumber=9341134,Заблокировано,ieee,conference,,10.1109/IROS45743.2020.9341134
Learning and Sequencing of Object-Centric Manipulation Skills for Industrial Tasks,Leonel Rozo; Meng Guo; Andras G. Kupcsik; Marco Todescato; Philipp Schillinger; Markus Giftthaler; Matthias Ochs; Markus Spies; Nicolai Waniek; Patrick Kesper; Mathias Burger,2020,IROS,2020 IEEE/RSJ International Conference on Intelligent Robots and Systems (IROS),https://ieeexplore.ieee.org/stamp/stamp.jsp?tp=&arnumber=9341570,Заблокировано,ieee,conference,,10.1109/IROS45743.2020.9341570
Learning Object Manipulation with Dexterous Hand-Arm Systems from Human Demonstration,Philipp Ruppel; Jianwei Zhang,2020,IROS,2020 IEEE/RSJ International Conference on Intelligent Robots and Systems (IROS),https://ieeexplore.ieee.org/stamp/stamp.jsp?tp=&arnumber=9340966,Заблокировано,ieee,conference,,10.1109/IROS45743.2020.9340966
RobotVQA — A Scene-Graph- and Deep-Learning-based Visual Question Answering System for Robot Manipulation,Franklin Kenghagho Kenfack; Feroz Ahmed Siddiky; Ferenc Balint-Benczedi; Michael Beetz,2020,IROS,2020 IEEE/RSJ International Conference on Intelligent Robots and Systems (IROS),https://ieeexplore.ieee.org/stamp/stamp.jsp?tp=&arnumber=9341186,Заблокировано,ieee,conference,,10.1109/IROS45743.2020.9341186
Towards Deep Learning Assisted Autonomous UAVs for Manipulation Tasks in GPS-Denied Environments,Ashish Kumar; Mohit Vohra; Ravi Prakash; L. Behera,2020,IROS,2020 IEEE/RSJ International Conference on Intelligent Robots and Systems (IROS),https://ieeexplore.ieee.org/stamp/stamp.jsp?tp=&arnumber=9341802,Заблокировано,ieee,conference,,10.1109/IROS45743.2020.9341802
Path planning for mobile manipulator robots under non-holonomic and task constraints,Tommaso Pardi; Vamsikrishna Maddali; Valerio Ortenzi; Rustam Stolkin; Naresh Marturi,2020,IROS,2020 IEEE/RSJ International Conference on Intelligent Robots and Systems (IROS),https://ieeexplore.ieee.org/stamp/stamp.jsp?tp=&arnumber=9340760,Заблокировано,ieee,conference,,10.1109/IROS45743.2020.9340760
Distributed Reinforcement Learning of Targeted Grasping with Active Vision for Mobile Manipulators,Yasuhiro Fujita; Kota Uenishi; Avinash Ummadisingu; Prabhat Nagarajan; Shimpei Masuda; Mario Ynocente Castro,2020,IROS,2020 IEEE/RSJ International Conference on Intelligent Robots and Systems (IROS),https://ieeexplore.ieee.org/stamp/stamp.jsp?tp=&arnumber=9341605,Заблокировано,ieee,conference,,10.1109/IROS45743.2020.9341605
Learning robust manipulation tasks involving contact using trajectory parameterized probabilistic principal component analysis,Cristian Vergara Perico; Joris de Schutter; Erwin Aertbeliën,2020,IROS,2020 IEEE/RSJ International Conference on Intelligent Robots and Systems (IROS),https://ieeexplore.ieee.org/stamp/stamp.jsp?tp=&arnumber=9364328,Заблокировано,ieee,conference,,10.1109/IROS45743.2020.9364328
Optimizing a Continuum Manipulator’s Search Policy Through Model-Free Reinforcement Learning,Chase Frazelle; Jonathan Rogers; Ioannis Karamouzas; Ian Walker,2020,IROS,2020 IEEE/RSJ International Conference on Intelligent Robots and Systems (IROS),https://ieeexplore.ieee.org/stamp/stamp.jsp?tp=&arnumber=9341378,Заблокировано,ieee,conference,,10.1109/IROS45743.2020.9341378
Diabolo Orientation Stabilization by Learning Predictive Model for Unstable Unknown-Dynamics Juggling Manipulation,Takayuki Murooka; Kei Okada; Masayuki Inaba,2020,IROS,2020 IEEE/RSJ International Conference on Intelligent Robots and Systems (IROS),https://ieeexplore.ieee.org/stamp/stamp.jsp?tp=&arnumber=9341775,Заблокировано,ieee,conference,,10.1109/IROS45743.2020.9341775
SQUIRL: Robust and Efficient Learning from Video Demonstration of Long-Horizon Robotic Manipulation Tasks,Bohan Wu; Feng Xu; Zhanpeng He; Abhi Gupta; Peter K. Allen,2020,IROS,2020 IEEE/RSJ International Conference on Intelligent Robots and Systems (IROS),https://ieeexplore.ieee.org/stamp/stamp.jsp?tp=&arnumber=9340915,Заблокировано,ieee,conference,,10.1109/IROS45743.2020.9340915
Deep Differentiable Grasp Planner for High-DOF Grippers,Min Liu; Zherong Pan; Kai Xu; Kanishka Ganguly; Dinesh Manocha,2020,RSS,Robotics: Science and Systems,https://www.roboticsproceedings.org/rss16/p066.pdf,Открыто,rss,conference,,
Concept2Robot: Learning Manipulation Concepts from Instructions and Human Demonstrations,Lin Shao; Toki Migimatsu; Qiang Zhang; Kaiyuan Yang; Jeannette Bohg,2020,RSS,Robotics: Science and Systems,https://www.roboticsproceedings.org/rss16/p082.pdf,Открыто,rss,conference,,