title,authors,author_affiliations,publication_year,publication_title,pdf_url,doi,access_status
Learning a Decision Module by Imitating Driver’s Control Behaviors,Junning Huang; Sirui Xie; Jiankai Sun; Qiurui Ma; Chunxiao Liu; Dahua Lin; Bolei Zhou,,2020,Conference on Robot Learning,https://proceedings.mlr.press/v155/huang21a/huang21a.pdf,,Открыто
Inverting the Pose Forecasting Pipeline with SPF2: Sequential Pointcloud Forecasting for Sequential Pose Forecasting,Xinshuo Weng; Jianren Wang; Sergey Levine; Kris Kitani; Nicholas Rhinehart,,2020,Conference on Robot Learning,https://proceedings.mlr.press/v155/weng21a/weng21a.pdf,,Открыто
Neuro-Symbolic Program Search for Autonomous Driving Decision Module Design,Jiankai Sun; Hao Sun; Tian Han; Bolei Zhou,,2020,Conference on Robot Learning,https://proceedings.mlr.press/v155/sun21a/sun21a.pdf,,Открыто
LiRaNet: End-to-End Trajectory Prediction using Spatio-Temporal Radar Fusion,Meet Shah; Zhiling Huang; Ankit Laddha; Matthew Langford; Blake Barber; sida zhang; Carlos Vallespi-Gonzalez; Raquel Urtasun,,2020,Conference on Robot Learning,https://proceedings.mlr.press/v155/shah21a/shah21a.pdf,,Открыто
DROGON: A Trajectory Prediction Model based on Intention-Conditioned Behavior Reasoning,Chiho Choi; Srikanth Malla; Abhishek Patil; Joon Hee Choi,,2020,Conference on Robot Learning,https://proceedings.mlr.press/v155/choi21a/choi21a.pdf,,Открыто
CAMPs: Learning Context-Specific Abstractions for Efficient Planning in Factored MDPs,Rohan Chitnis; Tom Silver; Beomjoon Kim; Leslie Kaelbling; Tomas Lozano-Perez,,2020,Conference on Robot Learning,https://proceedings.mlr.press/v155/chitnis21a/chitnis21a.pdf,,Открыто
Augmenting GAIL with BC for sample efficient imitation learning,Rohit Jena; Changliu Liu; Katia Sycara,,2020,Conference on Robot Learning,https://proceedings.mlr.press/v155/jena21a/jena21a.pdf,,Открыто
From pixels to legs: Hierarchical learning of quadruped locomotion,Deepali Jain; Ken Caluwaerts; Atil Iscen,,2020,Conference on Robot Learning,https://proceedings.mlr.press/v155/jain21a/jain21a.pdf,,Открыто
Learning a Decentralized Multi-Arm Motion Planner,Huy Ha; Jingxi Xu; Shuran Song,,2020,Conference on Robot Learning,https://proceedings.mlr.press/v155/ha21a/ha21a.pdf,,Открыто
SelfVoxeLO: Self-supervised LiDAR Odometry with Voxel-based Deep Neural Networks,Yan Xu; Zhaoyang Huang; Kwan-Yee Lin; Xinge Zhu; Jianping Shi; Hujun Bao; Guofeng Zhang; Hongsheng Li,,2020,Conference on Robot Learning,https://proceedings.mlr.press/v155/xu21a/xu21a.pdf,,Открыто
Learning 3D Dynamic Scene Representations for Robot Manipulation,Zhenjia Xu; Zhanpeng He; Jiajun Wu; Shuran Song,,2020,Conference on Robot Learning,https://proceedings.mlr.press/v155/xu21b/xu21b.pdf,,Открыто
CoT-AMFlow: Adaptive Modulation Network with Co-Teaching Strategy for Unsupervised Optical Flow Estimation,Hengli Wang; Rui Fan; Ming Liu,,2020,Conference on Robot Learning,https://proceedings.mlr.press/v155/wang21a/wang21a.pdf,,Открыто
SAM: Squeeze-and-Mimic Networks for Conditional Visual Driving Policy Learning,Albert Zhao; Tong He; Yitao Liang; Haibin Huang; Guy Van den Broeck; Stefano Soatto,,2020,Conference on Robot Learning,https://proceedings.mlr.press/v155/zhao21a/zhao21a.pdf,,Открыто
Fit2Form: 3D Generative Model for Robot Gripper Form Design,Huy Ha; Shubham Agrawal; Shuran Song,,2020,Conference on Robot Learning,https://proceedings.mlr.press/v155/ha21b/ha21b.pdf,,Открыто
Accelerating Reinforcement Learning with Learned Skill Priors,Karl Pertsch; Youngwoon Lee; Joseph Lim,,2020,Conference on Robot Learning,https://proceedings.mlr.press/v155/pertsch21a/pertsch21a.pdf,,Открыто
Positive-Unlabeled Reward Learning,Danfei Xu; Misha Denil,,2020,Conference on Robot Learning,https://proceedings.mlr.press/v155/xu21c/xu21c.pdf,,Открыто
GDN: A Coarse-To-Fine (C2F) Representation for End-To-End 6-DoF Grasp Detection,Kuang-Yu Jeng; Yueh-Cheng Liu; Zhe Yu Liu; Jen-Wei Wang; Ya-Liang Chang; Hung-Ting Su; Winston Hsu,,2020,Conference on Robot Learning,https://proceedings.mlr.press/v155/jeng21a/jeng21a.pdf,,Открыто
Action-based Representation Learning for Autonomous Driving,Yi Xiao; Felipe Codevilla; Christopher Pal; Antonio Lopez,,2020,Conference on Robot Learning,https://proceedings.mlr.press/v155/xiao21a/xiao21a.pdf,,Открыто
Task-Relevant Adversarial Imitation Learning,Konrad Zolna; Scott Reed; Alexander Novikov; Sergio Gómez Colmenarejo; David Budden; Serkan Cabi; Misha Denil; Nando de Freitas; Ziyu Wang,,2020,Conference on Robot Learning,https://proceedings.mlr.press/v155/zolna21a/zolna21a.pdf,,Открыто
SMARTS: An Open-Source Scalable Multi-Agent RL Training School for Autonomous Driving,Ming Zhou; Jun Luo; Julian Villella; Yaodong Yang; David Rusu; Jiayu Miao; Weinan Zhang; Montgomery Alban; IMAN FADAKAR; Zheng Chen; Chongxi Huang; Ying Wen; Kimia Hassanzadeh; Daniel Graves; Zhengbang Zhu; Yihan Ni; Nhat Nguyen; Mohamed Elsayed; Haitham Ammar; Alexander Cowen-Rivers; Sanjeevan Ahilan; Zheng Tian; Daniel Palenicek; Kasra Rezaee; Peyman Yadmellat; Kun Shao; dong chen; Baokuan Zhang; Hongbo Zhang; Jianye Hao; Wulong Liu; Jun Wang,,2020,Conference on Robot Learning,https://proceedings.mlr.press/v155/zhou21a/zhou21a.pdf,,Открыто
Reconfigurable Voxels: A New Representation for LiDAR-Based Point Clouds,Tai Wang; Xinge Zhu; Dahua Lin,,2020,Conference on Robot Learning,https://proceedings.mlr.press/v155/wang21b/wang21b.pdf,,Открыто
Learning Object Manipulation Skills via Approximate State Estimation from Real Videos,Vladimír Petrík; Makarand Tapaswi; Ivan Laptev; Josef Sivic,,2020,Conference on Robot Learning,https://proceedings.mlr.press/v155/petrik21a/petrik21a.pdf,,Открыто
Integrating Egocentric Localization for More Realistic Point-Goal Navigation Agents,Samyak Datta; Oleksandr Maksymets; Judy Hoffman; Stefan Lee; Dhruv Batra; Devi Parikh,,2020,Conference on Robot Learning,https://proceedings.mlr.press/v155/datta21a/datta21a.pdf,,Открыто
PLOP: Probabilistic Polynomial Objects trajectory Prediction for autonomous driving,Thibault Buhet; Emilie Wirbel; Andrei Bursuc; Xavier Perrotton,,2020,Conference on Robot Learning,https://proceedings.mlr.press/v155/buhet21a/buhet21a.pdf,,Открыто
Reinforcement Learning with Videos: Combining Offline Observations with Interaction,Karl Schmeckpeper; Oleh Rybkin; Kostas Daniilidis; Sergey Levine; Chelsea Finn,,2020,Conference on Robot Learning,https://proceedings.mlr.press/v155/schmeckpeper21a/schmeckpeper21a.pdf,,Открыто
Learning Obstacle Representations for Neural Motion Planning,Robin STRUDEL; Ricardo Garcia Pinel; Justin Carpentier; Jean-Paul Laumond; Ivan Laptev; Cordelia Schmid,,2020,Conference on Robot Learning,https://proceedings.mlr.press/v155/strudel21a/strudel21a.pdf,,Открыто
CLOUD: Contrastive Learning of Unsupervised Dynamics,Jianren Wang; Yujie Lu; Hang Zhao,,2020,Conference on Robot Learning,https://proceedings.mlr.press/v155/wang21c/wang21c.pdf,,Открыто
Exploratory Grasping: Asymptotically Optimal Algorithms for Grasping Challenging Polyhedral Objects,Michael Danielczuk; Ashwin Balakrishna; Daniel Brown; Ken Goldberg,,2020,Conference on Robot Learning,https://proceedings.mlr.press/v155/danielczuk21a/danielczuk21a.pdf,,Открыто
Attention-Privileged Reinforcement Learning,Sasha Salter; Dushyant Rao; Markus Wulfmeier; Raia Hadsell; Ingmar Posner,,2020,Conference on Robot Learning,https://proceedings.mlr.press/v155/salter21a/salter21a.pdf,,Открыто
One Thousand and One Hours: Self-driving Motion Prediction Dataset,John Houston; Guido Zuidhof; Luca Bergamini; Yawei Ye; Long Chen; Ashesh Jain; Sammy Omari; Vladimir Iglovikov; Peter Ondruska,,2020,Conference on Robot Learning,https://proceedings.mlr.press/v155/houston21a/houston21a.pdf,,Открыто
Recovering and Simulating Pedestrians in the Wild,Ze Yang; Sivabalan Manivasagam; Ming Liang; Bin Yang; Wei-Chiu Ma; Raquel Urtasun,,2020,Conference on Robot Learning,https://proceedings.mlr.press/v155/yang21a/yang21a.pdf,,Открыто
SoftGym: Benchmarking Deep Reinforcement Learning for Deformable Object Manipulation,Xingyu Lin; Yufei Wang; Jake Olkin; David Held,,2020,Conference on Robot Learning,https://proceedings.mlr.press/v155/lin21a/lin21a.pdf,,Открыто
S3K: Self-Supervised Semantic Keypoints for Robotic Manipulation via Multi-View Consistency,Mel Vecerik; Jean-Baptiste Regli; Oleg Sushkov; David Barker; Rugile Pevceviciute; Thomas Rothörl; Raia Hadsell; Lourdes Agapito; Jonathan Scholz,,2020,Conference on Robot Learning,https://proceedings.mlr.press/v155/vecerik21a/vecerik21a.pdf,,Открыто
Learning RGB-D Feature Embeddings for Unseen Object Instance Segmentation,Yu Xiang; Christopher Xie; Arsalan Mousavian; Dieter Fox,,2020,Conference on Robot Learning,https://proceedings.mlr.press/v155/xiang21a/xiang21a.pdf,,Открыто
Modeling Long-horizon Tasks as Sequential Interaction Landscapes,Soeren Pirk; Karol Hausman; Alexander Toshev; Mohi Khansari,,2020,Conference on Robot Learning,https://proceedings.mlr.press/v155/pirk21a/pirk21a.pdf,,Открыто
PixL2R: Guiding Reinforcement Learning Using Natural Language by Mapping Pixels to Rewards,Prasoon Goyal; Scott Niekum; Raymond Mooney,,2020,Conference on Robot Learning,https://proceedings.mlr.press/v155/goyal21a/goyal21a.pdf,,Открыто
Auxiliary Tasks Speed Up Learning Point Goal Navigation,Joel Ye; Dhruv Batra; Erik Wijmans; Abhishek Das,,2020,Conference on Robot Learning,https://proceedings.mlr.press/v155/ye21a/ye21a.pdf,,Открыто
Learning hierarchical relationships for object-goal navigation,Anwesan Pal; Yiding Qiu; Henrik Christensen,,2020,Conference on Robot Learning,https://proceedings.mlr.press/v155/pal21a/pal21a.pdf,,Открыто
f-IRL: Inverse Reinforcement Learning via State Marginal Matching,Tianwei Ni; Harshit Sikchi; Yufei Wang; Tejus Gupta; Lisa Lee; Ben Eysenbach,,2020,Conference on Robot Learning,https://proceedings.mlr.press/v155/ni21a/ni21a.pdf,,Открыто
Iterative Semi-parametric Dynamics Model Learning For Autonomous Racing,Ignat Georgiev; Christoforos Chatzikomis; Timo Voelkl; Joshua Smith; Michael Mistry,,2020,Conference on Robot Learning,https://proceedings.mlr.press/v155/georgiev21a/georgiev21a.pdf,,Открыто
Learning Predictive Representations for Deformable Objects Using Contrastive Estimation,Wilson Yan; Ashwin Vangipuram; Pieter Abbeel; Lerrel Pinto,,2020,Conference on Robot Learning,https://proceedings.mlr.press/v155/yan21a/yan21a.pdf,,Открыто
Learning Latent Representations to Influence Multi-Agent Interaction,Annie Xie; Dylan Losey; Ryan Tolsma; Chelsea Finn; Dorsa Sadigh,,2020,Conference on Robot Learning,https://proceedings.mlr.press/v155/xie21a/xie21a.pdf,,Открыто
Motion Planner Augmented Reinforcement Learning for Robot Manipulation in Obstructed Environments,Jun Yamada; Youngwoon Lee; Gautam Salhotra; Karl Pertsch; Max Pflueger; Gaurav Sukhatme; Joseph Lim; Peter Englert,,2020,Conference on Robot Learning,https://proceedings.mlr.press/v155/yamada21a/yamada21a.pdf,,Открыто
The EMPATHIC Framework for Task Learning from Implicit Human Feedback,Yuchen Cui; Qiping Zhang; Brad Knox; Alessandro Allievi; Peter Stone; Scott Niekum,,2020,Conference on Robot Learning,https://proceedings.mlr.press/v155/cui21a/cui21a.pdf,,Открыто
Range Conditioned Dilated Convolutions for Scale Invariant 3D Object Detection,Alex Bewley; Pei Sun; Thomas Mensink; Dragomir Anguelov; Cristian Sminchisescu,,2020,Conference on Robot Learning,https://proceedings.mlr.press/v155/bewley21a/bewley21a.pdf,,Открыто
High Acceleration Reinforcement Learning for Real-World Juggling with Binary Rewards,Kai Ploeger; Michael Lutter; Jan Peters,,2020,Conference on Robot Learning,https://proceedings.mlr.press/v155/ploeger21a/ploeger21a.pdf,,Открыто
Guaranteeing Safety of Learned Perception Modules via Measurement-Robust Control Barrier Functions,Sarah Dean; Andrew Taylor; Ryan Cosner; Benjamin Recht; Aaron Ames,,2020,Conference on Robot Learning,https://proceedings.mlr.press/v155/dean21a/dean21a.pdf,,Открыто
Sim-to-Real Transfer for Vision-and-Language Navigation,Peter Anderson; Ayush Shrivastava; Joanne Truong; Arjun Majumdar; Devi Parikh; Dhruv Batra; Stefan Lee,,2020,Conference on Robot Learning,https://proceedings.mlr.press/v155/anderson21a/anderson21a.pdf,,Открыто
Interactive Imitation Learning in State-Space,Snehal Jauhri; Carlos Celemin; Jens Kober,,2020,Conference on Robot Learning,https://proceedings.mlr.press/v155/jauhri21a/jauhri21a.pdf,,Открыто
Keypoints into the Future: Self-Supervised Correspondence in Model-Based Reinforcement Learning,Lucas Manuelli; Yunzhu Li; Pete Florence; Russ Tedrake,,2020,Conference on Robot Learning,https://proceedings.mlr.press/v155/manuelli21a/manuelli21a.pdf,,Открыто
Model-based Reinforcement Learning for Decentralized Multiagent Rendezvous,Rose Wang; J. Chase Kew; Dennis Lee; Tsang-Wei Lee; Tingnan Zhang; Brian Ichter; Jie Tan; Aleksandra Faust,,2020,Conference on Robot Learning,https://proceedings.mlr.press/v155/wang21d/wang21d.pdf,,Открыто
Transporter Networks: Rearranging the Visual World for Robotic Manipulation,Andy Zeng; Pete Florence; Jonathan Tompson; Stefan Welker; Jonathan Chien; Maria Attarian; Travis Armstrong; Ivan Krasin; Dan Duong; Vikas Sindhwani; Johnny Lee,,2020,Conference on Robot Learning,https://proceedings.mlr.press/v155/zeng21a/zeng21a.pdf,,Открыто
Assisted Perception: Optimizing Observations to Communicate State,Siddharth Reddy; Sergey Levine; Anca Dragan,,2020,Conference on Robot Learning,https://proceedings.mlr.press/v155/reddy21a/reddy21a.pdf,,Открыто
Action-Conditional Recurrent Kalman Networks For Forward and Inverse Dynamics Learning,Vaisakh Shaj; Philipp Becker; Dieter Büchler; Harit Pandya; Niels van Duijkeren; C. James Taylor; Marc Hanheide; Gerhard Neumann,,2020,Conference on Robot Learning,https://proceedings.mlr.press/v155/shaj21a/shaj21a.pdf,,Открыто
Untangling Dense Knots by Learning Task-Relevant Keypoints,Jennifer Grannen; Priya Sundaresan; Brijen Thananjeyan; Jeffrey Ichnowski; Ashwin Balakrishna; Vainavi Viswanath; Michael Laskey; Joseph Gonzalez; Ken Goldberg,,2020,Conference on Robot Learning,https://proceedings.mlr.press/v155/grannen21a/grannen21a.pdf,,Открыто
Safe Policy Learning for Continuous Control,Yinlam Chow; Ofir Nachum; Aleksandra Faust; Edgar Dueñez-Guzman; Mohammad Ghavamzadeh,,2020,Conference on Robot Learning,https://proceedings.mlr.press/v155/chow21a/chow21a.pdf,,Открыто
Learning to Compose Hierarchical Object-Centric Controllers for Robotic Manipulation,Mohit Sharma; Jacky Liang; Jialiang Zhao; Alex Lagrassa; Oliver Kroemer,,2020,Conference on Robot Learning,https://proceedings.mlr.press/v155/sharma21a/sharma21a.pdf,,Открыто
Relational Learning for Skill Preconditions,Mohit Sharma; Oliver Kroemer,,2020,Conference on Robot Learning,https://proceedings.mlr.press/v155/sharma21b/sharma21b.pdf,,Открыто
Social-VRNN: One-Shot Multi-modal Trajectory Prediction for Interacting Pedestrians,Bruno Ferreira de Brito; Hai Zhu; Wei Pan; Javier Alonso-Mora,,2020,Conference on Robot Learning,https://proceedings.mlr.press/v155/brito21a/brito21a.pdf,,Открыто
MuGNet: Multi-Resolution Graph Neural Network for Segmenting Large-Scale Pointclouds,Liuyue Xie; Tomotake Furuhata; Kenji Shimada,,2020,Conference on Robot Learning,https://proceedings.mlr.press/v155/xie21b/xie21b.pdf,,Открыто
Learning a Contact-Adaptive Controller for Robust; Efficient Legged Locomotion,Xingye Da; Zhaoming Xie; David Hoeller; Byron Boots; Anima Anandkumar; Yuke Zhu; Buck Babich; Animesh Garg,,2020,Conference on Robot Learning,https://proceedings.mlr.press/v155/da21a/da21a.pdf,,Открыто
TNT: Target-driven Trajectory Prediction,Hang Zhao; Jiyang Gao; Tian Lan; Chen Sun; Ben Sapp; Balakrishnan Varadarajan; Yue Shen; Yi Shen; Yuning Chai; Cordelia Schmid; Congcong Li; Dragomir Anguelov,,2020,Conference on Robot Learning,https://proceedings.mlr.press/v155/zhao21b/zhao21b.pdf,,Открыто
Planning Paths Through Unknown Space by Imagining What Lies Therein,Yutao Han; Jacopo Banfi; Mark Campbell,,2020,Conference on Robot Learning,https://proceedings.mlr.press/v155/han21a/han21a.pdf,,Открыто
Learning Dexterous Manipulation from Suboptimal Experts,Rae Jeong; Jost Tobias Springenberg; Jackie Kay; Dan Zheng; Alexandre Galashov; Nicolas Heess; Francesco Nori,,2020,Conference on Robot Learning,https://proceedings.mlr.press/v155/jeong21a/jeong21a.pdf,,Открыто
STReSSD: Sim-To-Real from Sound for Stochastic Dynamics,Carolyn Matl; Yashraj Narang; Dieter Fox; Ruzena Bajcsy; Fabio Ramos,,2020,Conference on Robot Learning,https://proceedings.mlr.press/v155/matl21a/matl21a.pdf,,Открыто
Contrastive Variational Reinforcement Learning for Complex Observations,Xiao Ma; SIWEI CHEN; David Hsu; Wee Sun Lee,,2020,Conference on Robot Learning,https://proceedings.mlr.press/v155/ma21a/ma21a.pdf,,Открыто
Universal Embeddings for Spatio-Temporal Tagging of Self-Driving Logs,Sean Segal; Eric Kee; Wenjie Luo; Abbas Sadat; Ersin Yumer; Raquel Urtasun,,2020,Conference on Robot Learning,https://proceedings.mlr.press/v155/segal21a/segal21a.pdf,,Открыто
Asynchronous Deep Model Reference Adaptive Control,Girish Joshi; Jasvir Virdi; Girish Chowdhary,,2020,Conference on Robot Learning,https://proceedings.mlr.press/v155/joshi21a/joshi21a.pdf,,Открыто
Probably Approximately Correct Vision-Based Planning using Motion Primitives,Sushant Veer; Anirudha Majumdar,,2020,Conference on Robot Learning,https://proceedings.mlr.press/v155/veer21a/veer21a.pdf,,Открыто
Tactile Object Pose Estimation from the First Touch with Geometric Contact Rendering,Maria Bauza Villalonga; Alberto Rodriguez; Bryan Lim; Eric Valls; Theo Sechopoulos,,2020,Conference on Robot Learning,https://proceedings.mlr.press/v155/villalonga21a/villalonga21a.pdf,,Открыто
ROLL: Visual Self-Supervised Reinforcement Learning with Object Reasoning,Yufei Wang; Narasimhan Gautham; Xingyu Lin; Brian Okorn; David Held,,2020,Conference on Robot Learning,https://proceedings.mlr.press/v155/wang21e/wang21e.pdf,,Открыто
Sample-efficient Cross-Entropy Method for Real-time Planning,Cristina Pinneri; Shambhuraj Sawant; Sebastian Blaes; Jan Achterhold; Joerg Stueckler; Michal Rolinek; Georg Martius,,2020,Conference on Robot Learning,https://proceedings.mlr.press/v155/pinneri21a/pinneri21a.pdf,,Открыто
Sim2Real Transfer for Deep Reinforcement Learning with Stochastic State Transition Delays,Sandeep Singh Sandha; Luis Garcia; Bharathan Balaji; Fatima Anwar; Mani Srivastava,,2020,Conference on Robot Learning,https://proceedings.mlr.press/v155/sandha21a/sandha21a.pdf,,Открыто
Towards General and Autonomous Learning of Core Skills: A Case Study in Locomotion,Roland Hafner; Tim Hertweck; Philipp Kloeppner; Michael Bloesch; Michael Neunert; Markus Wulfmeier; Saran Tunyasuvunakool; Nicolas Heess; Martin Riedmiller,,2020,Conference on Robot Learning,https://proceedings.mlr.press/v155/hafner21a/hafner21a.pdf,,Открыто
IV-SLAM: Introspective Vision for Simultaneous Localization and Mapping,Sadegh Rabiee; Joydeep Biswas,,2020,Conference on Robot Learning,https://proceedings.mlr.press/v155/rabiee21a/rabiee21a.pdf,,Открыто
Learning to Walk in the Real World with Minimal Human Effort,Sehoon Ha; Peng Xu; Zhenyu Tan; Sergey Levine; Jie Tan,,2020,Conference on Robot Learning,https://proceedings.mlr.press/v155/ha21c/ha21c.pdf,,Открыто
Generation of Realistic Images for Learning in Simulation using FeatureGAN,Nicolas Cruz; Javier Ruiz-del-Solar,,2020,Conference on Robot Learning,https://proceedings.mlr.press/v155/cruz21a/cruz21a.pdf,,Открыто
Incremental learning of EMG-based control commands using Gaussian Processes,Felix Schiel; Annette Hagengruber; Jörn Vogel; Rudolph Triebel,,2020,Conference on Robot Learning,https://proceedings.mlr.press/v155/schiel21a/schiel21a.pdf,,Открыто
Flightmare: A Flexible Quadrotor Simulator,Yunlong Song; Selim Naji; Elia Kaufmann; Antonio Loquercio; Davide Scaramuzza,,2020,Conference on Robot Learning,https://proceedings.mlr.press/v155/song21a/song21a.pdf,,Открыто
Hardware as Policy: Mechanical and Computational Co-Optimization using Deep Reinforcement Learning,Tianjian Chen; Zhanpeng He; Matei Ciocarlie,,2020,Conference on Robot Learning,https://proceedings.mlr.press/v155/chen21a/chen21a.pdf,,Открыто
StrObe: Streaming Object Detection from LiDAR Packets,Davi Frossard; Shun Da Suo; Sergio Casas; James Tu; Raquel Urtasun,,2020,Conference on Robot Learning,https://proceedings.mlr.press/v155/frossard21a/frossard21a.pdf,,Открыто
Towards Robotic Assembly by Predicting Robust; Precise and Task-oriented Grasps,Jialiang Zhao; Daniel Troniak; Oliver Kroemer,,2020,Conference on Robot Learning,https://proceedings.mlr.press/v155/zhao21c/zhao21c.pdf,,Открыто
Learning to Communicate and Correct Pose Errors,Nicholas Vadivelu; Mengye Ren; James Tu; Jingkang Wang; Raquel Urtasun,,2020,Conference on Robot Learning,https://proceedings.mlr.press/v155/vadivelu21a/vadivelu21a.pdf,,Открыто
Visual Localization and Mapping with Hybrid SFA,Muhammad Haris; Mathias Franzius; Ute Bauer-Wersing; Sai Krishna Kaushik Karanam,,2020,Conference on Robot Learning,https://proceedings.mlr.press/v155/haris21a/haris21a.pdf,,Открыто
EXI-Net: EXplicitly/Implicitly Conditioned Network for Multiple Environment Sim-to-Real Transfer,Takayuki Murooka; Masashi Hamaya; Felix von Drigalski; Kazutoshi Tanaka; Yoshihisa Ijiri,,2020,Conference on Robot Learning,https://proceedings.mlr.press/v155/murooka21a/murooka21a.pdf,,Открыто
Self-Supervised Object-in-Gripper Segmentation from Robotic Motions,Wout Boerdijk; Martin Sundermeyer; Maximilian Durner; Rudolph Triebel,,2020,Conference on Robot Learning,https://proceedings.mlr.press/v155/boerdijk21a/boerdijk21a.pdf,,Открыто
MELD: Meta-Reinforcement Learning from Images via Latent State Models,Zihao Zhao; Anusha Nagabandi; Kate Rakelly; Chelsea Finn; Sergey Levine,,2020,Conference on Robot Learning,https://proceedings.mlr.press/v155/zhao21d/zhao21d.pdf,,Открыто
Learning from Suboptimal Demonstration via Self-Supervised Reward Regression,Letian Chen; Rohan Paleja; Matthew Gombolay,,2020,Conference on Robot Learning,https://proceedings.mlr.press/v155/chen21b/chen21b.pdf,,Открыто
Stein Variational Model Predictive Control,Alexander Lambert; Fabio Ramos; Byron Boots; Dieter Fox; Adam Fishman,,2020,Conference on Robot Learning,https://proceedings.mlr.press/v155/lambert21a/lambert21a.pdf,,Открыто
Learning Interactively to Resolve Ambiguity in Reference Frame Selection,Giovanni Franzese; Carlos Celemin; Jens Kober,,2020,Conference on Robot Learning,https://proceedings.mlr.press/v155/franzese21a/franzese21a.pdf,,Открыто
Learning Trajectories for Visual-Inertial System Calibration via Model-based Heuristic Deep Reinforcement Learning,Le Chen; Yunke Ao; Florian Tschopp; Andrei Cramariuc; Michel Breyer; Jen Jen Chung; Roland Siegwart; Cesar Cadena,,2020,Conference on Robot Learning,https://proceedings.mlr.press/v155/chen21c/chen21c.pdf,,Открыто
A User’s Guide to Calibrating Robotic Simulators,Bhairav Mehta; Ankur Handa; Dieter Fox; Fabio Ramos,,2020,Conference on Robot Learning,https://proceedings.mlr.press/v155/mehta21a/mehta21a.pdf,,Открыто
Learning Stability Certificates from Data,Nicholas Boffi; Stephen Tu; Nikolai Matni; Jean-Jacques Slotine; Vikas Sindhwani,,2020,Conference on Robot Learning,https://proceedings.mlr.press/v155/boffi21a/boffi21a.pdf,,Открыто
Learning Hybrid Control Barrier Functions from Data,Lars Lindemann; Haimin Hu; Alexander Robey; Hanwen Zhang; Dimos Dimarogonas; Stephen Tu; Nikolai Matni,,2020,Conference on Robot Learning,https://proceedings.mlr.press/v155/lindemann21a/lindemann21a.pdf,,Открыто
Map-Adaptive Goal-Based Trajectory Prediction,Lingyao Zhang; Po-Hsun Su; Jerrick Hoang; Galen Clark Haynes; Micol Marchetti-Bowick,,2020,Conference on Robot Learning,https://proceedings.mlr.press/v155/zhang21a/zhang21a.pdf,,Открыто
The RobotSlang Benchmark: Dialog-guided Robot Localization and Navigation,Shurjo Banerjee; Jesse Thomason; Jason Corso,,2020,Conference on Robot Learning,https://proceedings.mlr.press/v155/banerjee21a/banerjee21a.pdf,,Открыто
The Emergence of Adversarial Communication in Multi-Agent Reinforcement Learning,Jan Blumenkamp; Amanda Prorok,,2020,Conference on Robot Learning,https://proceedings.mlr.press/v155/blumenkamp21a/blumenkamp21a.pdf,,Открыто
Learning rich touch representations through cross-modal self-supervision,Martina Zambelli; Yusuf Aytar; Francesco Visin; Yuxiang Zhou; Raia Hadsell,,2020,Conference on Robot Learning,https://proceedings.mlr.press/v155/zambelli21a/zambelli21a.pdf,,Открыто
Generalization Guarantees for Imitation Learning,Allen Ren; Sushant Veer; Anirudha Majumdar,,2020,Conference on Robot Learning,https://proceedings.mlr.press/v155/ren21a/ren21a.pdf,,Открыто
Multi-Modal Anomaly Detection for Unstructured and Uncertain Environments,Tianchen Ji; Sri Theja Vuppala; Girish Chowdhary; Katherine Driggs-Campbell,,2020,Conference on Robot Learning,https://proceedings.mlr.press/v155/ji21a/ji21a.pdf,,Открыто
Generative adversarial training of product of policies for robust and adaptive movement primitives,Emmanuel Pignat; Hakan Girgin; Sylvain Calinon,,2020,Conference on Robot Learning,https://proceedings.mlr.press/v155/pignat21a/pignat21a.pdf,,Открыто
Robot Action Selection Learning via Layered Dimension Informed Program Synthesis,Jarrett Holtz; Arjun Guha; Joydeep Biswas,,2020,Conference on Robot Learning,https://proceedings.mlr.press/v155/holtz21a/holtz21a.pdf,,Открыто
Policy learning in SE(3) action spaces,Dian Wang; Colin Kohler; Robert Platt,,2020,Conference on Robot Learning,https://proceedings.mlr.press/v155/wang21f/wang21f.pdf,,Открыто
Amodal 3D Reconstruction for Robotic Manipulation via Stability and Connectivity,William Agnew; Christopher Xie; Aaron Walsman; Octavian Murad; Yubo Wang; Pedro Domingos); Siddhartha Srinivasa,,2020,Conference on Robot Learning,https://proceedings.mlr.press/v155/agnew21a/agnew21a.pdf,,Открыто
Learning an Expert Skill-Space for Replanning Dynamic Quadruped Locomotion over Obstacles,David Surovik; Oliwier Melon; Mathieu Geisert; Maurice Fallon; Ioannis Havoutis,,2020,Conference on Robot Learning,https://proceedings.mlr.press/v155/surovik21a/surovik21a.pdf,,Открыто
Learning Certified Control Using Contraction Metric,Dawei Sun; Susmit Jha; Chuchu Fan,,2020,Conference on Robot Learning,https://proceedings.mlr.press/v155/sun21b/sun21b.pdf,,Открыто
Same Object; Different Grasps: Data and Semantic Knowledge for Task-Oriented Grasping,Adithyavairavan Murali; Weiyu Liu; Kenneth Marino; Sonia Chernova; Abhinav Gupta,,2020,Conference on Robot Learning,https://proceedings.mlr.press/v155/murali21a/murali21a.pdf,,Открыто
DIRL: Domain-Invariant Representation Learning for Sim-to-Real Transfer,Ajay Tanwani,,2020,Conference on Robot Learning,https://proceedings.mlr.press/v155/tanwani21a/tanwani21a.pdf,,Открыто
Learning Hierarchical Task Networks with Preferences from Unannotated Demonstrations,Kevin Chen; Nithin Shrivatsav Srikanth; David Kent; Harish Ravichandar; Sonia Chernova,,2020,Conference on Robot Learning,https://proceedings.mlr.press/v155/chen21d/chen21d.pdf,,Открыто
A Long Horizon Planning Framework for Manipulating Rigid Pointcloud Objects,Anthony Simeonov; Yilun Du; Beomjoon Kim; Francois Hogan; Joshua Tenenbaum; Pulkit Agrawal; Alberto Rodriguez,,2020,Conference on Robot Learning,https://proceedings.mlr.press/v155/simeonov21a/simeonov21a.pdf,,Открыто
Volumetric Grasping Network: Real-time 6 DOF Grasp Detection in Clutter,Michel Breyer; Jen Jen Chung; Lionel Ott; Roland Siegwart; Juan Nieto,,2020,Conference on Robot Learning,https://proceedings.mlr.press/v155/breyer21a/breyer21a.pdf,,Открыто
Uncertainty-Aware Constraint Learning for Adaptive Safe Motion Planning from Demonstrations,Glen Chou; Dmitry Berenson; Necmiye Ozay,,2020,Conference on Robot Learning,https://proceedings.mlr.press/v155/chou21a/chou21a.pdf,,Открыто
Belief-Grounded Networks for Accelerated Robot Learning under Partial Observability,Hai Nguyen; Brett Daley; Xinchao Song; Christopher Amato; Robert Platt,,2020,Conference on Robot Learning,https://proceedings.mlr.press/v155/nguyen21a/nguyen21a.pdf,,Открыто
Time-Bounded Mission Planning in Time-Varying Domains with Semi-MDPs and Gaussian Processes,Paul Duckworth; Bruno Lacerda; Nick Hawes,,2020,Conference on Robot Learning,https://proceedings.mlr.press/v155/duckworth21a/duckworth21a.pdf,,Открыто
3D-OES: Viewpoint-Invariant Object-Factorized Environment Simulators,Hsiao-Yu Tung; Zhou Xian; Mihir Prabhudesai; Shamit Lal; Katerina Fragkiadaki,,2020,Conference on Robot Learning,https://proceedings.mlr.press/v155/tung21a/tung21a.pdf,,Открыто
Learning Object-conditioned Exploration using Distributed Soft Actor Critic,Ayzaan Wahid; Austin Stone; Kevin Chen; Brian Ichter; Alexander Toshev,,2020,Conference on Robot Learning,https://proceedings.mlr.press/v155/wahid21a/wahid21a.pdf,,Открыто
Fast robust peg-in-hole insertion with continuous visual servoing,Rasmus Haugaard; Jeppe Langaa; Christoffer Sloth; Anders Buch,,2020,Conference on Robot Learning,https://proceedings.mlr.press/v155/haugaard21a/haugaard21a.pdf,,Открыто
Learning a natural-language to LTL executable semantic parser for grounded robotics,Christopher Wang; Candace Ross; Yen-Ling Kuo; Boris Katz; Andrei Barbu,,2020,Conference on Robot Learning,https://proceedings.mlr.press/v155/wang21g/wang21g.pdf,,Открыто
PLAS: Latent Action Space for Offline Reinforcement Learning,Wenxuan Zhou; Sujay Bajracharya; David Held,,2020,Conference on Robot Learning,https://proceedings.mlr.press/v155/zhou21b/zhou21b.pdf,,Открыто
Unsupervised Metric Relocalization Using Transform Consistency Loss,Mike Kasper; Fernando Nobre; Christoffer Heckman; Nima Keivan,,2020,Conference on Robot Learning,https://proceedings.mlr.press/v155/kasper21a/kasper21a.pdf,,Открыто
MultiPoint: Cross-spectral registration of thermal and optical aerial imagery,Florian Achermann; Andrey Kolobov; Debadeepta Dey; Timo Hinzmann; Jen Jen Chung; Roland Siegwart; Nicholas Lawrance,,2020,Conference on Robot Learning,https://proceedings.mlr.press/v155/achermann21a/achermann21a.pdf,,Открыто
TartanVO: A Generalizable Learning-based VO,Wenshan Wang; Yaoyu Hu; Sebastian Scherer,,2020,Conference on Robot Learning,https://proceedings.mlr.press/v155/wang21h/wang21h.pdf,,Открыто
Soft Multicopter Control Using Neural Dynamics Identification,Yitong Deng; Yaorui Zhang; Xingzhe He; Shuqi Yang; Yunjin Tong; Michael Zhang; Daniel DiPietro; Bo Zhu,,2020,Conference on Robot Learning,https://proceedings.mlr.press/v155/deng21a/deng21a.pdf,,Открыто
Safe Optimal Control Using Stochastic Barrier Functions and Deep Forward-Backward SDEs,Marcus Pereira; Ziyi Wang; Ioannis Exarchos; Evangelos Theodorou,,2020,Conference on Robot Learning,https://proceedings.mlr.press/v155/pereira21a/pereira21a.pdf,,Открыто
Diverse Plausible Shape Completions from Ambiguous Depth Images,Bradley Saund; Dmitry Berenson,,2020,Conference on Robot Learning,https://proceedings.mlr.press/v155/saund21a/saund21a.pdf,,Открыто
Multiagent Rollout and Policy Iteration for POMDP with Application to Multi-Robot Repair Problems,Sushmita Bhattacharya; Siva Kailas; Sahil Badyal; Stephanie Gil; Dimitri Bertsekas,,2020,Conference on Robot Learning,https://proceedings.mlr.press/v155/bhattacharya21a/bhattacharya21a.pdf,,Открыто
Few-shot Object Grounding and Mapping for Natural Language Robot Instruction Following,Valts Blukis; Ross Knepper; Yoav Artzi,,2020,Conference on Robot Learning,https://proceedings.mlr.press/v155/blukis21a/blukis21a.pdf,,Открыто
Deep Latent Competition: Learning to Race Using Visual Control Policies in Latent Space,Wilko Schwarting; Tim Seyde; Igor Gilitschenski; Lucas Liebenwein; Ryan Sander; Sertac Karaman; Daniela Rus,,2020,Conference on Robot Learning,https://proceedings.mlr.press/v155/schwarting21a/schwarting21a.pdf,,Открыто
TriFinger: An Open-Source Robot for Learning Dexterity,Manuel Wuthrich; Felix Widmaier; Felix Grimminger; Shruti Joshi; Vaibhav Agrawal; Bilal Hammoud; Majid Khadiv; Miroslav Bogdanovic; Vincent Berenz; Julian Viereck; Maximilien Naveau; Ludovic Righetti; Bernhard Schölkopf; Stefan Bauer,,2020,Conference on Robot Learning,https://proceedings.mlr.press/v155/wuthrich21a/wuthrich21a.pdf,,Открыто
Learning to Improve Multi-Robot Hallway Navigation,Jin Soo Park; Brian Tsang; Harel Yedidsion; Garrett Warnell; Daehyun Kyoung; Peter Stone,,2020,Conference on Robot Learning,https://proceedings.mlr.press/v155/park21a/park21a.pdf,,Открыто
ACNMP: Skill Transfer and Task Extrapolation through Learning from Demonstration and Reinforcement Learning via Representation Sharing,Mete Akbulut; Erhan Oztop; Muhammet Yunus Seker; Hh X; Ahmet Tekden; Emre Ugur,,2020,Conference on Robot Learning,https://proceedings.mlr.press/v155/akbulut21a/akbulut21a.pdf,,Открыто
Unsupervised Monocular Depth Learning in Dynamic Scenes,Hanhan Li; Ariel Gordon; Hang Zhao; Vincent Casser; Anelia Angelova,,2020,Conference on Robot Learning,https://proceedings.mlr.press/v155/li21a/li21a.pdf,,Открыто
BayesRace: Learning to race autonomously using prior experience,Achin Jain; Matthew O’Kelly; Pratik Chaudhari; Manfred Morari,,2020,Conference on Robot Learning,https://proceedings.mlr.press/v155/jain21b/jain21b.pdf,,Открыто
Model-Based Inverse Reinforcement Learning from Visual Demonstrations,Neha Das; Sarah Bechtle; Todor Davchev; Dinesh Jayaraman; Akshara Rai; Franziska Meier,,2020,Conference on Robot Learning,https://proceedings.mlr.press/v155/das21a/das21a.pdf,,Открыто
Deep Reactive Planning in Dynamic Environments,Kei Ota; Devesh Jha; Tadashi Onishi; Asako Kanezaki; Yusuke Yoshiyasu; Yoko Sasaki; Toshisada Mariyama; Daniel Nikovski,,2020,Conference on Robot Learning,https://proceedings.mlr.press/v155/ota21a/ota21a.pdf,,Открыто
Reactive motion planning with probabilisticsafety guarantees,Yuxiao Chen; Ugo Rosolia; Chuchu Fan; Aaron Ames; Richard Murray,,2020,Conference on Robot Learning,https://proceedings.mlr.press/v155/chen21e/chen21e.pdf,,Открыто
Hierarchical Robot Navigation in Novel Environments using Rough 2-D Maps,Chengguang Xu; Christopher Amato; Lawson Wong,,2020,Conference on Robot Learning,https://proceedings.mlr.press/v155/xu21d/xu21d.pdf,,Открыто
Visual Imitation Made Easy,Sarah Young; Dhiraj Gandhi; Shubham Tulsiani; Abhinav Gupta; Pieter Abbeel; Lerrel Pinto,,2020,Conference on Robot Learning,https://proceedings.mlr.press/v155/young21a/young21a.pdf,,Открыто
DeepMPCVS: Deep Model Predictive Control for Visual Servoing,Pushkal Katara; Harish YVS; Harit Pandya; Abhinav Gupta; AadilMehdi Sanchawala; Gourav Kumar; Brojeshwar Bhowmick; Madhava Krishna,,2020,Conference on Robot Learning,https://proceedings.mlr.press/v155/katara21a/katara21a.pdf,,Открыто
Deep Reinforcement Learning with Population-Coded Spiking Neural Network for Continuous Control,Guangzhi Tang; Neelesh Kumar; Raymond Yoo; Konstantinos Michmizos,,2020,Conference on Robot Learning,https://proceedings.mlr.press/v155/tang21a/tang21a.pdf,,Открыто
Tolerance-Guided Policy Learning for Adaptable and Transferrable Delicate Industrial Insertion,Boshen Niu; Chenxi Wang; Changliu Liu,,2020,Conference on Robot Learning,https://proceedings.mlr.press/v155/niu21a/niu21a.pdf,,Открыто
Learning Vision-based Reactive Policies for Obstacle Avoidance,Elie Aljalbout; Ji Chen; Konstantin Ritt; Maximilian Ulmer; Sami Haddadin,,2020,Conference on Robot Learning,https://proceedings.mlr.press/v155/aljalbout21a/aljalbout21a.pdf,,Открыто
Sampling-based Reachability Analysis: A Random Set Theory Approach with Adversarial Sampling,Thomas Lew; Marco Pavone,,2020,Conference on Robot Learning,https://proceedings.mlr.press/v155/lew21a/lew21a.pdf,,Открыто
Transformers for One-Shot Visual Imitation,Sudeep Dasari; Abhinav Gupta,,2020,Conference on Robot Learning,https://proceedings.mlr.press/v155/dasari21a/dasari21a.pdf,,Открыто
Self-Supervised 3D Keypoint Learning for Ego-Motion Estimation,Jiexiong Tang; Rares Ambrus; Vitor Guizilini; Sudeep Pillai; Hanme Kim; Patric Jensfelt; Adrien Gaidon,,2020,Conference on Robot Learning,https://proceedings.mlr.press/v155/tang21b/tang21b.pdf,,Открыто
Self-Supervised Learning of Scene-Graph Representations for Robotic Sequential Manipulation Planning,Son Nguyen; Ozgur Oguz; Valentin Hartmann; Marc Toussaint,,2020,Conference on Robot Learning,https://proceedings.mlr.press/v155/nguyen21b/nguyen21b.pdf,,Открыто
Never Stop Learning: The Effectiveness of Fine-Tuning in Robotic Reinforcement Learning,Ryan Julian; Benjamin Swanson; Gaurav Sukhatme; Sergey Levine; Chelsea Finn; Karol Hausman,,2020,Conference on Robot Learning,https://proceedings.mlr.press/v155/julian21a/julian21a.pdf,,Открыто
Explicitly Encouraging Low Fractional Dimensional Trajectories Via Reinforcement Learning,Sean Gillen; Katie Byl,,2020,Conference on Robot Learning,https://proceedings.mlr.press/v155/gillen21a/gillen21a.pdf,,Открыто
S3CNet: A Sparse Semantic Scene Completion Network for LiDAR Point Clouds,Ran Cheng; Christopher Agia; Yuan Ren; Xinhai Li; Liu Bingbing,,2020,Conference on Robot Learning,https://proceedings.mlr.press/v155/cheng21a/cheng21a.pdf,,Открыто
Chaining Behaviors from Data with Model-Free Reinforcement Learning,Avi Singh; Albert Yu; Jonathan Yang; Jesse Zhang; Aviral Kumar; Sergey Levine,,2020,Conference on Robot Learning,https://proceedings.mlr.press/v155/singh21a/singh21a.pdf,,Открыто
Differentiable Logic Layer for Rule Guided Trajectory Prediction,Xiao Li; Guy Rosman; Igor Gilitschenski; Jonathan DeCastro; Cristian-Ioan Vasile; Sertac Karaman; Daniela Rus,,2020,Conference on Robot Learning,https://proceedings.mlr.press/v155/li21b/li21b.pdf,,Открыто
Attentional Separation-and-Aggregation Network for Self-supervised Depth-Pose Learning in Dynamic Scenes,Feng Gao; Jincheng Yu; Hao Shen; Yu Wang; Huazhong Yang,,2020,Conference on Robot Learning,https://proceedings.mlr.press/v155/gao21a/gao21a.pdf,,Открыто
Harnessing Distribution Ratio Estimators for Learning Agents with Quality and Diversity,Tanmay Gangwani; Jian Peng; Yuan Zhou,,2020,Conference on Robot Learning,https://proceedings.mlr.press/v155/gangwani21a/gangwani21a.pdf,,Открыто
Multimodal Trajectory Prediction via Topological Invariance for Navigation at Uncontrolled Intersections,Junha Roh; Christoforos Mavrogiannis; Rishabh Madan; Dieter Fox; Siddhartha Srinivasa,,2020,Conference on Robot Learning,https://proceedings.mlr.press/v155/roh21a/roh21a.pdf,,Открыто
Learning from Demonstrations using Signal Temporal Logic,Aniruddh Puranic; Jyotirmoy Deshmukh; Stefanos Nikolaidis,,2020,Conference on Robot Learning,https://proceedings.mlr.press/v155/puranic21a/puranic21a.pdf,,Открыто
MATS: An Interpretable Trajectory Forecasting Representation for Planning and Control,Boris Ivanovic; Amine Elhafsi; Guy Rosman; Adrien Gaidon; Marco Pavone,,2020,Conference on Robot Learning,https://proceedings.mlr.press/v155/ivanovic21a/ivanovic21a.pdf,,Открыто
Robust Quadrupedal Locomotion on Sloped Terrains: A Linear Policy Approach,Kartik Paigwar; Lokesh Krishna; sashank tirumala; naman khetan; aditya varma; ashish joglekar; Shalabh Bhatnagar; Ashitava Ghosal; Bharadwaj Amrutur; Shishir Kolathaya,,2020,Conference on Robot Learning,https://proceedings.mlr.press/v155/paigwar21a/paigwar21a.pdf,,Открыто
Learning Predictive Models for Ergonomic Control of Prosthetic Devices,GEOFFEY CLARK; Joseph Campbell; Heni Ben Amor,,2020,Conference on Robot Learning,https://proceedings.mlr.press/v155/clark21a/clark21a.pdf,,Открыто
ContactNets: Learning Discontinuous Contact Dynamics with Smooth; Implicit Representations,Samuel Pfrommer; Mathew Halm; Michael Posa,,2020,Conference on Robot Learning,https://proceedings.mlr.press/v155/pfrommer21a/pfrommer21a.pdf,,Открыто
Learning Equality Constraints for Motion Planning on Manifolds,Giovanni Sutanto; Isabel Rayas Fernández; Peter Englert; Ragesh Kumar Ramachandran; Gaurav Sukhatme,,2020,Conference on Robot Learning,https://proceedings.mlr.press/v155/sutanto21a/sutanto21a.pdf,,Открыто
Multi-Level Structure vs. End-to-End-Learning in High-Performance Tactile Robotic Manipulation,Florian Voigt; Lars Johannsmeier; Sami Haddadin,,2020,Conference on Robot Learning,https://proceedings.mlr.press/v155/voigt21a/voigt21a.pdf,,Открыто
Learning Arbitrary-Goal Fabric Folding with One Hour of Real Robot Experience,Robert Lee; Daniel Ward; Vibhavari Dasagi; Akansel Cosgun; Juxi Leitner; Peter Corke,,2020,Conference on Robot Learning,https://proceedings.mlr.press/v155/lee21a/lee21a.pdf,,Открыто
Robust Policies via Mid-Level Visual Representations: An Experimental Study in Manipulation and Navigation,Bryan Chen; Alexander Sax; Francis Lewis; Iro Armeni; Silvio Savarese; Amir Zamir; Jitendra Malik; Lerrel Pinto,,2020,Conference on Robot Learning,https://proceedings.mlr.press/v155/chen21f/chen21f.pdf,,Открыто
Towards Autonomous Eye Surgery by Combining Deep Imitation Learning with Optimal Control,Ji Woong Kim; Peiyao Zhang; Peter Gehlbach; Iulian Iordachita; Marin Kobilarov,,2020,Conference on Robot Learning,https://proceedings.mlr.press/v155/kim21a/kim21a.pdf,,Открыто
Deep Phase Correlation for End-to-End Heterogeneous Sensor Measurements Matching,Zexi Chen; Xuecheng Xu; Yue Wang; Rong Xiong,,2020,Conference on Robot Learning,https://proceedings.mlr.press/v155/chen21g/chen21g.pdf,,Открыто
Example-Driven Model-Based Reinforcement Learning for Solving Long-Horizon Visuomotor Tasks,Bohan Wu; Suraj Nair; Li Fei-Fei; Chelsea Finn,,2021,Conference on Robot Learning,https://proceedings.mlr.press/v164/wu22a/wu22a.pdf,,Открыто
Tactile Image-to-Image Disentanglement of Contact Geometry from Motion-Induced Shear,Anupam K. Gupta; Laurence Aitchison; Nathan F. Lepora,,2021,Conference on Robot Learning,https://proceedings.mlr.press/v164/gupta22a/gupta22a.pdf,,Открыто
FlingBot: The Unreasonable Effectiveness of Dynamic Manipulation for Cloth Unfolding,Huy Ha; Shuran Song,,2021,Conference on Robot Learning,https://proceedings.mlr.press/v164/ha22a/ha22a.pdf,,Открыто
TANDEM: Tracking and Dense Mapping in Real-time using Deep Multi-view Stereo,Lukas Koestler; Nan Yang; Niclas Zeller; Daniel Cremers,,2021,Conference on Robot Learning,https://proceedings.mlr.press/v164/koestler22a/koestler22a.pdf,,Открыто
Taskography: Evaluating robot task planning over large 3D scene graphs,Christopher Agia; Krishna Murthy Jatavallabhula; Mohamed Khodeir; Ondrej Miksik; Vibhav Vineet; Mustafa Mukadam; Liam Paull; Florian Shkurti,,2021,Conference on Robot Learning,https://proceedings.mlr.press/v164/agia22a/agia22a.pdf,,Открыто
Broadly-Exploring; Local-Policy Trees for Long-Horizon Task Planning,brian ichter; Pierre Sermanet; Corey Lynch,,2021,Conference on Robot Learning,https://proceedings.mlr.press/v164/ichter22a/ichter22a.pdf,,Открыто
Goal-Auxiliary Actor-Critic for 6D Robotic Grasping with Point Clouds,Lirui Wang; Yu Xiang; Wei Yang; Arsalan Mousavian; Dieter Fox,,2021,Conference on Robot Learning,https://proceedings.mlr.press/v164/wang22a/wang22a.pdf,,Открыто
Parallelised Diffeomorphic Sampling-based Motion Planning,Tin Lai; Weiming Zhi; Tucker Hermans; Fabio Ramos,,2021,Conference on Robot Learning,https://proceedings.mlr.press/v164/lai22a/lai22a.pdf,,Открыто
Learning to Walk in Minutes Using Massively Parallel Deep Reinforcement Learning,Nikita Rudin; David Hoeller; Philipp Reist; Marco Hutter,,2021,Conference on Robot Learning,https://proceedings.mlr.press/v164/rudin22a/rudin22a.pdf,,Открыто
Using Physics Knowledge for Learning Rigid-body Forward Dynamics with Gaussian Process Force Priors,Lucas Rath; Andreas René Geist; Sebastian Trimpe,,2021,Conference on Robot Learning,https://proceedings.mlr.press/v164/rath22a/rath22a.pdf,,Открыто
3D Neural Scene Representations for Visuomotor Control,Yunzhu Li; Shuang Li; Vincent Sitzmann; Pulkit Agrawal; Antonio Torralba,,2021,Conference on Robot Learning,https://proceedings.mlr.press/v164/li22a/li22a.pdf,,Открыто
Learning Density Distribution of Reachable States for Autonomous Systems,Yue Meng; Dawei Sun; Zeng Qiu; Md Tawhid Bin Waez; Chuchu Fan,,2021,Conference on Robot Learning,https://proceedings.mlr.press/v164/meng22a/meng22a.pdf,,Открыто
A Differentiable Recipe for Learning Visual Non-Prehensile Planar Manipulation,Bernardo Aceituno; Alberto Rodriguez; Shubham Tulsiani; Abhinav Gupta; Mustafa Mukadam,,2021,Conference on Robot Learning,https://proceedings.mlr.press/v164/aceituno22a/aceituno22a.pdf,,Открыто
SORNet: Spatial Object-Centric Representations for Sequential Manipulation,Wentao Yuan; Chris Paxton; Karthik Desingh; Dieter Fox,,2021,Conference on Robot Learning,https://proceedings.mlr.press/v164/yuan22a/yuan22a.pdf,,Открыто
Implicit Behavioral Cloning,Pete Florence; Corey Lynch; Andy Zeng; Oscar A Ramirez; Ayzaan Wahid; Laura Downs; Adrian Wong; Johnny Lee; Igor Mordatch; Jonathan Tompson,,2021,Conference on Robot Learning,https://proceedings.mlr.press/v164/florence22a/florence22a.pdf,,Открыто
Influencing Behavioral Attributions to Robot Motion During Task Execution,Nick Walker; Christoforos Mavrogiannis; Siddhartha Srinivasa; Maya Cakmak,,2021,Conference on Robot Learning,https://proceedings.mlr.press/v164/walker22a/walker22a.pdf,,Открыто
DETR3D: 3D Object Detection from Multi-view Images via 3D-to-2D Queries,Yue Wang; Vitor Campagnolo Guizilini; Tianyuan Zhang; Yilun Wang; Hang Zhao; Justin Solomon,,2021,Conference on Robot Learning,https://proceedings.mlr.press/v164/wang22b/wang22b.pdf,,Открыто
FabricFlowNet: Bimanual Cloth Manipulation with a Flow-based Policy,Thomas Weng; Sujay Man Bajracharya; Yufei Wang; Khush Agrawal; David Held,,2021,Conference on Robot Learning,https://proceedings.mlr.press/v164/weng22a/weng22a.pdf,,Открыто
Multimodal Trajectory Prediction Conditioned on Lane-Graph Traversals,Nachiket Deo; Eric Wolff; Oscar Beijbom,,2021,Conference on Robot Learning,https://proceedings.mlr.press/v164/deo22a/deo22a.pdf,,Открыто
Structured deep generative models for sampling on constraint manifolds in sequential manipulation,Joaquim Ortiz-Haro; Jung-Su Ha; Danny Driess; Marc Toussaint,,2021,Conference on Robot Learning,https://proceedings.mlr.press/v164/ortiz-haro22a/ortiz-haro22a.pdf,,Открыто
Rough Terrain Navigation Using Divergence Constrained Model-Based Reinforcement Learning,Sean J Wang; Samuel Triest; Wenshan Wang; Sebastian Scherer; Aaron Johnson,,2021,Conference on Robot Learning,https://proceedings.mlr.press/v164/wang22c/wang22c.pdf,,Открыто
LEO: Learning Energy-based Models in Factor Graph Optimization,Paloma Sodhi; Eric Dexheimer; Mustafa Mukadam; Stuart Anderson; Michael Kaess,,2021,Conference on Robot Learning,https://proceedings.mlr.press/v164/sodhi22a/sodhi22a.pdf,,Открыто
Learning Models as Functionals of Signed-Distance Fields for Manipulation Planning,Danny Driess; Jung-Su Ha; Marc Toussaint; Russ Tedrake,,2021,Conference on Robot Learning,https://proceedings.mlr.press/v164/driess22a/driess22a.pdf,,Открыто
Learning Visible Connectivity Dynamics for Cloth Smoothing,Xingyu Lin; Yufei Wang; Zixuan Huang; David Held,,2021,Conference on Robot Learning,https://proceedings.mlr.press/v164/lin22a/lin22a.pdf,,Открыто
GRAC: Self-Guided and Self-Regularized Actor-Critic,Lin Shao; Yifan You; Mengyuan Yan; Shenli Yuan; Qingyun Sun; Jeannette Bohg,,2021,Conference on Robot Learning,https://proceedings.mlr.press/v164/shao22a/shao22a.pdf,,Открыто
Learning to Regrasp by Learning to Place,Shuo Cheng; Kaichun Mo; Lin Shao,,2021,Conference on Robot Learning,https://proceedings.mlr.press/v164/cheng22a/cheng22a.pdf,,Открыто
V-MAO: Generative Modeling for Multi-Arm Manipulation of Articulated Objects,Xingyu Liu; Kris M. Kitani,,2021,Conference on Robot Learning,https://proceedings.mlr.press/v164/liu22a/liu22a.pdf,,Открыто
A System for General In-Hand Object Re-Orientation,Tao Chen; Jie Xu; Pulkit Agrawal,,2021,Conference on Robot Learning,https://proceedings.mlr.press/v164/chen22a/chen22a.pdf,,Открыто
Fully Autonomous Real-World Reinforcement Learning with Applications to Mobile Manipulation,Charles Sun; Jȩdrzej Orbik; Coline Manon Devin; Brian H. Yang; Abhishek Gupta; Glen Berseth; Sergey Levine,,2021,Conference on Robot Learning,https://proceedings.mlr.press/v164/sun22a/sun22a.pdf,,Открыто
Adversarially Robust Imitation Learning,Jianren Wang; Ziwen Zhuang; Yuyang Wang; Hang Zhao,,2021,Conference on Robot Learning,https://proceedings.mlr.press/v164/wang22d/wang22d.pdf,,Открыто
Look Before You Leap: Safe Model-Based Reinforcement Learning with Human Intervention,Yunkun Xu; Zhenyu Liu; Guifang Duan; Jiangcheng Zhu; Xiaolong Bai; Jianrong Tan,,2021,Conference on Robot Learning,https://proceedings.mlr.press/v164/xu22a/xu22a.pdf,,Открыто
Learning Multimodal Rewards from Rankings,Vivek Myers; Erdem Biyik; Nima Anari; Dorsa Sadigh,,2021,Conference on Robot Learning,https://proceedings.mlr.press/v164/myers22a/myers22a.pdf,,Открыто
Learning Reward Functions from Scale Feedback,Nils Wilde; Erdem Biyik; Dorsa Sadigh; Stephen L. Smith,,2021,Conference on Robot Learning,https://proceedings.mlr.press/v164/wilde22a/wilde22a.pdf,,Открыто
Learning Feasibility to Imitate Demonstrators with Different Dynamics,Zhangjie Cao; Yilun Hao; Mengxi Li; Dorsa Sadigh,,2021,Conference on Robot Learning,https://proceedings.mlr.press/v164/cao22a/cao22a.pdf,,Открыто
Orientation Probabilistic Movement Primitives on Riemannian Manifolds,Leonel Rozo; Vedant Dave,,2021,Conference on Robot Learning,https://proceedings.mlr.press/v164/rozo22a/rozo22a.pdf,,Открыто
Self-supervised Reinforcement Learning with Independently Controllable Subgoals,Andrii Zadaianchuk; Georg Martius; Fanny Yang,,2021,Conference on Robot Learning,https://proceedings.mlr.press/v164/zadaianchuk22a/zadaianchuk22a.pdf,,Открыто
Haptics-based Curiosity for Sparse-reward Tasks,Sai Rajeswar; Cyril Ibrahim; Nitin Surya; Florian Golemo; David Vazquez; Aaron Courville; Pedro O. Pinheiro,,2021,Conference on Robot Learning,https://proceedings.mlr.press/v164/rajeswar22a/rajeswar22a.pdf,,Открыто
Adversarial Skill Chaining for Long-Horizon Robot Manipulation via Terminal State Regularization,Youngwoon Lee; Joseph J Lim; Anima Anandkumar; Yuke Zhu,,2021,Conference on Robot Learning,https://proceedings.mlr.press/v164/lee22a/lee22a.pdf,,Открыто
A Workflow for Offline Model-Free Robotic Reinforcement Learning,Aviral Kumar; Anikait Singh; Stephen Tian; Chelsea Finn; Sergey Levine,,2021,Conference on Robot Learning,https://proceedings.mlr.press/v164/kumar22a/kumar22a.pdf,,Открыто
SeqMatchNet: Contrastive Learning with Sequence Matching for Place Recognition & Relocalization,Sourav Garg; Madhu Vankadari; Michael Milford,,2021,Conference on Robot Learning,https://proceedings.mlr.press/v164/garg22a/garg22a.pdf,,Открыто
Risk-Averse Zero-Order Trajectory Optimization,Marin Vlastelica; Sebastian Blaes; Cristina Pinneri; Georg Martius,,2021,Conference on Robot Learning,https://proceedings.mlr.press/v164/vlastelica22a/vlastelica22a.pdf,,Открыто
iGibson 2.0: Object-Centric Simulation for Robot Learning of Everyday Household Tasks,Chengshu Li; Fei Xia; Roberto Martín-Martín; Michael Lingelbach; Sanjana Srivastava; Bokui Shen; Kent Elliott Vainio; Cem Gokmen; Gokul Dharan; Tanish Jain; Andrey Kurenkov; Karen Liu; Hyowon Gweon; Jiajun Wu; Li Fei-Fei; Silvio Savarese,,2021,Conference on Robot Learning,https://proceedings.mlr.press/v164/li22b/li22b.pdf,,Открыто
ObjectFolder: A Dataset of Objects with Implicit Visual; Auditory; and Tactile Representations,Ruohan Gao; Yen-Yu Chang; Shivani Mall; Li Fei-Fei; Jiajun Wu,,2021,Conference on Robot Learning,https://proceedings.mlr.press/v164/gao22a/gao22a.pdf,,Открыто
BEHAVIOR: Benchmark for Everyday Household Activities in Virtual; Interactive; and Ecological Environments,Sanjana Srivastava; Chengshu Li; Michael Lingelbach; Roberto Martín-Martín; Fei Xia; Kent Elliott Vainio; Zheng Lian; Cem Gokmen; Shyamal Buch; Karen Liu; Silvio Savarese; Hyowon Gweon; Jiajun Wu; Li Fei-Fei,,2021,Conference on Robot Learning,https://proceedings.mlr.press/v164/srivastava22a/srivastava22a.pdf,,Открыто
Learning Model Preconditions for Planning with Multiple Models,Alex Licari LaGrassa; Oliver Kroemer,,2021,Conference on Robot Learning,https://proceedings.mlr.press/v164/lagrassa22a/lagrassa22a.pdf,,Открыто
Single-Shot Scene Reconstruction,Sergey Zakharov; Rares Andrei Ambrus; Vitor Campagnolo Guizilini; Dennis Park; Wadim Kehl; Fredo Durand; Joshua B. Tenenbaum; Vincent Sitzmann; Jiajun Wu; Adrien Gaidon,,2021,Conference on Robot Learning,https://proceedings.mlr.press/v164/zakharov22a/zakharov22a.pdf,,Открыто
Learning Backchanneling Behaviors for a Social Robot via Data Augmentation from Human-Human Conversations,Michael Murray; Nick Walker; Amal Nanavati; Patricia Alves-Oliveira; Nikita Filippov; Allison Sauppe; Bilge Mutlu; Maya Cakmak,,2021,Conference on Robot Learning,https://proceedings.mlr.press/v164/murray22a/murray22a.pdf,,Открыто
Dex-NeRF: Using a Neural Radiance Field to Grasp Transparent Objects,Jeffrey Ichnowski; Yahav Avigal; Justin Kerr; Ken Goldberg,,2021,Conference on Robot Learning,https://proceedings.mlr.press/v164/ichnowski22a/ichnowski22a.pdf,,Открыто
XIRL: Cross-embodiment Inverse Reinforcement Learning,Kevin Zakka; Andy Zeng; Pete Florence; Jonathan Tompson; Jeannette Bohg; Debidatta Dwibedi,,2021,Conference on Robot Learning,https://proceedings.mlr.press/v164/zakka22a/zakka22a.pdf,,Открыто
Evaluations of the Gap between Supervised and Reinforcement Lifelong Learning on Robotic Manipulation Tasks,Fan Yang; Chao Yang; Huaping Liu; Fuchun Sun,,2021,Conference on Robot Learning,https://proceedings.mlr.press/v164/yang22a/yang22a.pdf,,Открыто
Scaling Up Multi-Task Robotic Reinforcement Learning,Dmitry Kalashnikov; Jake Varley; Yevgen Chebotar; Benjamin Swanson; Rico Jonschkowski; Chelsea Finn; Sergey Levine; Karol Hausman,,2021,Conference on Robot Learning,https://proceedings.mlr.press/v164/kalashnikov22a/kalashnikov22a.pdf,,Открыто
Decentralized Control of Quadrotor Swarms with End-to-end Deep Reinforcement Learning,Sumeet Batra; Zhehui Huang; Aleksei Petrenko; Tushar Kumar; Artem Molchanov; Gaurav S. Sukhatme,,2021,Conference on Robot Learning,https://proceedings.mlr.press/v164/batra22a/batra22a.pdf,,Открыто
ReSkin: versatile; replaceable; lasting tactile skins,Raunaq Bhirangi; Tess Hellebrekers; Carmel Majidi; Abhinav Gupta,,2021,Conference on Robot Learning,https://proceedings.mlr.press/v164/bhirangi22a/bhirangi22a.pdf,,Открыто
ThriftyDAgger: Budget-Aware Novelty and Risk Gating for Interactive Imitation Learning,Ryan Hoque; Ashwin Balakrishna; Ellen Novoseller; Albert Wilcox; Daniel S. Brown; Ken Goldberg,,2021,Conference on Robot Learning,https://proceedings.mlr.press/v164/hoque22a/hoque22a.pdf,,Открыто
Anytime Depth Estimation with Limited Sensing and Computation Capabilities on Mobile Devices,Yuedong Yang; Zihui Xue; Radu Marculescu,,2021,Conference on Robot Learning,https://proceedings.mlr.press/v164/yang22b/yang22b.pdf,,Открыто
Semantic Terrain Classification for Off-Road Autonomous Driving,Amirreza Shaban; Xiangyun Meng; JoonHo Lee; Byron Boots; Dieter Fox,,2021,Conference on Robot Learning,https://proceedings.mlr.press/v164/shaban22a/shaban22a.pdf,,Открыто
Guided Imitation of Task and Motion Planning,Michael James McDonald; Dylan Hadfield-Menell,,2021,Conference on Robot Learning,https://proceedings.mlr.press/v164/mcdonald22a/mcdonald22a.pdf,,Открыто
Distilling Motion Planner Augmented Policies into Visual Control Policies for Robot Manipulation,I-Chun Arthur Liu; Shagun Uppal; Gaurav S. Sukhatme; Joseph J Lim; Peter Englert; Youngwoon Lee,,2021,Conference on Robot Learning,https://proceedings.mlr.press/v164/liu22b/liu22b.pdf,,Открыто
DexVIP: Learning Dexterous Grasping with Human Hand Pose Priors from Video,Priyanka Mandikal; Kristen Grauman,,2021,Conference on Robot Learning,https://proceedings.mlr.press/v164/mandikal22a/mandikal22a.pdf,,Открыто
DiffImpact: Differentiable Rendering and Identification of Impact Sounds,Samuel Clarke; Negin Heravi; Mark Rau; Ruohan Gao; Jiajun Wu; Doug James; Jeannette Bohg,,2021,Conference on Robot Learning,https://proceedings.mlr.press/v164/clarke22a/clarke22a.pdf,,Открыто
Rapid Exploration for Open-World Navigation with Latent Goal Models,Dhruv Shah; Benjamin Eysenbach; Nicholas Rhinehart; Sergey Levine,,2021,Conference on Robot Learning,https://proceedings.mlr.press/v164/shah22a/shah22a.pdf,,Открыто
Advancing Self-supervised Monocular Depth Learning with Sparse LiDAR,Ziyue Feng; Longlong Jing; Peng Yin; Yingli Tian; Bing Li,,2021,Conference on Robot Learning,https://proceedings.mlr.press/v164/feng22a/feng22a.pdf,,Открыто
Visually-Grounded Library of Behaviors for Manipulating Diverse Objects across Diverse Configurations and Views,Jingyun Yang; Hsiao-Yu Tung; Yunchu Zhang; Gaurav Pathak; Ashwini Pokle; Christopher G Atkeson; Katerina Fragkiadaki,,2021,Conference on Robot Learning,https://proceedings.mlr.press/v164/yang22c/yang22c.pdf,,Открыто
A Persistent Spatial Semantic Representation for High-level Natural Language Instruction Execution,Valts Blukis; Chris Paxton; Dieter Fox; Animesh Garg; Yoav Artzi,,2021,Conference on Robot Learning,https://proceedings.mlr.press/v164/blukis22a/blukis22a.pdf,,Открыто
Urban Driver: Learning to Drive from Real-world Demonstrations Using Policy Gradients,Oliver Scheel; Luca Bergamini; Maciej Wolczyk; Błażej Osiński; Peter Ondruska,,2021,Conference on Robot Learning,https://proceedings.mlr.press/v164/scheel22a/scheel22a.pdf,,Открыто
Demonstration-Guided Reinforcement Learning with Learned Skills,Karl Pertsch; Youngwoon Lee; Yue Wu; Joseph J Lim,,2021,Conference on Robot Learning,https://proceedings.mlr.press/v164/pertsch22a/pertsch22a.pdf,,Открыто
My House; My Rules: Learning Tidying Preferences with Graph Neural Networks,Ivan Kapelyukh; Edward Johns,,2021,Conference on Robot Learning,https://proceedings.mlr.press/v164/kapelyukh22a/kapelyukh22a.pdf,,Открыто
STORM: An Integrated Framework for Fast Joint-Space Model-Predictive Control for Reactive Manipulation,Mohak Bhardwaj; Balakumar Sundaralingam; Arsalan Mousavian; Nathan D. Ratliff; Dieter Fox; Fabio Ramos; Byron Boots,,2021,Conference on Robot Learning,https://proceedings.mlr.press/v164/bhardwaj22a/bhardwaj22a.pdf,,Открыто
Structure from Silence: Learning Scene Structure from Ambient Sound,Ziyang Chen; Xixi Hu; Andrew Owens,,2021,Conference on Robot Learning,https://proceedings.mlr.press/v164/chen22b/chen22b.pdf,,Открыто
Fast and Efficient Locomotion via Learned Gait Transitions,Yuxiang Yang; Tingnan Zhang; Erwin Coumans; Jie Tan; Byron Boots,,2021,Conference on Robot Learning,https://proceedings.mlr.press/v164/yang22d/yang22d.pdf,,Открыто
Model-free Safe Control for Zero-Violation Reinforcement Learning,Weiye Zhao; Tairan He; Changliu Liu,,2021,Conference on Robot Learning,https://proceedings.mlr.press/v164/zhao22a/zhao22a.pdf,,Открыто
Geometry-aware Bayesian Optimization in Robotics using Riemannian Matérn Kernels,Noémie Jaquier; Viacheslav Borovitskiy; Andrei Smolensky; Alexander Terenin; Tamim Asfour; Leonel Rozo,,2021,Conference on Robot Learning,https://proceedings.mlr.press/v164/jaquier22a/jaquier22a.pdf,,Открыто
Predicting Stable Configurations for Semantic Placement of Novel Objects,Chris Paxton; Chris Xie; Tucker Hermans; Dieter Fox,,2021,Conference on Robot Learning,https://proceedings.mlr.press/v164/paxton22a/paxton22a.pdf,,Открыто
Just Label What You Need: Fine-Grained Active Selection for P&P through Partially Labeled Scenes,Sean Segal; Nishanth Kumar; Sergio Casas; Wenyuan Zeng; Mengye Ren; Jingkang Wang; Raquel Urtasun,,2021,Conference on Robot Learning,https://proceedings.mlr.press/v164/segal22a/segal22a.pdf,,Открыто
Seeing Glass: Joint Point-Cloud and Depth Completion for Transparent Objects,Haoping Xu; Yi Ru Wang; Sagi Eppel; Alan Aspuru-Guzik; Florian Shkurti; Animesh Garg,,2021,Conference on Robot Learning,https://proceedings.mlr.press/v164/xu22b/xu22b.pdf,,Открыто
Motivating Physical Activity via Competitive Human-Robot Interaction,Boling Yang; Golnaz Habibi; Patrick Lancaster; Byron Boots; Joshua Smith,,2021,Conference on Robot Learning,https://proceedings.mlr.press/v164/yang22e/yang22e.pdf,,Открыто
RoCUS: Robot Controller Understanding via Sampling,Yilun Zhou; Serena Booth; Nadia Figueroa; Julie Shah,,2021,Conference on Robot Learning,https://proceedings.mlr.press/v164/zhou22a/zhou22a.pdf,,Открыто
IMU-Assisted Learning of Single-View Rolling Shutter Correction,Jiawei Mo; Md Jahidul Islam; Junaed Sattar,,2021,Conference on Robot Learning,https://proceedings.mlr.press/v164/mo22a/mo22a.pdf,,Открыто
Group-based Motion Prediction for Navigation in Crowded Environments,Allan Wang; Christoforos Mavrogiannis; Aaron Steinfeld,,2021,Conference on Robot Learning,https://proceedings.mlr.press/v164/wang22e/wang22e.pdf,,Открыто
A Constrained Multi-Objective Reinforcement Learning Framework,Sandy Huang; Abbas Abdolmaleki; Giulia Vezzani; Philemon Brakel; Daniel J. Mankowitz; Michael Neunert; Steven Bohez; Yuval Tassa; Nicolas Heess; Martin Riedmiller; Raia Hadsell,,2021,Conference on Robot Learning,https://proceedings.mlr.press/v164/huang22a/huang22a.pdf,,Открыто
CLIPort: What and Where Pathways for Robotic Manipulation,Mohit Shridhar; Lucas Manuelli; Dieter Fox,,2021,Conference on Robot Learning,https://proceedings.mlr.press/v164/shridhar22a/shridhar22a.pdf,,Открыто
S4RL: Surprisingly Simple Self-Supervision for Offline Reinforcement Learning in Robotics,Samarth Sinha; Ajay Mandlekar; Animesh Garg,,2021,Conference on Robot Learning,https://proceedings.mlr.press/v164/sinha22a/sinha22a.pdf,,Открыто
Aligning an optical interferometer with beam divergence control and continuous action space,Stepan Makarenko; Dmitry Igorevich Sorokin; Alexander Ulanov; Alexander Lvovsky,,2021,Conference on Robot Learning,https://proceedings.mlr.press/v164/makarenko22a/makarenko22a.pdf,,Открыто
Minimizing Energy Consumption Leads to the Emergence of Gaits in Legged Robots,Zipeng Fu; Ashish Kumar; Jitendra Malik; Deepak Pathak,,2021,Conference on Robot Learning,https://proceedings.mlr.press/v164/fu22a/fu22a.pdf,,Открыто
SimNet: Enabling Robust Unknown Object Manipulation from Pure Synthetic Data via Stereo,Thomas Kollar; Michael Laskey; Kevin Stone; Brijen Thananjeyan; Mark Tjersland,,2021,Conference on Robot Learning,https://proceedings.mlr.press/v164/kollar22a/kollar22a.pdf,,Открыто
Social Interactions as Recursive MDPs,Ravi Tejwani; Yen-Ling Kuo; Tianmin Shu; Boris Katz; Andrei Barbu,,2021,Conference on Robot Learning,https://proceedings.mlr.press/v164/tejwani22a/tejwani22a.pdf,,Открыто
LS3: Latent Space Safe Sets for Long-Horizon Visuomotor Control of Sparse Reward Iterative Tasks,Albert Wilcox; Ashwin Balakrishna; Brijen Thananjeyan; Joseph E. Gonzalez; Ken Goldberg,,2021,Conference on Robot Learning,https://proceedings.mlr.press/v164/wilcox22a/wilcox22a.pdf,,Открыто
Task-Driven Out-of-Distribution Detection with Statistical Guarantees for Robot Learning,Alec Farid; Sushant Veer; Anirudha Majumdar,,2021,Conference on Robot Learning,https://proceedings.mlr.press/v164/farid22a/farid22a.pdf,,Открыто
Redundancy Resolution as Action Bias in Policy Search for Robotic Manipulation,Firas Al-Hafez; Jochen J. Steil,,2021,Conference on Robot Learning,https://proceedings.mlr.press/v164/al-hafez22a/al-hafez22a.pdf,,Открыто
BC-Z: Zero-Shot Task Generalization with Robotic Imitation Learning,Eric Jang; Alex Irpan; Mohi Khansari; Daniel Kappler; Frederik Ebert; Corey Lynch; Sergey Levine; Chelsea Finn,,2021,Conference on Robot Learning,https://proceedings.mlr.press/v164/jang22a/jang22a.pdf,,Открыто
Motion Forecasting with Unlikelihood Training in Continuous Space,Deyao Zhu; Mohamed Zahran; Li Erran Li; Mohamed Elhoseiny,,2021,Conference on Robot Learning,https://proceedings.mlr.press/v164/zhu22a/zhu22a.pdf,,Открыто
Exploring Adversarial Robustness of Multi-sensor Perception Systems in Self Driving,James Tu; Huichen Li; Xinchen Yan; Mengye Ren; Yun Chen; Ming Liang; Eilyan Bitar; Ersin Yumer; Raquel Urtasun,,2021,Conference on Robot Learning,https://proceedings.mlr.press/v164/tu22a/tu22a.pdf,,Открыто
Learning to Jump from Pixels,Gabriel B Margolis; Tao Chen; Kartik Paigwar; Xiang Fu; Donghyun Kim; Sang bae Kim; Pulkit Agrawal,,2021,Conference on Robot Learning,https://proceedings.mlr.press/v164/margolis22a/margolis22a.pdf,,Открыто
Learning to Predict Vehicle Trajectories with Model-based Planning,Haoran Song; Di Luan; Wenchao Ding; Michael Y Wang; Qifeng Chen,,2021,Conference on Robot Learning,https://proceedings.mlr.press/v164/song22a/song22a.pdf,,Открыто
LanguageRefer: Spatial-Language Model for 3D Visual Grounding,Junha Roh; Karthik Desingh; Ali Farhadi; Dieter Fox,,2021,Conference on Robot Learning,https://proceedings.mlr.press/v164/roh22a/roh22a.pdf,,Открыто
Legged Robot State Estimation using Invariant Kalman Filtering and Learned Contact Events,Tzu-Yuan Lin; Ray Zhang; Justin Yu; Maani Ghaffari,,2021,Conference on Robot Learning,https://proceedings.mlr.press/v164/lin22b/lin22b.pdf,,Открыто
The Boombox: Visual Reconstruction from Acoustic Vibrations,Boyuan Chen; Mia Chiquier; Hod Lipson; Carl Vondrick,,2021,Conference on Robot Learning,https://proceedings.mlr.press/v164/chen22c/chen22c.pdf,,Открыто
AW-Opt: Learning Robotic Skills with Imitation andReinforcement at Scale,Yao Lu; Karol Hausman; Yevgen Chebotar; Mengyuan Yan; Eric Jang; Alexander Herzog; Ted Xiao; Alex Irpan; Mohi Khansari; Dmitry Kalashnikov; Sergey Levine,,2021,Conference on Robot Learning,https://proceedings.mlr.press/v164/lu22a/lu22a.pdf,,Открыто
Beyond Pick-and-Place: Tackling Robotic Stacking of Diverse Shapes,Alex X. Lee; Coline Manon Devin; Yuxiang Zhou; Thomas Lampe; Konstantinos Bousmalis; Jost Tobias Springenberg; Arunkumar Byravan; Abbas Abdolmaleki; Nimrod Gileadi; David Khosid; Claudio Fantacci; Jose Enrique Chen; Akhil Raju; Rae Jeong; Michael Neunert; Antoine Laurens; Stefano Saliceti; Federico Casarini; Martin Riedmiller; raia hadsell; Francesco Nori,,2021,Conference on Robot Learning,https://proceedings.mlr.press/v164/lee22b/lee22b.pdf,,Открыто
Influencing Towards Stable Multi-Agent Interactions,Woodrow Zhouyuan Wang; Andy Shih; Annie Xie; Dorsa Sadigh,,2021,Conference on Robot Learning,https://proceedings.mlr.press/v164/wang22f/wang22f.pdf,,Открыто
Strength Through Diversity: Robust Behavior Learning via Mixture Policies,Tim Seyde; Wilko Schwarting; Igor Gilitschenski; Markus Wulfmeier; Daniela Rus,,2021,Conference on Robot Learning,https://proceedings.mlr.press/v164/seyde22a/seyde22a.pdf,,Открыто
Learning to Plan Optimistically: Uncertainty-Guided Deep Exploration via Latent Model Ensembles,Tim Seyde; Wilko Schwarting; Sertac Karaman; Daniela Rus,,2021,Conference on Robot Learning,https://proceedings.mlr.press/v164/seyde22b/seyde22b.pdf,,Открыто
Trust Your Robots! Predictive Uncertainty Estimation of Neural Networks with Sparse Gaussian Processes,Jongseok Lee; Jianxiang Feng; Matthias Humt; Marcus Gerhard Müller; Rudolph Triebel,,2021,Conference on Robot Learning,https://proceedings.mlr.press/v164/lee22c/lee22c.pdf,,Открыто
Learning Multi-Stage Tasks with One Demonstration via Self-Replay,Norman Di Palo; Edward Johns,,2021,Conference on Robot Learning,https://proceedings.mlr.press/v164/palo22a/palo22a.pdf,,Открыто
Learning Behaviors through Physics-driven Latent Imagination,Antoine Richard; Stéphanie Aravecchia; Matthieu Geist; Cédric Pradalier,,2021,Conference on Robot Learning,https://proceedings.mlr.press/v164/richard22a/richard22a.pdf,,Открыто
Enhancing Consistent Ground Maneuverability by Robot Adaptation to Complex Off-Road Terrains,Sriram Siva; Maggie Wigness; John Rogers; Hao Zhang,,2021,Conference on Robot Learning,https://proceedings.mlr.press/v164/siva22a/siva22a.pdf,,Открыто
Self-Improving Semantic Perception for Indoor Localisation,Hermann Blum; Francesco Milano; René Zurbrügg; Roland Siegwart; Cesar Cadena; Abel Gawel,,2021,Conference on Robot Learning,https://proceedings.mlr.press/v164/blum22a/blum22a.pdf,,Открыто
Anomaly Detection in Multi-Agent Trajectories for Automated Driving,Julian Wiederer; Arij Bouazizi; Marco Troina; Ulrich Kressel; Vasileios Belagiannis,,2021,Conference on Robot Learning,https://proceedings.mlr.press/v164/wiederer22a/wiederer22a.pdf,,Открыто
Assisted Robust Reward Design,Jerry Zhi-Yang He; Anca D. Dragan,,2021,Conference on Robot Learning,https://proceedings.mlr.press/v164/he22a/he22a.pdf,,Открыто
Generating Scenarios with Diverse Pedestrian Behaviors for Autonomous Vehicle Testing,Maria Priisalu; Aleksis Pirinen; Ciprian Paduraru; Cristian Sminchisescu,,2021,Conference on Robot Learning,https://proceedings.mlr.press/v164/priisalu22a/priisalu22a.pdf,,Открыто
Skill Preferences: Learning to Extract and Execute Robotic Skills from Human Feedback,Xiaofei Wang; Kimin Lee; Kourosh Hakhamaneshi; Pieter Abbeel; Michael Laskin,,2021,Conference on Robot Learning,https://proceedings.mlr.press/v164/wang22g/wang22g.pdf,,Открыто
Visual Learning Towards Soft Robot Force Control using a 3D Metamaterial with Differential Stiffness,Fang Wan; Xiaobo Liu; Ning Guo; Xudong Han; Feng Tian; Chaoyang Song,,2021,Conference on Robot Learning,https://proceedings.mlr.press/v164/wan22a/wan22a.pdf,,Открыто
Co-GAIL: Learning Diverse Strategies for Human-Robot Collaboration,Chen Wang; Claudia Pérez-D’Arpino; Danfei Xu; Li Fei-Fei; Karen Liu; Silvio Savarese,,2021,Conference on Robot Learning,https://proceedings.mlr.press/v164/wang22h/wang22h.pdf,,Открыто
Visual-Locomotion: Learning to Walk on Complex Terrains with Vision,Wenhao Yu; Deepali Jain; Alejandro Escontrela; Atil Iscen; Peng Xu; Erwin Coumans; Sehoon Ha; Jie Tan; Tingnan Zhang,,2021,Conference on Robot Learning,https://proceedings.mlr.press/v164/yu22a/yu22a.pdf,,Открыто
Learning Language-Conditioned Robot Behavior from Offline Data and Crowd-Sourced Annotation,Suraj Nair; Eric Mitchell; Kevin Chen; brian ichter; Silvio Savarese; Chelsea Finn,,2021,Conference on Robot Learning,https://proceedings.mlr.press/v164/nair22a/nair22a.pdf,,Открыто
Hierarchically Integrated Models: Learning to Navigate from Heterogeneous Robots,Katie Kang; Gregory Kahn; Sergey Levine,,2021,Conference on Robot Learning,https://proceedings.mlr.press/v164/kang22a/kang22a.pdf,,Открыто
Learning A Risk-Aware Trajectory Planner From Demonstrations Using Logic Monitor,Xiao Li; Jonathan DeCastro; Cristian Ioan Vasile; Sertac Karaman; Daniela Rus,,2021,Conference on Robot Learning,https://proceedings.mlr.press/v164/li22c/li22c.pdf,,Открыто
Learning Eye-in-Hand Camera Calibration from a Single Image,Eugene Valassakis; Kamil Dreczkowski; Edward Johns,,2021,Conference on Robot Learning,https://proceedings.mlr.press/v164/valassakis22a/valassakis22a.pdf,,Открыто
LENS: Localization enhanced by NeRF synthesis,Arthur Moreau; Nathan Piasco; Dzmitry Tsishkou; Bogdan Stanciulescu; Arnaud de La Fortelle,,2021,Conference on Robot Learning,https://proceedings.mlr.press/v164/moreau22a/moreau22a.pdf,,Открыто
Robot Reinforcement Learning on the Constraint Manifold,Puze Liu; Davide Tateo; Haitham Bou Ammar; Jan Peters,,2021,Conference on Robot Learning,https://proceedings.mlr.press/v164/liu22c/liu22c.pdf,,Открыто
Error-Aware Imitation Learning from Teleoperation Data for Mobile Manipulation,Josiah Wong; Albert Tung; Andrey Kurenkov; Ajay Mandlekar; Li Fei-Fei; Silvio Savarese; Roberto Martín-Martín,,2021,Conference on Robot Learning,https://proceedings.mlr.press/v164/wong22a/wong22a.pdf,,Открыто
LILA: Language-Informed Latent Actions,Siddharth Karamcheti; Megha Srivastava; Percy Liang; Dorsa Sadigh,,2021,Conference on Robot Learning,https://proceedings.mlr.press/v164/karamcheti22a/karamcheti22a.pdf,,Открыто
CLASP: Constrained Latent Shape Projection for Refining Object Shape from Robot Contact,Brad Saund; Dmitry Berenson,,2021,Conference on Robot Learning,https://proceedings.mlr.press/v164/saund22a/saund22a.pdf,,Открыто
Learn2Assemble with Structured Representations and Search for Robotic Architectural Construction,Niklas Funk; Georgia Chalvatzaki; Boris Belousov; Jan Peters,,2021,Conference on Robot Learning,https://proceedings.mlr.press/v164/funk22a/funk22a.pdf,,Открыто
Correspondence-Free Point Cloud Registration with SO(3)-Equivariant Implicit Shape Representations,Minghan Zhu; Maani Ghaffari; Huei Peng,,2021,Conference on Robot Learning,https://proceedings.mlr.press/v164/zhu22b/zhu22b.pdf,,Открыто
Specializing Versatile Skill Libraries using Local Mixture of Experts,Onur Celik; Dongzhuoran Zhou; Ge Li; Philipp Becker; Gerhard Neumann,,2021,Conference on Robot Learning,https://proceedings.mlr.press/v164/celik22a/celik22a.pdf,,Открыто
Multi-Agent Trajectory Prediction by Combining Egocentric and Allocentric Views,Xiaosong Jia; Liting Sun; Hang Zhao; Masayoshi Tomizuka; Wei Zhan,,2021,Conference on Robot Learning,https://proceedings.mlr.press/v164/jia22a/jia22a.pdf,,Открыто
Self-supervised Point Cloud Prediction Using 3D Spatio-temporal Convolutional Networks,Benedikt Mersch; Xieyuanli Chen; Jens Behley; Cyrill Stachniss,,2021,Conference on Robot Learning,https://proceedings.mlr.press/v164/mersch22a/mersch22a.pdf,,Открыто
Dealing with the Unknown: Pessimistic Offline Reinforcement Learning,Jinning Li; Chen Tang; Masayoshi Tomizuka; Wei Zhan,,2021,Conference on Robot Learning,https://proceedings.mlr.press/v164/li22d/li22d.pdf,,Открыто
Stochastic Policy Optimization with Heuristic Information for Robot Learning,Seonghyun Kim; Ingook Jang; Samyeul Noh; Hyunseok Kim,,2021,Conference on Robot Learning,https://proceedings.mlr.press/v164/kim22a/kim22a.pdf,,Открыто
Probabilistic and Geometric Depth: Detecting Objects in Perspective,Tai Wang; Xinge ZHU; Jiangmiao Pang; Dahua Lin,,2021,Conference on Robot Learning,https://proceedings.mlr.press/v164/wang22i/wang22i.pdf,,Открыто
Guiding Multi-Step Rearrangement Tasks with Natural Language Instructions,Elias Stengel-Eskin; Andrew Hundt; Zhuohong He; Aditya Murali; Nakul Gopalan; Matthew Gombolay; Gregory Hager,,2021,Conference on Robot Learning,https://proceedings.mlr.press/v164/stengel-eskin22a/stengel-eskin22a.pdf,,Открыто
Towards Real Robot Learning in the Wild: A Case Study in Bipedal Locomotion,Michael Bloesch; Jan Humplik; Viorica Patraucean; Roland Hafner; Tuomas Haarnoja; Arunkumar Byravan; Noah Yamamoto Siegel; Saran Tunyasuvunakool; Federico Casarini; Nathan Batchelor; Francesco Romano; Stefano Saliceti; Martin Riedmiller; S. M. Ali Eslami; Nicolas Heess,,2021,Conference on Robot Learning,https://proceedings.mlr.press/v164/bloesch22a/bloesch22a.pdf,,Открыто
SCAPE: Learning Stiffness Control from Augmented Position Control Experiences,Mincheol Kim; Scott Niekum; Ashish D. Deshpande,,2021,Conference on Robot Learning,https://proceedings.mlr.press/v164/kim22b/kim22b.pdf,,Открыто
Fully Self-Supervised Class Awareness in Dense Object Descriptors,Denis Hadjivelichkov; Dimitrios Kanoulas,,2021,Conference on Robot Learning,https://proceedings.mlr.press/v164/hadjivelichkov22a/hadjivelichkov22a.pdf,,Открыто
Neural Posterior Domain Randomization,Fabio Muratore; Theo Gruner; Florian Wiese; Boris Belousov; Michael Gienger; Jan Peters,,2021,Conference on Robot Learning,https://proceedings.mlr.press/v164/muratore22a/muratore22a.pdf,,Открыто
You Only Evaluate Once: a Simple Baseline Algorithm for Offline RL,Wonjoon Goo; Scott Niekum,,2021,Conference on Robot Learning,https://proceedings.mlr.press/v164/goo22a/goo22a.pdf,,Открыто
Safe Driving via Expert Guided Policy Optimization,Zhenghao Peng; Quanyi Li; Chunxiao Liu; Bolei Zhou,,2021,Conference on Robot Learning,https://proceedings.mlr.press/v164/peng22a/peng22a.pdf,,Открыто
"""Good Robot! Now Watch This!"": Repurposing Reinforcement Learning for Task-to-Task Transfer",Andrew Hundt; Aditya Murali; Priyanka Hubli; Ran Liu; Nakul Gopalan; Matthew Gombolay; Gregory D. Hager,,2021,Conference on Robot Learning,https://proceedings.mlr.press/v164/hundt22a/hundt22a.pdf,,Открыто
Learning Inertial Odometry for Dynamic Legged Robot State Estimation,Russell Buchanan; Marco Camurri; Frank Dellaert; Maurice Fallon,,2021,Conference on Robot Learning,https://proceedings.mlr.press/v164/buchanan22a/buchanan22a.pdf,,Открыто
Embodied Semantic Scene Graph Generation,Xinghang Li; Di Guo; Huaping Liu; Fuchun Sun,,2021,Conference on Robot Learning,https://proceedings.mlr.press/v164/li22e/li22e.pdf,,Открыто
Generalised Task Planning with First-Order Function Approximation,Jun Hao Alvin Ng; Ronald P.A. Petrick,,2021,Conference on Robot Learning,https://proceedings.mlr.press/v164/ng22a/ng22a.pdf,,Открыто
Distributional Depth-Based Estimation of Object Articulation Models,Ajinkya Jain; Stephen Giguere; Rudolf Lioutikov; Scott Niekum,,2021,Conference on Robot Learning,https://proceedings.mlr.press/v164/jain22a/jain22a.pdf,,Открыто
Learning Off-Policy with Online Planning,Harshit Sikchi; Wenxuan Zhou; David Held,,2021,Conference on Robot Learning,https://proceedings.mlr.press/v164/sikchi22a/sikchi22a.pdf,,Открыто
Smooth Exploration for Robotic Reinforcement Learning,Antonin Raffin; Jens Kober; Freek Stulp,,2021,Conference on Robot Learning,https://proceedings.mlr.press/v164/raffin22a/raffin22a.pdf,,Открыто
Tactile Sim-to-Real Policy Transfer via Real-to-Sim Image Translation,Alex Church; John Lloyd; raia hadsell; Nathan F. Lepora,,2021,Conference on Robot Learning,https://proceedings.mlr.press/v164/church22a/church22a.pdf,,Открыто
RICE: Refining Instance Masks in Cluttered Environments with Graph Neural Networks,Chris Xie; Arsalan Mousavian; Yu Xiang; Dieter Fox,,2021,Conference on Robot Learning,https://proceedings.mlr.press/v164/xie22a/xie22a.pdf,,Открыто
O2O-Afford: Annotation-Free Large-Scale Object-Object Affordance Learning,Kaichun Mo; Yuzhe Qin; Fanbo Xiang; Hao Su; Leonidas Guibas,,2021,Conference on Robot Learning,https://proceedings.mlr.press/v164/mo22b/mo22b.pdf,,Открыто
What Matters in Learning from Offline Human Demonstrations for Robot Manipulation,Ajay Mandlekar; Danfei Xu; Josiah Wong; Soroush Nasiriany; Chen Wang; Rohun Kulkarni; Li Fei-Fei; Silvio Savarese; Yuke Zhu; Roberto Martín-Martín,,2021,Conference on Robot Learning,https://proceedings.mlr.press/v164/mandlekar22a/mandlekar22a.pdf,,Открыто
Language Grounding with 3D Objects,Jesse Thomason; Mohit Shridhar; Yonatan Bisk; Chris Paxton; Luke Zettlemoyer,,2021,Conference on Robot Learning,https://proceedings.mlr.press/v164/thomason22a/thomason22a.pdf,,Открыто
Offline-to-Online Reinforcement Learning via Balanced Replay and Pessimistic Q-Ensemble,Seunghyun Lee; Younggyo Seo; Kimin Lee; Pieter Abbeel; Jinwoo Shin,,2021,Conference on Robot Learning,https://proceedings.mlr.press/v164/lee22d/lee22d.pdf,,Открыто
Equivariant $Q$ Learning in Spatial Action Spaces,Dian Wang; Robin Walters; Xupeng Zhu; Robert Platt,,2021,Conference on Robot Learning,https://proceedings.mlr.press/v164/wang22j/wang22j.pdf,,Открыто
Safe Nonlinear Control Using Robust Neural Lyapunov-Barrier Functions,Charles Dawson; Zengyi Qin; Sicun Gao; Chuchu Fan,,2021,Conference on Robot Learning,https://proceedings.mlr.press/v164/dawson22a/dawson22a.pdf,,Открыто
Collect & Infer - a fresh look at data-efficient Reinforcement Learning,Martin Riedmiller; Jost Tobias Springenberg; Roland Hafner; Nicolas Heess,,2021,Conference on Robot Learning,https://proceedings.mlr.press/v164/riedmiller22a/riedmiller22a.pdf,,Открыто
The Task Specification Problem,Pulkit Agrawal,,2021,Conference on Robot Learning,https://proceedings.mlr.press/v164/agrawal22a/agrawal22a.pdf,,Открыто
Understanding the World Through Action,Sergey Levine,,2021,Conference on Robot Learning,https://proceedings.mlr.press/v164/levine22a/levine22a.pdf,,Открыто
Continuous then discrete: A recommendation for building robotic brains,Chris Eliasmith; P. Michael Furlong,,2021,Conference on Robot Learning,https://proceedings.mlr.press/v164/eliasmith22a/eliasmith22a.pdf,,Открыто
Back to Reality for Imitation Learning,Edward Johns,,2021,Conference on Robot Learning,https://proceedings.mlr.press/v164/johns22a/johns22a.pdf,,Открыто
Robots on Demand: A Democratized Robotics Research Cloud,Victoria Dean; Yonadav G Shavit; Abhinav Gupta,,2021,Conference on Robot Learning,https://proceedings.mlr.press/v164/dean22a/dean22a.pdf,,Открыто
From Robot Learning To Robot Understanding: Leveraging Causal Graphical Models For Robotics,Kaylene Caswell Stocking; Alison Gopnik; Claire Tomlin,,2021,Conference on Robot Learning,https://proceedings.mlr.press/v164/stocking22a/stocking22a.pdf,,Открыто
Learning to be Multimodal : Co-evolving Sensory Modalities and Sensor Properties,Rika Antonova; Jeannette Bohg,,2021,Conference on Robot Learning,https://proceedings.mlr.press/v164/antonova22a/antonova22a.pdf,,Открыто
RoboFlow: a Data-centric Workflow Management System for Developing AI-enhanced Robots,Qinjie Lin; Guo Ye; Jiayi Wang; Han Liu,,2021,Conference on Robot Learning,https://proceedings.mlr.press/v164/lin22c/lin22c.pdf,,Открыто
Decentralized Sharing and Valuation of Fleet Robotic Data,Yuchong Geng; Dongyue Zhang; Po-han Li; Oguzhan Akcin; Ao Tang; Sandeep P. Chinchali,,2021,Conference on Robot Learning,https://proceedings.mlr.press/v164/geng22a/geng22a.pdf,,Открыто
Auditing Robot Learning for Safety and Compliance during Deployment,Homanga Bharadhwaj,,2021,Conference on Robot Learning,https://proceedings.mlr.press/v164/bharadhwaj22a/bharadhwaj22a.pdf,,Открыто
Toward robots that learn to summarize their actions in natural language: a set of tasks,Chad DeChant; Daniel Bauer,,2021,Conference on Robot Learning,https://proceedings.mlr.press/v164/dechant22a/dechant22a.pdf,,Открыто
Dual-Arm Adversarial Robot Learning,Elie Aljalbout,,2021,Conference on Robot Learning,https://proceedings.mlr.press/v164/aljalbout22a/aljalbout22a.pdf,,Открыто
RoboTube: Learning Household Manipulation from Human Videos with Simulated Twin Environments,Haoyu Xiong; Haoyuan Fu; Jieyi Zhang; Chen Bao; Qiang Zhang; Yongxi Huang; Wenqiang Xu; Animesh Garg; Cewu Lu,,2022,Conference on Robot Learning,https://proceedings.mlr.press/v205/xiong23a/xiong23a.pdf,,Открыто
Training Robots to Evaluate Robots: Example-Based Interactive Reward Functions for Policy Learning,Kun Huang; Edward S. Hu; Dinesh Jayaraman,,2022,Conference on Robot Learning,https://proceedings.mlr.press/v205/huang23a/huang23a.pdf,,Открыто
Walk These Ways: Tuning Robot Control for Generalization with Multiplicity of Behavior,Gabriel B. Margolis; Pulkit Agrawal,,2022,Conference on Robot Learning,https://proceedings.mlr.press/v205/margolis23a/margolis23a.pdf,,Открыто
Watch and Match: Supercharging Imitation with Regularized Optimal Transport,Siddhant Haldar; Vaibhav Mathur; Denis Yarats; Lerrel Pinto,,2022,Conference on Robot Learning,https://proceedings.mlr.press/v205/haldar23a/haldar23a.pdf,,Открыто
Offline Reinforcement Learning for Visual Navigation,Dhruv Shah; Arjun Bhorkar; Hrishit Leen; Ilya Kostrikov; Nicholas Rhinehart; Sergey Levine,,2022,Conference on Robot Learning,https://proceedings.mlr.press/v205/shah23a/shah23a.pdf,,Открыто
Graph Inverse Reinforcement Learning from Diverse Videos,Sateesh Kumar; Jonathan Zamora; Nicklas Hansen; Rishabh Jangir; Xiaolong Wang,,2022,Conference on Robot Learning,https://proceedings.mlr.press/v205/kumar23a/kumar23a.pdf,,Открыто
Inferring Smooth Control: Monte Carlo Posterior Policy Iteration with Gaussian Processes,Joe Watson; Jan Peters,,2022,Conference on Robot Learning,https://proceedings.mlr.press/v205/watson23a/watson23a.pdf,,Открыто
BEHAVIOR-1K: A Benchmark for Embodied AI with 1;000 Everyday Activities and Realistic Simulation,Chengshu Li; Ruohan Zhang; Josiah Wong; Cem Gokmen; Sanjana Srivastava; Roberto Martín-Martín; Chen Wang; Gabrael Levine; Michael Lingelbach; Jiankai Sun; Mona Anvari; Minjune Hwang; Manasi Sharma; Arman Aydin; Dhruva Bansal; Samuel Hunter; Kyu-Young Kim; Alan Lou; Caleb R Matthews; Ivan Villa-Renteria; Jerry Huayang Tang; Claire Tang; Fei Xia; Silvio Savarese; Hyowon Gweon; Karen Liu; Jiajun Wu; Li Fei-Fei,,2022,Conference on Robot Learning,https://proceedings.mlr.press/v205/li23a/li23a.pdf,,Открыто
Temporal Logic Imitation: Learning Plan-Satisficing Motion Policies from Demonstrations,Yanwei Wang; Nadia Figueroa; Shen Li; Ankit Shah; Julie Shah,,2022,Conference on Robot Learning,https://proceedings.mlr.press/v205/wang23a/wang23a.pdf,,Открыто
Generalization with Lossy Affordances: Leveraging Broad Offline Data for Learning Visuomotor Tasks,Kuan Fang; Patrick Yin; Ashvin Nair; Homer Rich Walke; Gengchen Yan; Sergey Levine,,2022,Conference on Robot Learning,https://proceedings.mlr.press/v205/fang23a/fang23a.pdf,,Открыто
Real-time Mapping of Physical Scene Properties with an Autonomous Robot Experimenter,Iain Haughton; Edgar Sucar; Andre Mouton; Edward Johns; Andrew Davison,,2022,Conference on Robot Learning,https://proceedings.mlr.press/v205/haughton23a/haughton23a.pdf,,Открыто
Robust Trajectory Prediction against Adversarial Attacks,Yulong Cao; Danfei Xu; Xinshuo Weng; Zhuoqing Mao; Anima Anandkumar; Chaowei Xiao; Marco Pavone,,2022,Conference on Robot Learning,https://proceedings.mlr.press/v205/cao23a/cao23a.pdf,,Открыто
Deep Whole-Body Control: Learning a Unified Policy for Manipulation and Locomotion,Zipeng Fu; Xuxin Cheng; Deepak Pathak,,2022,Conference on Robot Learning,https://proceedings.mlr.press/v205/fu23a/fu23a.pdf,,Открыто
Learning to Grasp the Ungraspable with Emergent Extrinsic Dexterity,Wenxuan Zhou; David Held,,2022,Conference on Robot Learning,https://proceedings.mlr.press/v205/zhou23a/zhou23a.pdf,,Открыто
PRISM: Probabilistic Real-Time Inference in Spatial World Models,Atanas Mirchev; Baris Kayalibay; Ahmed Agha; Patrick van der Smagt; Daniel Cremers; Justin Bayer,,2022,Conference on Robot Learning,https://proceedings.mlr.press/v205/mirchev23a/mirchev23a.pdf,,Открыто
Instruction-driven history-aware policies for robotic manipulations,Pierre-Louis Guhur; Shizhe Chen; Ricardo Garcia Pinel; Makarand Tapaswi; Ivan Laptev; Cordelia Schmid,,2022,Conference on Robot Learning,https://proceedings.mlr.press/v205/guhur23a/guhur23a.pdf,,Открыто
Embedding Synthetic Off-Policy Experience for Autonomous Driving via Zero-Shot Curricula,Eli Bronstein; Sirish Srinivasan; Supratik Paul; Aman Sinha; Matthew O’Kelly; Payam Nikdel; Shimon Whiteson,,2022,Conference on Robot Learning,https://proceedings.mlr.press/v205/bronstein23a/bronstein23a.pdf,,Открыто
LEADER: Learning Attention over Driving Behaviors for Planning under Uncertainty,Mohamad Hosein Danesh; Panpan Cai; David Hsu,,2022,Conference on Robot Learning,https://proceedings.mlr.press/v205/danesh23a/danesh23a.pdf,,Открыто
i-Sim2Real: Reinforcement Learning of Robotic Policies in Tight Human-Robot Interaction Loops,Saminda Wishwajith Abeyruwan; Laura Graesser; David B D’Ambrosio; Avi Singh; Anish Shankar; Alex Bewley; Deepali Jain; Krzysztof Marcin Choromanski; Pannag R Sanketi,,2022,Conference on Robot Learning,https://proceedings.mlr.press/v205/abeyruwan23a/abeyruwan23a.pdf,,Открыто
Learning Temporally Extended Skills in Continuous Domains as Symbolic Actions for Planning,Jan Achterhold; Markus Krimmel; Joerg Stueckler,,2022,Conference on Robot Learning,https://proceedings.mlr.press/v205/achterhold23a/achterhold23a.pdf,,Открыто
Meta-Learning Priors for Safe Bayesian Optimization,Jonas Rothfuss; Christopher Koenig; Alisa Rupenyan; Andreas Krause,,2022,Conference on Robot Learning,https://proceedings.mlr.press/v205/rothfuss23a/rothfuss23a.pdf,,Открыто
Planning Paths through Occlusions in Urban Environments,Yutao Han; Youya Xia; Guo-Jun Qi; Mark Campbell,,2022,Conference on Robot Learning,https://proceedings.mlr.press/v205/han23a/han23a.pdf,,Открыто
Rethinking Optimization with Differentiable Simulation from a Global Perspective,Rika Antonova; Jingyun Yang; Krishna Murthy Jatavallabhula; Jeannette Bohg,,2022,Conference on Robot Learning,https://proceedings.mlr.press/v205/antonova23a/antonova23a.pdf,,Открыто
Do As I Can; Not As I Say: Grounding Language in Robotic Affordances,brian ichter; Anthony Brohan; Yevgen Chebotar; Chelsea Finn; Karol Hausman; Alexander Herzog; Daniel Ho; Julian Ibarz; Alex Irpan; Eric Jang; Ryan Julian; Dmitry Kalashnikov; Sergey Levine; Yao Lu; Carolina Parada; Kanishka Rao; Pierre Sermanet; Alexander T Toshev; Vincent Vanhoucke; Fei Xia; Ted Xiao; Peng Xu; Mengyuan Yan; Noah Brown; Michael Ahn; Omar Cortes; Nicolas Sievers; Clayton Tan; Sichun Xu; Diego Reyes; Jarek Rettinghouse; Jornell Quiambao; Peter Pastor; Linda Luu; Kuang-Huei Lee; Yuheng Kuang; Sally Jesmonth; Nikhil J. Joshi; Kyle Jeffrey; Rosario Jauregui Ruano; Jasmine Hsu; Keerthana Gopalakrishnan; Byron David; Andy Zeng; Chuyuan Kelly Fu,,2022,Conference on Robot Learning,https://proceedings.mlr.press/v205/ichter23a/ichter23a.pdf,,Открыто
MidasTouch: Monte-Carlo inference over distributions across sliding touch,Sudharshan Suresh; Zilin Si; Stuart Anderson; Michael Kaess; Mustafa Mukadam,,2022,Conference on Robot Learning,https://proceedings.mlr.press/v205/suresh23a/suresh23a.pdf,,Открыто
Learning Visuo-Haptic Skewering Strategies for Robot-Assisted Feeding,Priya Sundaresan; Suneel Belkhale; Dorsa Sadigh,,2022,Conference on Robot Learning,https://proceedings.mlr.press/v205/sundaresan23a/sundaresan23a.pdf,,Открыто
Learning Agile Skills via Adversarial Imitation of Rough Partial Demonstrations,Chenhao Li; Marin Vlastelica; Sebastian Blaes; Jonas Frey; Felix Grimminger; Georg Martius,,2022,Conference on Robot Learning,https://proceedings.mlr.press/v205/li23b/li23b.pdf,,Открыто
Evo-NeRF: Evolving NeRF for Sequential Robot Grasping of Transparent Objects,Justin Kerr; Letian Fu; Huang Huang; Yahav Avigal; Matthew Tancik; Jeffrey Ichnowski; Angjoo Kanazawa; Ken Goldberg,,2022,Conference on Robot Learning,https://proceedings.mlr.press/v205/kerr23a/kerr23a.pdf,,Открыто
Fleet-DAgger: Interactive Robot Fleet Learning with Scalable Human Supervision,Ryan Hoque; Lawrence Yunliang Chen; Satvik Sharma; Karthik Dharmarajan; Brijen Thananjeyan; Pieter Abbeel; Ken Goldberg,,2022,Conference on Robot Learning,https://proceedings.mlr.press/v205/hoque23a/hoque23a.pdf,,Открыто
RAP: Risk-Aware Prediction for Robust Planning,Haruki Nishimura; Jean Mercat; Blake Wulfe; Rowan Thomas McAllister; Adrien Gaidon,,2022,Conference on Robot Learning,https://proceedings.mlr.press/v205/nishimura23a/nishimura23a.pdf,,Открыто
Topological Semantic Graph Memory for Image-Goal Navigation,Nuri Kim; Obin Kwon; Hwiyeon Yoo; Yunho Choi; Jeongho Park; Songhwai Oh,,2022,Conference on Robot Learning,https://proceedings.mlr.press/v205/kim23a/kim23a.pdf,,Открыто
Legged Locomotion in Challenging Terrains using Egocentric Vision,Ananye Agarwal; Ashish Kumar; Jitendra Malik; Deepak Pathak,,2022,Conference on Robot Learning,https://proceedings.mlr.press/v205/agarwal23a/agarwal23a.pdf,,Открыто
Real-World Robot Learning with Masked Visual Pre-training,Ilija Radosavovic; Tete Xiao; Stephen James; Pieter Abbeel; Jitendra Malik; Trevor Darrell,,2022,Conference on Robot Learning,https://proceedings.mlr.press/v205/radosavovic23a/radosavovic23a.pdf,,Открыто
SE(2)-Equivariant Pushing Dynamics Models for Tabletop Object Manipulations,Seungyeon Kim; Byeongdo Lim; Yonghyeon Lee; Frank C. Park,,2022,Conference on Robot Learning,https://proceedings.mlr.press/v205/kim23b/kim23b.pdf,,Открыто
Vision-based Uneven BEV Representation Learning with Polar Rasterization and Surface Estimation,Zhi Liu; Shaoyu Chen; Xiaojie Guo; Xinggang Wang; Tianheng Cheng; Hongmei Zhu; Qian Zhang; Wenyu Liu; Yi Zhang,,2022,Conference on Robot Learning,https://proceedings.mlr.press/v205/liu23a/liu23a.pdf,,Открыто
HERD: Continuous Human-to-Robot Evolution for Learning from Human Demonstration,Xingyu Liu; Deepak Pathak; Kris M. Kitani,,2022,Conference on Robot Learning,https://proceedings.mlr.press/v205/liu23b/liu23b.pdf,,Открыто
PlanT: Explainable Planning Transformers via Object-Level Representations,Katrin Renz; Kashyap Chitta; Otniel-Bogdan Mercea; A. Sophia Koepke; Zeynep Akata; Andreas Geiger,,2022,Conference on Robot Learning,https://proceedings.mlr.press/v205/renz23a/renz23a.pdf,,Открыто
Where To Start? Transferring Simple Skills to Complex Environments,Vitalis Vosylius; Edward Johns,,2022,Conference on Robot Learning,https://proceedings.mlr.press/v205/vosylius23a/vosylius23a.pdf,,Открыто
Efficient and Stable Off-policy Training via Behavior-aware Evolutionary Learning,Maiyue Chen; Guangyi He,,2022,Conference on Robot Learning,https://proceedings.mlr.press/v205/chen23a/chen23a.pdf,,Открыто
LM-Nav: Robotic Navigation with Large Pre-Trained Models of Language; Vision; and Action,Dhruv Shah; Błażej Osiński; brian ichter; Sergey Levine,,2022,Conference on Robot Learning,https://proceedings.mlr.press/v205/shah23b/shah23b.pdf,,Открыто
BusyBot: Learning to Interact; Reason; and Plan in a BusyBoard Environment,Zeyi Liu; Zhenjia Xu; Shuran Song,,2022,Conference on Robot Learning,https://proceedings.mlr.press/v205/liu23c/liu23c.pdf,,Открыто
NeuralGrasps: Learning Implicit Representations for Grasps of Multiple Robotic Hands,Ninad Khargonkar; Neil Song; Zesheng Xu; B Prabhakaran; Yu Xiang,,2022,Conference on Robot Learning,https://proceedings.mlr.press/v205/khargonkar23a/khargonkar23a.pdf,,Открыто
Frame Mining: a Free Lunch for Learning Robotic Manipulation from 3D Point Clouds,Minghua Liu; Xuanlin Li; Zhan Ling; Yangyan Li; Hao Su,,2022,Conference on Robot Learning,https://proceedings.mlr.press/v205/liu23d/liu23d.pdf,,Открыто
SurroundDepth: Entangling Surrounding Views for Self-Supervised Multi-Camera Depth Estimation,Yi Wei; Linqing Zhao; Wenzhao Zheng; Zheng Zhu; Yongming Rao; Guan Huang; Jiwen Lu; Jie Zhou,,2022,Conference on Robot Learning,https://proceedings.mlr.press/v205/wei23a/wei23a.pdf,,Открыто
One-Shot Transfer of Affordance Regions? AffCorrs!,Denis Hadjivelichkov; Sicelukwanda Zwane; Lourdes Agapito; Marc Peter Deisenroth; Dimitrios Kanoulas,,2022,Conference on Robot Learning,https://proceedings.mlr.press/v205/hadjivelichkov23a/hadjivelichkov23a.pdf,,Открыто
Lidar Line Selection with Spatially-Aware Shapley Value for Cost-Efficient Depth Completion,Kamil Adamczewski; Christos Sakaridis; Vaishakh Patil; Luc Van Gool,,2022,Conference on Robot Learning,https://proceedings.mlr.press/v205/adamczewski23a/adamczewski23a.pdf,,Открыто
Iterative Interactive Modeling for Knotting Plastic Bags,Chongkai Gao; Zekun Li; Haichuan Gao; Feng Chen,,2022,Conference on Robot Learning,https://proceedings.mlr.press/v205/gao23a/gao23a.pdf,,Открыто
Tailoring Visual Object Representations to Human Requirements: A Case Study with a Recycling Robot,Debasmita Ghose; Michal Adam Lewkowicz; Kaleb Gezahegn; Julian Lee; Timothy Adamson; Marynel Vazquez; Brian Scassellati,,2022,Conference on Robot Learning,https://proceedings.mlr.press/v205/ghose23a/ghose23a.pdf,,Открыто
DexPoint: Generalizable Point Cloud Reinforcement Learning for Sim-to-Real Dexterous Manipulation,Yuzhe Qin; Binghao Huang; Zhao-Heng Yin; Hao Su; Xiaolong Wang,,2022,Conference on Robot Learning,https://proceedings.mlr.press/v205/qin23a/qin23a.pdf,,Открыто
Interpretable Self-Aware Neural Networks for Robust Trajectory Prediction,Masha Itkina; Mykel Kochenderfer,,2022,Conference on Robot Learning,https://proceedings.mlr.press/v205/itkina23a/itkina23a.pdf,,Открыто
Learning Generalizable Dexterous Manipulation from Human Grasp Affordance,Yueh-Hua Wu; Jiashun Wang; Xiaolong Wang,,2022,Conference on Robot Learning,https://proceedings.mlr.press/v205/wu23a/wu23a.pdf,,Открыто
CADSim: Robust and Scalable in-the-wild 3D Reconstruction for Controllable Sensor Simulation,Jingkang Wang; Sivabalan Manivasagam; Yun Chen; Ze Yang; Ioan Andrei Bârsan; Anqi Joyce Yang; Wei-Chiu Ma; Raquel Urtasun,,2022,Conference on Robot Learning,https://proceedings.mlr.press/v205/wang23b/wang23b.pdf,,Открыто
Semantic Abstraction: Open-World 3D Scene Understanding from 2D Vision-Language Models,Huy Ha; Shuran Song,,2022,Conference on Robot Learning,https://proceedings.mlr.press/v205/ha23a/ha23a.pdf,,Открыто
VideoDex: Learning Dexterity from Internet Videos,Kenneth Shaw; Shikhar Bahl; Deepak Pathak,,2022,Conference on Robot Learning,https://proceedings.mlr.press/v205/shaw23a/shaw23a.pdf,,Открыто
Last-Mile Embodied Visual Navigation,Justin Wasserman; Karmesh Yadav; Girish Chowdhary; Abhinav Gupta; Unnat Jain,,2022,Conference on Robot Learning,https://proceedings.mlr.press/v205/wasserman23a/wasserman23a.pdf,,Открыто
Learning Preconditions of Hybrid Force-Velocity Controllers for Contact-Rich Manipulation,Jacky Liang; Xianyi Cheng; Oliver Kroemer,,2022,Conference on Robot Learning,https://proceedings.mlr.press/v205/liang23a/liang23a.pdf,,Открыто
Cross-Domain Transfer via Semantic Skill Imitation,Karl Pertsch; Ruta Desai; Vikash Kumar; Franziska Meier; Joseph J Lim; Dhruv Batra; Akshara Rai,,2022,Conference on Robot Learning,https://proceedings.mlr.press/v205/pertsch23a/pertsch23a.pdf,,Открыто
Learning Neuro-Symbolic Skills for Bilevel Planning,Tom Silver; Ashay Athalye; Joshua B. Tenenbaum; Tomás Lozano-Pérez; Leslie Pack Kaelbling,,2022,Conference on Robot Learning,https://proceedings.mlr.press/v205/silver23a/silver23a.pdf,,Открыто
MegaPose: 6D Pose Estimation of Novel Objects via Render & Compare,Yann Labbé; Lucas Manuelli; Arsalan Mousavian; Stephen Tyree; Stan Birchfield; Jonathan Tremblay; Justin Carpentier; Mathieu Aubry; Dieter Fox; Josef Sivic,,2022,Conference on Robot Learning,https://proceedings.mlr.press/v205/labbe23a/labbe23a.pdf,,Открыто
Safety-Enhanced Autonomous Driving Using Interpretable Sensor Fusion Transformer,Hao Shao; Letian Wang; Ruobing Chen; Hongsheng Li; Yu Liu,,2022,Conference on Robot Learning,https://proceedings.mlr.press/v205/shao23a/shao23a.pdf,,Открыто
A Dual Representation Framework for Robot Learning with Human Guidance,Ruohan Zhang; Dhruva Bansal; Yilun Hao; Ayano Hiranaka; Jialu Gao; Chen Wang; Roberto Martín-Martín; Li Fei-Fei; Jiajun Wu,,2022,Conference on Robot Learning,https://proceedings.mlr.press/v205/zhang23a/zhang23a.pdf,,Открыто
Proactive slip control by learned slip model and trajectory adaptation,Kiyanoush Nazari; Willow Mandil; Amir Masoud Ghalamzan Esfahani,,2022,Conference on Robot Learning,https://proceedings.mlr.press/v205/nazari23a/nazari23a.pdf,,Открыто
Transferring Hierarchical Structures with Dual Meta Imitation Learning,Chongkai Gao; Yizhou Jiang; Feng Chen,,2022,Conference on Robot Learning,https://proceedings.mlr.press/v205/gao23b/gao23b.pdf,,Открыто
Motion Style Transfer: Modular Low-Rank Adaptation for Deep Motion Forecasting,Parth Kothari; Danya Li; Yuejiang Liu; Alexandre Alahi,,2022,Conference on Robot Learning,https://proceedings.mlr.press/v205/kothari23a/kothari23a.pdf,,Открыто
Perceiver-Actor: A Multi-Task Transformer for Robotic Manipulation,Mohit Shridhar; Lucas Manuelli; Dieter Fox,,2022,Conference on Robot Learning,https://proceedings.mlr.press/v205/shridhar23a/shridhar23a.pdf,,Открыто
Synthesizing Adversarial Visual Scenarios for Model-Based Robotic Control,Shubhankar Agarwal; Sandeep P. Chinchali,,2022,Conference on Robot Learning,https://proceedings.mlr.press/v205/agarwal23b/agarwal23b.pdf,,Открыто
CausalAF: Causal Autoregressive Flow for Safety-Critical Driving Scenario Generation,Wenhao Ding; Haohong Lin; Bo Li; Ding Zhao,,2022,Conference on Robot Learning,https://proceedings.mlr.press/v205/ding23a/ding23a.pdf,,Открыто
Volumetric-based Contact Point Detection for 7-DoF Grasping,Junhao Cai; Jingcheng Su; Zida Zhou; Hui Cheng; Qifeng Chen; Michael Y Wang,,2022,Conference on Robot Learning,https://proceedings.mlr.press/v205/cai23a/cai23a.pdf,,Открыто
SE(3)-Equivariant Relational Rearrangement with Neural Descriptor Fields,Anthony Simeonov; Yilun Du; Yen-Chen Lin; Alberto Rodriguez Garcia; Leslie Pack Kaelbling; Tomás Lozano-Pérez; Pulkit Agrawal,,2022,Conference on Robot Learning,https://proceedings.mlr.press/v205/simeonov23a/simeonov23a.pdf,,Открыто
Learning Multi-Objective Curricula for Robotic Policy Learning,Jikun Kang; Miao Liu; Abhinav Gupta; Christopher Pal; Xue Liu; Jie Fu,,2022,Conference on Robot Learning,https://proceedings.mlr.press/v205/kang23a/kang23a.pdf,,Открыто
Rethinking Sim2Real: Lower Fidelity Simulation Leads to Higher Sim2Real Transfer in Navigation,Joanne Truong; Max Rudolph; Naoki Harrison Yokoyama; Sonia Chernova; Dhruv Batra; Akshara Rai,,2022,Conference on Robot Learning,https://proceedings.mlr.press/v205/truong23a/truong23a.pdf,,Открыто
Learning Dense Visual Descriptors using Image Augmentations for Robot Manipulation Tasks,Christian Graf; David B. Adrian; Joshua Weil; Miroslav Gabriel; Philipp Schillinger; Markus Spies; Heiko Neumann; Andras Gabor Kupcsik,,2022,Conference on Robot Learning,https://proceedings.mlr.press/v205/graf23a/graf23a.pdf,,Открыто
Proactive Robot Assistance via Spatio-Temporal Object Modeling,Maithili Patel; Sonia Chernova,,2022,Conference on Robot Learning,https://proceedings.mlr.press/v205/patel23a/patel23a.pdf,,Открыто
R3M: A Universal Visual Representation for Robot Manipulation,Suraj Nair; Aravind Rajeswaran; Vikash Kumar; Chelsea Finn; Abhinav Gupta,,2022,Conference on Robot Learning,https://proceedings.mlr.press/v205/nair23a/nair23a.pdf,,Открыто
Towards Capturing the Temporal Dynamics for Trajectory Prediction: a Coarse-to-Fine Approach,Xiaosong Jia; Li Chen; Penghao Wu; Jia Zeng; Junchi Yan; Hongyang Li; Yu Qiao,,2022,Conference on Robot Learning,https://proceedings.mlr.press/v205/jia23a/jia23a.pdf,,Открыто
Human-Robot Commensality: Bite Timing Prediction for Robot-Assisted Feeding in Groups,Jan Ondras; Abrar Anwar; Tong Wu; Fanjun Bu; Malte Jung; Jorge Jose Ortiz; Tapomayukh Bhattacharjee,,2022,Conference on Robot Learning,https://proceedings.mlr.press/v205/ondras23a/ondras23a.pdf,,Открыто
Learning Control Admissibility Models with Graph Neural Networks for Multi-Agent Navigation,Chenning Yu; Hongzhan Yu; Sicun Gao,,2022,Conference on Robot Learning,https://proceedings.mlr.press/v205/yu23a/yu23a.pdf,,Открыто
Socially-Attentive Policy Optimization in Multi-Agent Self-Driving System,Zipeng Dai; Tianze Zhou; Kun Shao; David Henry Mguni; Bin Wang; Jianye HAO,,2022,Conference on Robot Learning,https://proceedings.mlr.press/v205/dai23a/dai23a.pdf,,Открыто
Reciprocal MIND MELD: Improving Learning From Demonstration via Personalized; Reciprocal Teaching,Mariah L Schrum; Erin Hedlund-Botti; Matthew Gombolay,,2022,Conference on Robot Learning,https://proceedings.mlr.press/v205/schrum23a/schrum23a.pdf,,Открыто
Motion Policy Networks,Adam Fishman; Adithyavairavan Murali; Clemens Eppner; Bryan Peele; Byron Boots; Dieter Fox,,2022,Conference on Robot Learning,https://proceedings.mlr.press/v205/fishman23a/fishman23a.pdf,,Открыто
Decentralized Data Collection for Robotic Fleet Learning: A Game-Theoretic Approach,Oguzhan Akcin; Po-han Li; Shubhankar Agarwal; Sandeep P. Chinchali,,2022,Conference on Robot Learning,https://proceedings.mlr.press/v205/akcin23a/akcin23a.pdf,,Открыто
CoBEVT: Cooperative Bird’s Eye View Semantic Segmentation with Sparse Transformers,Runsheng Xu; Zhengzhong Tu; Hao Xiang; Wei Shao; Bolei Zhou; Jiaqi Ma,,2022,Conference on Robot Learning,https://proceedings.mlr.press/v205/xu23a/xu23a.pdf,,Открыто
Selective Object Rearrangement in Clutter,Bingjie Tang; Gaurav S. Sukhatme,,2022,Conference on Robot Learning,https://proceedings.mlr.press/v205/tang23a/tang23a.pdf,,Открыто
Transformers Are Adaptable Task Planners,Vidhi Jain; Yixin Lin; Eric Undersander; Yonatan Bisk; Akshara Rai,,2022,Conference on Robot Learning,https://proceedings.mlr.press/v205/jain23a/jain23a.pdf,,Открыто
ToolFlowNet: Robotic Manipulation with Tools via Predicting Tool Flow from Point Clouds,Daniel Seita; Yufei Wang; Sarthak J Shetty; Edward Yao Li; Zackory Erickson; David Held,,2022,Conference on Robot Learning,https://proceedings.mlr.press/v205/seita23a/seita23a.pdf,,Открыто
Fusing Priori and Posteriori Metrics for Automatic Dataset Annotation of Planar Grasping,Hao Sha; Lai Qianen; Hongxiang Yu; Rong Xiong; Yue Wang,,2022,Conference on Robot Learning,https://proceedings.mlr.press/v205/sha23a/sha23a.pdf,,Открыто
PoET: Pose Estimation Transformer for Single-View; Multi-Object 6D Pose Estimation,Thomas Georg Jantos; Mohamed Amin Hamdad; Wolfgang Granig; Stephan Weiss; Jan Steinbrener,,2022,Conference on Robot Learning,https://proceedings.mlr.press/v205/jantos23a/jantos23a.pdf,,Открыто
Out-of-Dynamics Imitation Learning from Multimodal Demonstrations,Yiwen Qiu; Jialong Wu; Zhangjie Cao; Mingsheng Long,,2022,Conference on Robot Learning,https://proceedings.mlr.press/v205/qiu23a/qiu23a.pdf,,Открыто
Domain Adaptation and Generalization: A Low-Complexity Approach,Joshua Niemeijer; Jörg Peter Schäfer,,2022,Conference on Robot Learning,https://proceedings.mlr.press/v205/niemeijer23a/niemeijer23a.pdf,,Открыто
COACH: Cooperative Robot Teaching,Cunjun Yu; Yiqing Xu; Linfeng Li; David Hsu,,2022,Conference on Robot Learning,https://proceedings.mlr.press/v205/yu23b/yu23b.pdf,,Открыто
TrackletMapper: Ground Surface Segmentation and Mapping from Traffic Participant Trajectories,Jannik Zürn; Sebastian Weber; Wolfram Burgard,,2022,Conference on Robot Learning,https://proceedings.mlr.press/v205/zurn23a/zurn23a.pdf,,Открыто
HUM3DIL: Semi-supervised Multi-modal 3D HumanPose Estimation for Autonomous Driving,Andrei Zanfir; Mihai Zanfir; Alex Gorban; Jingwei Ji; Yin Zhou; Dragomir Anguelov; Cristian Sminchisescu,,2022,Conference on Robot Learning,https://proceedings.mlr.press/v205/zanfir23a/zanfir23a.pdf,,Открыто
Laplace Approximation Based Epistemic Uncertainty Estimation in 3D Object Detection,Peng Yun; Ming Liu,,2022,Conference on Robot Learning,https://proceedings.mlr.press/v205/yun23a/yun23a.pdf,,Открыто
Towards Online 3D Bin Packing: Learning Synergies between Packing and Unpacking via DRL,Shuai Song; Shuo Yang; Ran Song; Shilei Chu; yibin Li; Wei Zhang,,2022,Conference on Robot Learning,https://proceedings.mlr.press/v205/song23a/song23a.pdf,,Открыто
Reinforcement learning with Demonstrations from Mismatched Task under Sparse Reward,Yanjiang Guo; Jingyue Gao; Zheng Wu; Chengming Shi; Jianyu Chen,,2022,Conference on Robot Learning,https://proceedings.mlr.press/v205/guo23a/guo23a.pdf,,Открыто
Graph network simulators can learn discontinuous; rigid contact dynamics,Kelsey R Allen; Tatiana Lopez Guevara; Yulia Rubanova; Kim Stachenfeld; Alvaro Sanchez-Gonzalez; Peter Battaglia; Tobias Pfaff,,2022,Conference on Robot Learning,https://proceedings.mlr.press/v205/allen23a/allen23a.pdf,,Открыто
Particle-Based Score Estimation for State Space Model Learning in Autonomous Driving,Angad Singh; Omar Makhlouf; Maximilian Igl; Joao Messias; Arnaud Doucet; Shimon Whiteson,,2022,Conference on Robot Learning,https://proceedings.mlr.press/v205/singh23a/singh23a.pdf,,Открыто
Learning with Muscles: Benefits for Data-Efficiency and Robustness in Anthropomorphic Tasks,Isabell Wochner; Pierre Schumacher; Georg Martius; Dieter Büchler; Syn Schmitt; Daniel Haeufle,,2022,Conference on Robot Learning,https://proceedings.mlr.press/v205/wochner23a/wochner23a.pdf,,Открыто
Bayesian Reinforcement Learning for Single-Episode Missions in Partially Unknown Environments,Matthew Budd; Paul Duckworth; Nick Hawes; Bruno Lacerda,,2022,Conference on Robot Learning,https://proceedings.mlr.press/v205/budd23a/budd23a.pdf,,Открыто
VIOLA: Imitation Learning for Vision-Based Manipulation with Object Proposal Priors,Yifeng Zhu; Abhishek Joshi; Peter Stone; Yuke Zhu,,2022,Conference on Robot Learning,https://proceedings.mlr.press/v205/zhu23a/zhu23a.pdf,,Открыто
Learning Riemannian Stable Dynamical Systems via Diffeomorphisms,Jiechao Zhang; Hadi Beik Mohammadi; Leonel Rozo,,2022,Conference on Robot Learning,https://proceedings.mlr.press/v205/zhang23b/zhang23b.pdf,,Открыто
Learning Robust Real-World Dexterous Grasping Policies via Implicit Shape Augmentation,Qiuyu Chen; Karl Van Wyk; Yu-Wei Chao; Wei Yang; Arsalan Mousavian; Abhishek Gupta; Dieter Fox,,2022,Conference on Robot Learning,https://proceedings.mlr.press/v205/chen23b/chen23b.pdf,,Открыто
Learning Visualization Policies of Augmented Reality for Human-Robot Collaboration,Kishan Dhananjay Chandan; Jack Albertson; Shiqi Zhang,,2022,Conference on Robot Learning,https://proceedings.mlr.press/v205/chandan23a/chandan23a.pdf,,Открыто
Deep Black-Box Reinforcement Learning with Movement Primitives,Fabian Otto; Onur Celik; Hongyi Zhou; Hanna Ziesche; Vien Anh Ngo; Gerhard Neumann,,2022,Conference on Robot Learning,https://proceedings.mlr.press/v205/otto23a/otto23a.pdf,,Открыто
Discriminator-Guided Model-Based Offline Imitation Learning,Wenjia Zhang; Haoran Xu; Haoyi Niu; Peng Cheng; Ming Li; Heming Zhang; Guyue Zhou; Xianyuan Zhan,,2022,Conference on Robot Learning,https://proceedings.mlr.press/v205/zhang23c/zhang23c.pdf,,Открыто
Representation Learning for Object Detection from Unlabeled Point Cloud Sequences,Xiangru Huang; Yue Wang; Vitor Campagnolo Guizilini; Rares Andrei Ambrus; Adrien Gaidon; Justin Solomon,,2022,Conference on Robot Learning,https://proceedings.mlr.press/v205/huang23b/huang23b.pdf,,Открыто
Learning Interpretable BEV Based VIO without Deep Neural Networks,Zexi Chen; Haozhe Du; Xuecheng XU; Rong Xiong; Yiyi Liao; Yue Wang,,2022,Conference on Robot Learning,https://proceedings.mlr.press/v205/chen23c/chen23c.pdf,,Открыто
Solving Complex Manipulation Tasks with Model-Assisted Model-Free Reinforcement Learning,Jianshu Hu; Paul Weng,,2022,Conference on Robot Learning,https://proceedings.mlr.press/v205/hu23a/hu23a.pdf,,Открыто
Robustness Certification of Visual Perception Models via Camera Motion Smoothing,Hanjiang Hu; Zuxin Liu; Linyi Li; Jiacheng Zhu; Ding Zhao,,2022,Conference on Robot Learning,https://proceedings.mlr.press/v205/hu23b/hu23b.pdf,,Открыто
GLSO: Grammar-guided Latent Space Optimization for Sample-efficient Robot Design Automation,Jiaheng Hu; Julian Whitman; Howie Choset,,2022,Conference on Robot Learning,https://proceedings.mlr.press/v205/hu23c/hu23c.pdf,,Открыто
Masked World Models for Visual Control,Younggyo Seo; Danijar Hafner; Hao Liu; Fangchen Liu; Stephen James; Kimin Lee; Pieter Abbeel,,2022,Conference on Robot Learning,https://proceedings.mlr.press/v205/seo23a/seo23a.pdf,,Открыто
On-Robot Learning With Equivariant Models,Dian Wang; Mingxi Jia; Xupeng Zhu; Robin Walters; Robert Platt,,2022,Conference on Robot Learning,https://proceedings.mlr.press/v205/wang23c/wang23c.pdf,,Открыто
Neural Geometric Fabrics: Efficiently Learning High-Dimensional Policies from Demonstration,Mandy Xie; Ankur Handa; Stephen Tyree; Dieter Fox; Harish Ravichandar; Nathan D. Ratliff; Karl Van Wyk,,2022,Conference on Robot Learning,https://proceedings.mlr.press/v205/xie23a/xie23a.pdf,,Открыто
See; Hear; and Feel: Smart Sensory Fusion for Robotic Manipulation,Hao Li; Yizhi Zhang; Junzhe Zhu; Shaoxiong Wang; Michelle A Lee; Huazhe Xu; Edward Adelson; Li Fei-Fei; Ruohan Gao; Jiajun Wu,,2022,Conference on Robot Learning,https://proceedings.mlr.press/v205/li23c/li23c.pdf,,Открыто
Inferring Versatile Behavior from Demonstrations by Matching Geometric Descriptors,Niklas Freymuth; Nicolas Schreiber; Aleksandar Taranovic; Philipp Becker; Gerhard Neumann,,2022,Conference on Robot Learning,https://proceedings.mlr.press/v205/freymuth23a/freymuth23a.pdf,,Открыто
Generative Category-Level Shape and Pose Estimation with Semantic Primitives,Guanglin Li; Yifeng Li; Zhichao Ye; Qihang Zhang; Tao Kong; Zhaopeng Cui; Guofeng Zhang,,2022,Conference on Robot Learning,https://proceedings.mlr.press/v205/li23d/li23d.pdf,,Открыто
Learning Goal-Conditioned Policies Offline with Self-Supervised Reward Shaping,Lina Mezghani; Sainbayar Sukhbaatar; Piotr Bojanowski; Alessandro Lazaric; Karteek Alahari,,2022,Conference on Robot Learning,https://proceedings.mlr.press/v205/mezghani23a/mezghani23a.pdf,,Открыто
ROS-PyBullet Interface: A Framework for Reliable Contact Simulation and Human-Robot Interaction,Christopher Mower; Theodoros Stouraitis; João Moura; Christian Rauch; Lei Yan; Nazanin Zamani Behabadi; Michael Gienger; Tom Vercauteren; Christos Bergeles; Sethu Vijayakumar,,2022,Conference on Robot Learning,https://proceedings.mlr.press/v205/mower23a/mower23a.pdf,,Открыто
PLATO: Predicting Latent Affordances Through Object-Centric Play,Suneel Belkhale; Dorsa Sadigh,,2022,Conference on Robot Learning,https://proceedings.mlr.press/v205/belkhale23a/belkhale23a.pdf,,Открыто
You Only Look at One: Category-Level Object Representations for Pose Estimation From a Single Example,Walter Goodwin; Ioannis Havoutis; Ingmar Posner,,2022,Conference on Robot Learning,https://proceedings.mlr.press/v205/goodwin23a/goodwin23a.pdf,,Открыто
ARC - Actor Residual Critic for Adversarial Imitation Learning,Ankur Deka; Changliu Liu; Katia P. Sycara,,2022,Conference on Robot Learning,https://proceedings.mlr.press/v205/deka23a/deka23a.pdf,,Открыто
JFP: Joint Future Prediction with Interactive Multi-Agent Modeling for Autonomous Driving,Wenjie Luo; Cheol Park; Andre Cornman; Benjamin Sapp; Dragomir Anguelov,,2022,Conference on Robot Learning,https://proceedings.mlr.press/v205/luo23a/luo23a.pdf,,Открыто
Online Inverse Reinforcement Learning with Learned Observation Model,Saurabh Arora; Prashant Doshi; Bikramjit Banerjee,,2022,Conference on Robot Learning,https://proceedings.mlr.press/v205/arora23a/arora23a.pdf,,Открыто
Hypernetworks in Meta-Reinforcement Learning,Jacob Beck; Matthew Thomas Jackson; Risto Vuorio; Shimon Whiteson,,2022,Conference on Robot Learning,https://proceedings.mlr.press/v205/beck23a/beck23a.pdf,,Открыто
Efficient Tactile Simulation with Differentiability for Robotic Manipulation,Jie Xu; Sangwoon Kim; Tao Chen; Alberto Rodriguez Garcia; Pulkit Agrawal; Wojciech Matusik; Shinjiro Sueda,,2022,Conference on Robot Learning,https://proceedings.mlr.press/v205/xu23b/xu23b.pdf,,Открыто
Exploring with Sticky Mittens: Reinforcement Learning with Expert Interventions via Option Templates,Souradeep Dutta; Kaustubh Sridhar; Osbert Bastani; Edgar Dobriban; James Weimer; Insup Lee; Julia Parish-Morris,,2022,Conference on Robot Learning,https://proceedings.mlr.press/v205/dutta23a/dutta23a.pdf,,Открыто
Learning Bimanual Scooping Policies for Food Acquisition,Jennifer Grannen; Yilin Wu; Suneel Belkhale; Dorsa Sadigh,,2022,Conference on Robot Learning,https://proceedings.mlr.press/v205/grannen23a/grannen23a.pdf,,Открыто
SE(3)-Equivariant Point Cloud-Based Place Recognition,Chien Erh Lin; Jingwei Song; Ray Zhang; Minghan Zhu; Maani Ghaffari,,2022,Conference on Robot Learning,https://proceedings.mlr.press/v205/lin23a/lin23a.pdf,,Открыто
Leveraging Language for Accelerated Learning of Tool Manipulation,Allen Z. Ren; Bharat Govil; Tsung-Yen Yang; Karthik R Narasimhan; Anirudha Majumdar,,2022,Conference on Robot Learning,https://proceedings.mlr.press/v205/ren23a/ren23a.pdf,,Открыто
Adapting Neural Models with Sequential Monte Carlo Dropout,Pamela Carreno; Dana Kulic; Michael Burke,,2022,Conference on Robot Learning,https://proceedings.mlr.press/v205/carreno23a/carreno23a.pdf,,Открыто
Do we use the Right Measure? Challenges in Evaluating Reward Learning Algorithms,Nils Wilde; Javier Alonso-Mora,,2022,Conference on Robot Learning,https://proceedings.mlr.press/v205/wilde23a/wilde23a.pdf,,Открыто
Bayesian Object Models for Robotic Interaction with Differentiable Probabilistic Programming,Krishna Murthy Jatavallabhula; Miles Macklin; Dieter Fox; Animesh Garg; Fabio Ramos,,2022,Conference on Robot Learning,https://proceedings.mlr.press/v205/jatavallabhula23a/jatavallabhula23a.pdf,,Открыто
Deep Projective Rotation Estimation through Relative Supervision,Brian Okorn; Chuer Pan; Martial Hebert; David Held,,2022,Conference on Robot Learning,https://proceedings.mlr.press/v205/okorn23a/okorn23a.pdf,,Открыто
Learning Markerless Robot-Depth Camera Calibration and End-Effector Pose Estimation,Bugra Can Sefercik; Baris Akgun,,2022,Conference on Robot Learning,https://proceedings.mlr.press/v205/sefercik23a/sefercik23a.pdf,,Открыто
Visuotactile Affordances for Cloth Manipulation with Local Control,Neha Sunil; Shaoxiong Wang; Yu She; Edward Adelson; Alberto Rodriguez Garcia,,2022,Conference on Robot Learning,https://proceedings.mlr.press/v205/sunil23a/sunil23a.pdf,,Открыто
Is Anyone There? Learning a Planner Contingent on Perceptual Uncertainty,Charles Packer; Nicholas Rhinehart; Rowan Thomas McAllister; Matthew A. Wright; Xin Wang; Jeff He; Sergey Levine; Joseph E. Gonzalez,,2022,Conference on Robot Learning,https://proceedings.mlr.press/v205/packer23a/packer23a.pdf,,Открыто
Touching a NeRF: Leveraging Neural Radiance Fields for Tactile Sensory Data Generation,Shaohong Zhong; Alessandro Albini; Oiwi Parker Jones; Perla Maiolino; Ingmar Posner,,2022,Conference on Robot Learning,https://proceedings.mlr.press/v205/zhong23a/zhong23a.pdf,,Открыто
HTRON: Efficient Outdoor Navigation with Sparse Rewards via  Heavy Tailed Adaptive Reinforce Algorithm,Kasun Weerakoon; Souradip Chakraborty; Nare Karapetyan; Adarsh Jagan Sathyamoorthy; Amrit Bedi; Dinesh Manocha,,2022,Conference on Robot Learning,https://proceedings.mlr.press/v205/weerakoon23a/weerakoon23a.pdf,,Открыто
Planning with Spatial-Temporal Abstraction from Point Clouds for Deformable Object Manipulation,Xingyu Lin; Carl Qi; Yunchu Zhang; Zhiao Huang; Katerina Fragkiadaki; Yunzhu Li; Chuang Gan; David Held,,2022,Conference on Robot Learning,https://proceedings.mlr.press/v205/lin23b/lin23b.pdf,,Открыто
Don’t Start From Scratch: Leveraging Prior Data to Automate Robotic Reinforcement Learning,Homer Rich Walke; Jonathan Heewon Yang; Albert Yu; Aviral Kumar; Jędrzej Orbik; Avi Singh; Sergey Levine,,2022,Conference on Robot Learning,https://proceedings.mlr.press/v205/walke23a/walke23a.pdf,,Открыто
LaRa: Latents and Rays for Multi-Camera Bird’s-Eye-View Semantic Segmentation,Florent Bartoccioni; Eloi Zablocki; Andrei Bursuc; Patrick Perez; Matthieu Cord; Karteek Alahari,,2022,Conference on Robot Learning,https://proceedings.mlr.press/v205/bartoccioni23a/bartoccioni23a.pdf,,Открыто
Leveraging Fully Observable Policies for Learning under Partial Observability,Hai Huu Nguyen; Andrea Baisero; Dian Wang; Christopher Amato; Robert Platt,,2022,Conference on Robot Learning,https://proceedings.mlr.press/v205/nguyen23a/nguyen23a.pdf,,Открыто
Modularity through Attention: Efficient Training and Transfer of Language-Conditioned Policies for Robot Manipulation,Yifan Zhou; Shubham Sonawani; Mariano Phielipp; Simon Stepputtis; Heni Amor,,2022,Conference on Robot Learning,https://proceedings.mlr.press/v205/zhou23b/zhou23b.pdf,,Открыто
PI-QT-Opt: Predictive Information Improves Multi-Task Robotic Reinforcement Learning at Scale,Kuang-Huei Lee; Ted Xiao; Adrian Li; Paul Wohlhart; Ian Fischer; Yao Lu,,2022,Conference on Robot Learning,https://proceedings.mlr.press/v205/lee23a/lee23a.pdf,,Открыто
Learning Model Predictive Controllers with Real-Time Attention for Real-World Navigation,Xuesu Xiao; Tingnan Zhang; Krzysztof Marcin Choromanski; Tsang-Wei Edward Lee; Anthony Francis; Jake Varley; Stephen Tu; Sumeet Singh; Peng Xu; Fei Xia; Sven Mikael Persson; Dmitry Kalashnikov; Leila Takayama; Roy Frostig; Jie Tan; Carolina Parada; Vikas Sindhwani,,2022,Conference on Robot Learning,https://proceedings.mlr.press/v205/xiao23a/xiao23a.pdf,,Открыто
In-Hand Object Rotation via Rapid Motor Adaptation,Haozhi Qi; Ashish Kumar; Roberto Calandra; Yi Ma; Jitendra Malik,,2022,Conference on Robot Learning,https://proceedings.mlr.press/v205/qi23a/qi23a.pdf,,Открыто
Learning Sampling Distributions for Model Predictive Control,Jacob Sacks; Byron Boots,,2022,Conference on Robot Learning,https://proceedings.mlr.press/v205/sacks23a/sacks23a.pdf,,Открыто
Embodied Concept Learner: Self-supervised Learning of Concepts and Mapping through Instruction Following,Mingyu Ding; Yan Xu; Zhenfang Chen; David Daniel Cox; Ping Luo; Joshua B. Tenenbaum; Chuang Gan,,2022,Conference on Robot Learning,https://proceedings.mlr.press/v205/ding23b/ding23b.pdf,,Открыто
Learning Multi-Object Dynamics with Compositional Neural Radiance Fields,Danny Driess; Zhiao Huang; Yunzhu Li; Russ Tedrake; Marc Toussaint,,2022,Conference on Robot Learning,https://proceedings.mlr.press/v205/driess23a/driess23a.pdf,,Открыто
Inner Monologue: Embodied Reasoning through Planning with Language Models,Wenlong Huang; Fei Xia; Ted Xiao; Harris Chan; Jacky Liang; Pete Florence; Andy Zeng; Jonathan Tompson; Igor Mordatch; Yevgen Chebotar; Pierre Sermanet; Tomas Jackson; Noah Brown; Linda Luu; Sergey Levine; Karol Hausman; brian ichter,,2022,Conference on Robot Learning,https://proceedings.mlr.press/v205/huang23c/huang23c.pdf,,Открыто
TAX-Pose: Task-Specific Cross-Pose Estimation for Robot Manipulation,Chuer Pan; Brian Okorn; Harry Zhang; Ben Eisner; David Held,,2022,Conference on Robot Learning,https://proceedings.mlr.press/v205/pan23a/pan23a.pdf,,Открыто
SSL-Lanes: Self-Supervised Learning for Motion Forecasting in Autonomous Driving,Prarthana Bhattacharyya; Chengjie Huang; Krzysztof Czarnecki,,2022,Conference on Robot Learning,https://proceedings.mlr.press/v205/bhattacharyya23a/bhattacharyya23a.pdf,,Открыто
VIRDO++: Real-World; Visuo-tactile Dynamics and Perception of Deformable Objects,Youngsun Wi; Andy Zeng; Pete Florence; Nima Fazeli,,2022,Conference on Robot Learning,https://proceedings.mlr.press/v205/wi23a/wi23a.pdf,,Открыто
Detecting Incorrect Visual Demonstrations for Improved Policy Learning,Mostafa Hussein; Momotaz Begum,,2022,Conference on Robot Learning,https://proceedings.mlr.press/v205/hussein23a/hussein23a.pdf,,Открыто
Concept Learning for Interpretable Multi-Agent Reinforcement Learning,Renos Zabounidis; Joseph Campbell; Simon Stepputtis; Dana Hughes; Katia P. Sycara,,2022,Conference on Robot Learning,https://proceedings.mlr.press/v205/zabounidis23a/zabounidis23a.pdf,,Открыто
Latent Plans for Task-Agnostic Offline Reinforcement Learning,Erick Rosete-Beas; Oier Mees; Gabriel Kalweit; Joschka Boedecker; Wolfram Burgard,,2022,Conference on Robot Learning,https://proceedings.mlr.press/v205/rosete-beas23a/rosete-beas23a.pdf,,Открыто
Manipulation via Membranes: High-Resolution and Highly Deformable Tactile Sensing and Control,Miquel Oller; Mireia Planas i Lisbona; Dmitry Berenson; Nima Fazeli,,2022,Conference on Robot Learning,https://proceedings.mlr.press/v205/oller23a/oller23a.pdf,,Открыто
Real-Time Generation of Time-Optimal Quadrotor Trajectories with Semi-Supervised Seq2Seq Learning,Gilhyun Ryou; Ezra Tal; Sertac Karaman,,2022,Conference on Robot Learning,https://proceedings.mlr.press/v205/ryou23a/ryou23a.pdf,,Открыто
Sim-to-Real via Sim-to-Seg: End-to-end Off-road Autonomous Driving Without Real Data,John So; Amber Xie; Sunggoo Jung; Jeffrey Edlund; Rohan Thakker; Ali-akbar Agha-mohammadi; Pieter Abbeel; Stephen James,,2022,Conference on Robot Learning,https://proceedings.mlr.press/v205/so23a/so23a.pdf,,Открыто
Learning Road Scene-level Representations via Semantic Region Prediction,Zihao Xiao; Alan Yuille; Yi-Ting Chen,,2022,Conference on Robot Learning,https://proceedings.mlr.press/v205/xiao23b/xiao23b.pdf,,Открыто
GenLoco: Generalized Locomotion Controllers for Quadrupedal Robots,Gilbert Feng; Hongbo Zhang; Zhongyu Li; Xue Bin Peng; Bhuvan Basireddy; Linzhu Yue; ZHITAO SONG; Lizhi Yang; Yunhui Liu; Koushil Sreenath; Sergey Levine,,2022,Conference on Robot Learning,https://proceedings.mlr.press/v205/feng23a/feng23a.pdf,,Открыто
Towards Long-Tailed 3D Detection,Neehar Peri; Achal Dave; Deva Ramanan; Shu Kong,,2022,Conference on Robot Learning,https://proceedings.mlr.press/v205/peri23a/peri23a.pdf,,Открыто
MIRA: Mental Imagery for Robotic Affordances,Yen-Chen Lin; Pete Florence; Andy Zeng; Jonathan T. Barron; Yilun Du; Wei-Chiu Ma; Anthony Simeonov; Alberto Rodriguez Garcia; Phillip Isola,,2022,Conference on Robot Learning,https://proceedings.mlr.press/v205/lin23c/lin23c.pdf,,Открыто
CAtNIPP: Context-Aware Attention-based Network for Informative Path Planning,Yuhong Cao; Yizhuo Wang; Apoorva Vashisth; Haolin Fan; Guillaume Adrien Sartoretti,,2022,Conference on Robot Learning,https://proceedings.mlr.press/v205/cao23b/cao23b.pdf,,Открыто
Learning Diverse and Physically Feasible Dexterous Grasps with Generative Model and Bilevel Optimization,Albert Wu; Michelle Guo; Karen Liu,,2022,Conference on Robot Learning,https://proceedings.mlr.press/v205/wu23b/wu23b.pdf,,Открыто
Verified Path Following Using Neural Control Lyapunov Functions,Alec Reed; Guillaume O Berger; Sriram Sankaranarayanan; Chris Heckman,,2022,Conference on Robot Learning,https://proceedings.mlr.press/v205/reed23a/reed23a.pdf,,Открыто
Task-Relevant Failure Detection for Trajectory Predictors in Autonomous Vehicles,Alec Farid; Sushant Veer; Boris Ivanovic; Karen Leung; Marco Pavone,,2022,Conference on Robot Learning,https://proceedings.mlr.press/v205/farid23a/farid23a.pdf,,Открыто
Safe Control Under Input Limits with Neural Control Barrier Functions,Simin Liu; Changliu Liu; John Dolan,,2022,Conference on Robot Learning,https://proceedings.mlr.press/v205/liu23e/liu23e.pdf,,Открыто
Eliciting Compatible Demonstrations for Multi-Human Imitation Learning,Kanishk Gandhi; Siddharth Karamcheti; Madeline Liao; Dorsa Sadigh,,2022,Conference on Robot Learning,https://proceedings.mlr.press/v205/gandhi23a/gandhi23a.pdf,,Открыто
When the Sun Goes Down: Repairing Photometric Losses for All-Day Depth Estimation,Madhu Vankadari; Stuart Golodetz; Sourav Garg; Sangyun Shin; Andrew Markham; Niki Trigoni,,2022,Conference on Robot Learning,https://proceedings.mlr.press/v205/vankadari23a/vankadari23a.pdf,,Открыто
Towards Scale Balanced 6-DoF Grasp Detection in Cluttered Scenes,Haoxiang Ma; Di Huang,,2022,Conference on Robot Learning,https://proceedings.mlr.press/v205/ma23a/ma23a.pdf,,Открыто
Few-Shot Preference Learning for Human-in-the-Loop RL,Donald Joseph Hejna III; Dorsa Sadigh,,2022,Conference on Robot Learning,https://proceedings.mlr.press/v205/iii23a/iii23a.pdf,,Открыто
Visuo-Tactile Transformers for Manipulation,Yizhou Chen; Mark Van der Merwe; Andrea Sipos; Nima Fazeli,,2022,Conference on Robot Learning,https://proceedings.mlr.press/v205/chen23d/chen23d.pdf,,Открыто
Offline Reinforcement Learning at Multiple Frequencies,Kaylee Burns; Tianhe Yu; Chelsea Finn; Karol Hausman,,2022,Conference on Robot Learning,https://proceedings.mlr.press/v205/burns23a/burns23a.pdf,,Открыто
Learning the Dynamics of Compliant Tool-Environment Interaction for Visuo-Tactile Contact Servoing,Mark Van der Merwe; Dmitry Berenson; Nima Fazeli,,2022,Conference on Robot Learning,https://proceedings.mlr.press/v205/merwe23a/merwe23a.pdf,,Открыто
Multi-Robot Scene Completion: Towards Task-Agnostic Collaborative Perception,Yiming Li; Juexiao Zhang; Dekun Ma; Yue Wang; Chen Feng,,2022,Conference on Robot Learning,https://proceedings.mlr.press/v205/li23e/li23e.pdf,,Открыто
USHER: Unbiased Sampling for Hindsight Experience Replay,Liam Schramm; Yunfu Deng; Edgar Granados; Abdeslam Boularias,,2022,Conference on Robot Learning,https://proceedings.mlr.press/v205/schramm23a/schramm23a.pdf,,Открыто
Fast Lifelong Adaptive Inverse Reinforcement Learning from Demonstrations,Letian Chen; Sravan Jayanthi; Rohan R Paleja; Daniel Martin; Viacheslav Zakharov; Matthew Gombolay,,2022,Conference on Robot Learning,https://proceedings.mlr.press/v205/chen23e/chen23e.pdf,,Открыто
Residual Skill Policies: Learning an Adaptable Skill-based Action Space for Reinforcement Learning for Robotics,Krishan Rana; Ming Xu; Brendan Tidd; Michael Milford; Niko Suenderhauf,,2022,Conference on Robot Learning,https://proceedings.mlr.press/v205/rana23a/rana23a.pdf,,Открыто
Learning Representations that Enable Generalization in Assistive Tasks,Jerry Zhi-Yang He; Zackory Erickson; Daniel S. Brown; Aditi Raghunathan; Anca Dragan,,2022,Conference on Robot Learning,https://proceedings.mlr.press/v205/he23a/he23a.pdf,,Открыто
Learning to Correct Mistakes: Backjumping in Long-Horizon Task and Motion Planning,Yoonchang Sung; Zizhao Wang; Peter Stone,,2022,Conference on Robot Learning,https://proceedings.mlr.press/v205/sung23a/sung23a.pdf,,Открыто
Lyapunov Design for Robust and Efficient Robotic Reinforcement Learning,Tyler Westenbroek; Fernando Castaneda; Ayush Agrawal; Shankar Sastry; Koushil Sreenath,,2022,Conference on Robot Learning,https://proceedings.mlr.press/v205/westenbroek23a/westenbroek23a.pdf,,Открыто
ROAD: Learning an Implicit Recursive Octree Auto-Decoder to Efficiently Encode 3D Shapes,Sergey Zakharov; Rares Andrei Ambrus; Katherine Liu; Adrien Gaidon,,2022,Conference on Robot Learning,https://proceedings.mlr.press/v205/zakharov23a/zakharov23a.pdf,,Открыто
Safe Robot Learning in Assistive Devices through Neural Network Repair,Keyvan Majd; Geoffrey Mitchell Clark; Tanmay Khandait; Siyu Zhou; Sriram Sankaranarayanan; Georgios Fainekos; Heni Amor,,2022,Conference on Robot Learning,https://proceedings.mlr.press/v205/majd23a/majd23a.pdf,,Открыто
Contrastive Decision Transformers,Sachin G. Konan; Esmaeil Seraj; Matthew Gombolay,,2022,Conference on Robot Learning,https://proceedings.mlr.press/v205/konan23a/konan23a.pdf,,Открыто
DiffStack: A Differentiable and Modular Control Stack for Autonomous Vehicles,Peter Karkus; Boris Ivanovic; Shie Mannor; Marco Pavone,,2022,Conference on Robot Learning,https://proceedings.mlr.press/v205/karkus23a/karkus23a.pdf,,Открыто
Learning and Retrieval from Prior Data for Skill-based Imitation Learning,Soroush Nasiriany; Tian Gao; Ajay Mandlekar; Yuke Zhu,,2022,Conference on Robot Learning,https://proceedings.mlr.press/v205/nasiriany23a/nasiriany23a.pdf,,Открыто
Learning Semantics-Aware Locomotion Skills from Human Demonstration,Yuxiang Yang; Xiangyun Meng; Wenhao Yu; Tingnan Zhang; Jie Tan; Byron Boots,,2022,Conference on Robot Learning,https://proceedings.mlr.press/v205/yang23a/yang23a.pdf,,Открыто
TRITON: Neural Neural Textures for Better Sim2Real,Ryan D. Burgert; Jinghuan Shang; Xiang Li; Michael S. Ryoo,,2022,Conference on Robot Learning,https://proceedings.mlr.press/v205/burgert23a/burgert23a.pdf,,Открыто
DayDreamer: World Models for Physical Robot Learning,Philipp Wu; Alejandro Escontrela; Danijar Hafner; Pieter Abbeel; Ken Goldberg,,2022,Conference on Robot Learning,https://proceedings.mlr.press/v205/wu23c/wu23c.pdf,,Открыто
INQUIRE: INteractive Querying for User-aware Informative REasoning,Tesca Fitzgerald; Pallavi Koppol; Patrick Callaghan; Russell Quinlan Jun Hei Wong; Reid Simmons; Oliver Kroemer; Henny Admoni,,2022,Conference on Robot Learning,https://proceedings.mlr.press/v205/fitzgerald23a/fitzgerald23a.pdf,,Открыто
Online Dynamics Learning for Predictive Control with an Application to Aerial Robots,Tom Z. Jiahao; Kong Yao Chee; M. Ani Hsieh,,2022,Conference on Robot Learning,https://proceedings.mlr.press/v205/jiahao23a/jiahao23a.pdf,,Открыто
Skill-based Model-based Reinforcement Learning,Lucy Xiaoyang Shi; Joseph J Lim; Youngwoon Lee,,2022,Conference on Robot Learning,https://proceedings.mlr.press/v205/shi23a/shi23a.pdf,,Открыто
Data-Efficient Model Learning for Control with Jacobian-Regularized Dynamic-Mode Decomposition,Brian Edward Jackson; Jeong Hun Lee; Kevin Tracy; Zachary Manchester,,2022,Conference on Robot Learning,https://proceedings.mlr.press/v205/jackson23a/jackson23a.pdf,,Открыто
In-Hand Gravitational Pivoting Using Tactile Sensing,Jason Toskov; Rhys Newbury; Mustafa Mukadam; Dana Kulic; Akansel Cosgun,,2022,Conference on Robot Learning,https://proceedings.mlr.press/v205/toskov23a/toskov23a.pdf,,Открыто
CC-3DT: Panoramic 3D Object Tracking via Cross-Camera Fusion,Tobias Fischer; Yung-Hsu Yang; Suryansh Kumar; Min Sun; Fisher Yu,,2022,Conference on Robot Learning,https://proceedings.mlr.press/v205/fischer23a/fischer23a.pdf,,Открыто
QuaDUE-CCM: Interpretable Distributional Reinforcement Learning using Uncertain Contraction Metrics for Precise Quadrotor Trajectory Tracking,Yanran Wang; James O’Keeffe; Qiuchen Qian; David Boyle,,2022,Conference on Robot Learning,https://proceedings.mlr.press/v205/wang23d/wang23d.pdf,,Открыто
Expansive Latent Planning for Sparse Reward Offline Reinforcement Learning,Robert Gieselmann; Florian T. Pokorny,,2023,Conference on Robot Learning,https://proceedings.mlr.press/v229/gieselmann23a/gieselmann23a.pdf,,Открыто
Expansive Latent Planning for Sparse Reward Offline Reinforcement Learning,Robert Gieselmann; Florian T. Pokorny,,2023,Conference on Robot Learning,https://proceedings.mlr.press/v229/gieselmann23a/gieselmann23a.pdf,,Открыто
SayPlan: Grounding Large Language Models using 3D Scene Graphs for Scalable Robot Task Planning,Krishan Rana; Jesse Haviland; Sourav Garg; Jad Abou-Chakra; Ian Reid; Niko Suenderhauf,,2023,Conference on Robot Learning,https://proceedings.mlr.press/v229/rana23a/rana23a.pdf,,Открыто
SayPlan: Grounding Large Language Models using 3D Scene Graphs for Scalable Robot Task Planning,Krishan Rana; Jesse Haviland; Sourav Garg; Jad Abou-Chakra; Ian Reid; Niko Suenderhauf,,2023,Conference on Robot Learning,https://proceedings.mlr.press/v229/rana23a/rana23a.pdf,,Открыто
Robot Parkour Learning,Ziwen Zhuang; Zipeng Fu; Jianren Wang; Christopher G. Atkeson; Sören Schwertfeger; Chelsea Finn; Hang Zhao,,2023,Conference on Robot Learning,https://proceedings.mlr.press/v229/zhuang23a/zhuang23a.pdf,,Открыто
Task-Oriented Koopman-Based Control with Contrastive Encoder,Xubo Lyu; Hanyang Hu; Seth Siriya; Ye Pu; Mo Chen,,2023,Conference on Robot Learning,https://proceedings.mlr.press/v229/lyu23a/lyu23a.pdf,,Открыто
On the Utility of Koopman Operator Theory in Learning Dexterous Manipulation Skills,Yunhai Han; Mandy Xie; Ye Zhao; Harish Ravichandar,,2023,Conference on Robot Learning,https://proceedings.mlr.press/v229/han23a/han23a.pdf,,Открыто
Rearrangement Planning for General Part Assembly,Yulong Li; Andy Zeng; Shuran Song,,2023,Conference on Robot Learning,https://proceedings.mlr.press/v229/li23a/li23a.pdf,,Открыто
Language-Guided Traffic Simulation via Scene-Level Diffusion,Ziyuan Zhong; Davis Rempe; Yuxiao Chen; Boris Ivanovic; Yulong Cao; Danfei Xu; Marco Pavone; Baishakhi Ray,,2023,Conference on Robot Learning,https://proceedings.mlr.press/v229/zhong23a/zhong23a.pdf,,Открыто
Language Embedded Radiance Fields for Zero-Shot Task-Oriented Grasping,Adam Rashid; Satvik Sharma; Chung Min Kim; Justin Kerr; Lawrence Yunliang Chen; Angjoo Kanazawa; Ken Goldberg,,2023,Conference on Robot Learning,https://proceedings.mlr.press/v229/rashid23a/rashid23a.pdf,,Открыто
MimicPlay: Long-Horizon Imitation Learning by Watching Human Play,Chen Wang; Linxi Fan; Jiankai Sun; Ruohan Zhang; Li Fei-Fei; Danfei Xu; Yuke Zhu; Anima Anandkumar,,2023,Conference on Robot Learning,https://proceedings.mlr.press/v229/wang23a/wang23a.pdf,,Открыто
Continual Vision-based Reinforcement Learning with Group Symmetries,Shiqi Liu; Mengdi Xu; Peide Huang; Xilun Zhang; Yongkang Liu; Kentaro Oguchi; Ding Zhao,,2023,Conference on Robot Learning,https://proceedings.mlr.press/v229/liu23a/liu23a.pdf,,Открыто
HACMan: Learning Hybrid Actor-Critic Maps for 6D Non-Prehensile Manipulation,Wenxuan Zhou; Bowen Jiang; Fan Yang; Chris Paxton; David Held,,2023,Conference on Robot Learning,https://proceedings.mlr.press/v229/zhou23a/zhou23a.pdf,,Открыто
Hijacking Robot Teams Through Adversarial Communication,Zixuan Wu; Sean Charles Ye; Byeolyi Han; Matthew Gombolay,,2023,Conference on Robot Learning,https://proceedings.mlr.press/v229/wu23a/wu23a.pdf,,Открыто
GNFactor: Multi-Task Real Robot Learning with Generalizable Neural Feature Fields,Yanjie Ze; Ge Yan; Yueh-Hua Wu; Annabella Macaluso; Yuying Ge; Jianglong Ye; Nicklas Hansen; Li Erran Li; Xiaolong Wang,,2023,Conference on Robot Learning,https://proceedings.mlr.press/v229/ze23a/ze23a.pdf,,Открыто
Bootstrap Your Own Skills: Learning to Solve New Tasks with Large Language Model Guidance,Jesse Zhang; Jiahui Zhang; Karl Pertsch; Ziyi Liu; Xiang Ren; Minsuk Chang; Shao-Hua Sun; Joseph J. Lim,,2023,Conference on Robot Learning,https://proceedings.mlr.press/v229/zhang23a/zhang23a.pdf,,Открыто
DATT: Deep Adaptive Trajectory Tracking for Quadrotor Control,Kevin Huang; Rwik Rana; Alexander Spitzer; Guanya Shi; Byron Boots,,2023,Conference on Robot Learning,https://proceedings.mlr.press/v229/huang23a/huang23a.pdf,,Открыто
HANDLOOM: Learned Tracing of One-Dimensional Objects for Inspection and Manipulation,Vainavi Viswanath; Kaushik Shivakumar; Mallika Parulekar; Jainil Ajmera; Justin Kerr; Jeffrey Ichnowski; Richard Cheng; Thomas Kollar; Ken Goldberg,,2023,Conference on Robot Learning,https://proceedings.mlr.press/v229/viswanath23a/viswanath23a.pdf,,Открыто
Predicting Object Interactions with Behavior Primitives: An Application in Stowing Tasks,Haonan Chen; Yilong Niu; Kaiwen Hong; Shuijing Liu; Yixuan Wang; Yunzhu Li; Katherine Rose Driggs-Campbell,,2023,Conference on Robot Learning,https://proceedings.mlr.press/v229/chen23a/chen23a.pdf,,Открыто
Language to Rewards for Robotic Skill Synthesis,Wenhao Yu; Nimrod Gileadi; Chuyuan Fu; Sean Kirmani; Kuang-Huei Lee; Montserrat Gonzalez Arenas; Hao-Tien Lewis Chiang; Tom Erez; Leonard Hasenclever; Jan Humplik; Brian Ichter; Ted Xiao; Peng Xu; Andy Zeng; Tingnan Zhang; Nicolas Heess; Dorsa Sadigh; Jie Tan; Yuval Tassa; Fei Xia,,2023,Conference on Robot Learning,https://proceedings.mlr.press/v229/yu23a/yu23a.pdf,,Открыто
Distilled Feature Fields Enable Few-Shot Language-Guided Manipulation,William Shen; Ge Yang; Alan Yu; Jansen Wong; Leslie Pack Kaelbling; Phillip Isola,,2023,Conference on Robot Learning,https://proceedings.mlr.press/v229/shen23a/shen23a.pdf,,Открыто
Finetuning Offline World Models in the Real World,Yunhai Feng; Nicklas Hansen; Ziyan Xiong; Chandramouli Rajagopalan; Xiaolong Wang,,2023,Conference on Robot Learning,https://proceedings.mlr.press/v229/feng23a/feng23a.pdf,,Открыто
Intent-Aware Planning in Heterogeneous Traffic via Distributed Multi-Agent Reinforcement Learning,Xiyang Wu; Rohan Chandra; Tianrui Guan; Amrit Bedi; Dinesh Manocha,,2023,Conference on Robot Learning,https://proceedings.mlr.press/v229/wu23b/wu23b.pdf,,Открыто
PreCo: Enhancing Generalization in Co-Design of Modular Soft Robots via Brain-Body Pre-Training,Yuxing Wang; Shuang Wu; Tiantian Zhang; Yongzhe Chang; Haobo Fu; QIANG FU; Xueqian Wang,,2023,Conference on Robot Learning,https://proceedings.mlr.press/v229/wang23b/wang23b.pdf,,Открыто
Diff-LfD: Contact-aware Model-based Learning from Visual Demonstration for Robotic Manipulation via Differentiable Physics-based Simulation and Rendering,Xinghao Zhu; JingHan Ke; Zhixuan Xu; Zhixin Sun; Bizhe Bai; Jun Lv; Qingtao Liu; Yuwei Zeng; Qi Ye; Cewu Lu; Masayoshi Tomizuka; Lin Shao,,2023,Conference on Robot Learning,https://proceedings.mlr.press/v229/zhu23a/zhu23a.pdf,,Открыто
Surrogate Assisted Generation of Human-Robot Interaction Scenarios,Varun Bhatt; Heramb Nemlekar; Matthew Christopher Fontaine; Bryon Tjanaka; Hejia Zhang; Ya-Chuan Hsu; Stefanos Nikolaidis,,2023,Conference on Robot Learning,https://proceedings.mlr.press/v229/bhatt23a/bhatt23a.pdf,,Открыто
VoxPoser: Composable 3D Value Maps for Robotic Manipulation with Language Models,Wenlong Huang; Chen Wang; Ruohan Zhang; Yunzhu Li; Jiajun Wu; Li Fei-Fei,,2023,Conference on Robot Learning,https://proceedings.mlr.press/v229/huang23b/huang23b.pdf,,Открыто
Stabilize to Act: Learning to Coordinate for Bimanual Manipulation,Jennifer Grannen; Yilin Wu; Brandon Vu; Dorsa Sadigh,,2023,Conference on Robot Learning,https://proceedings.mlr.press/v229/grannen23a/grannen23a.pdf,,Открыто
How to Learn and Generalize From Three Minutes of Data: Physics-Constrained and Uncertainty-Aware Neural Stochastic Differential Equations,Franck Djeumou; Cyrus Neary; Ufuk Topcu,,2023,Conference on Robot Learning,https://proceedings.mlr.press/v229/djeumou23a/djeumou23a.pdf,,Открыто
Measuring Interpretability of Neural Policies of Robots with Disentangled Representation,Tsun-Hsuan Wang; Wei Xiao; Tim Seyde; Ramin Hasani; Daniela Rus,,2023,Conference on Robot Learning,https://proceedings.mlr.press/v229/wang23c/wang23c.pdf,,Открыто
RoboCook: Long-Horizon Elasto-Plastic Object Manipulation with Diverse Tools,Haochen Shi; Huazhe Xu; Samuel Clarke; Yunzhu Li; Jiajun Wu,,2023,Conference on Robot Learning,https://proceedings.mlr.press/v229/shi23a/shi23a.pdf,,Открыто
Robots That Ask For Help: Uncertainty Alignment for Large Language Model Planners,Allen Z. Ren; Anushri Dixit; Alexandra Bodrova; Sumeet Singh; Stephen Tu; Noah Brown; Peng Xu; Leila Takayama; Fei Xia; Jake Varley; Zhenjia Xu; Dorsa Sadigh; Andy Zeng; Anirudha Majumdar,,2023,Conference on Robot Learning,https://proceedings.mlr.press/v229/ren23a/ren23a.pdf,,Открыто
Robot Learning with Sensorimotor Pre-training,Ilija Radosavovic; Baifeng Shi; Letian Fu; Ken Goldberg; Trevor Darrell; Jitendra Malik,,2023,Conference on Robot Learning,https://proceedings.mlr.press/v229/radosavovic23a/radosavovic23a.pdf,,Открыто
RVT: Robotic View Transformer for 3D Object Manipulation,Ankit Goyal; Jie Xu; Yijie Guo; Valts Blukis; Yu-Wei Chao; Dieter Fox,,2023,Conference on Robot Learning,https://proceedings.mlr.press/v229/goyal23a/goyal23a.pdf,,Открыто
ViNT: A Foundation Model for Visual Navigation,Dhruv Shah; Ajay Sridhar; Nitish Dashora; Kyle Stachowicz; Kevin Black; Noriaki Hirose; Sergey Levine,,2023,Conference on Robot Learning,https://proceedings.mlr.press/v229/shah23a/shah23a.pdf,,Открыто
What Went Wrong? Closing the Sim-to-Real Gap via Differentiable Causal Discovery,Peide Huang; Xilun Zhang; Ziang Cao; Shiqi Liu; Mengdi Xu; Wenhao Ding; Jonathan Francis; Bingqing Chen; Ding Zhao,,2023,Conference on Robot Learning,https://proceedings.mlr.press/v229/huang23c/huang23c.pdf,,Открыто
Scalable Deep Kernel Gaussian Process for Vehicle Dynamics in Autonomous Racing,Jingyun Ning; Madhur Behl,,2023,Conference on Robot Learning,https://proceedings.mlr.press/v229/ning23a/ning23a.pdf,,Открыто
Autonomous Robotic Reinforcement Learning with Asynchronous Human Feedback,Max Balsells; Marcel Torne Villasevil; Zihan Wang; Samedh Desai; Pulkit Agrawal; Abhishek Gupta,,2023,Conference on Robot Learning,https://proceedings.mlr.press/v229/balsells23a/balsells23a.pdf,,Открыто
Learning Realistic Traffic Agents in Closed-loop,Chris Zhang; James Tu; Lunjun Zhang; Kelvin Wong; Simon Suo; Raquel Urtasun,,2023,Conference on Robot Learning,https://proceedings.mlr.press/v229/zhang23b/zhang23b.pdf,,Открыто
Leveraging 3D Reconstruction for Mechanical Search on Cluttered Shelves,Seungyeon Kim; Young Hun Kim; Yonghyeon Lee; Frank C. Park,,2023,Conference on Robot Learning,https://proceedings.mlr.press/v229/kim23a/kim23a.pdf,,Открыто
SCONE: A Food Scooping Robot Learning Framework with Active Perception,Yen-Ling Tai; Yu Chien Chiu; Yu-Wei Chao; Yi-Ting Chen,,2023,Conference on Robot Learning,https://proceedings.mlr.press/v229/tai23a/tai23a.pdf,,Открыто
Fine-Tuning Generative Models as an Inference Method for Robotic Tasks,Orr Krupnik; Elisei Shafer; Tom Jurgenson; Aviv Tamar,,2023,Conference on Robot Learning,https://proceedings.mlr.press/v229/krupnik23a/krupnik23a.pdf,,Открыто
Learning to Design and Use Tools for Robotic Manipulation,Ziang Liu; Stephen Tian; Michelle Guo; Karen Liu; Jiajun Wu,,2023,Conference on Robot Learning,https://proceedings.mlr.press/v229/liu23b/liu23b.pdf,,Открыто
CLUE: Calibrated Latent Guidance for Offline Reinforcement Learning,Jinxin Liu; Lipeng Zu; Li He; Donglin Wang,,2023,Conference on Robot Learning,https://proceedings.mlr.press/v229/liu23c/liu23c.pdf,,Открыто
DEFT: Dexterous Fine-Tuning for Hand Policies,Aditya Kannan; Kenneth Shaw; Shikhar Bahl; Pragna Mannam; Deepak Pathak,,2023,Conference on Robot Learning,https://proceedings.mlr.press/v229/kannan23a/kannan23a.pdf,,Открыто
One-Shot Imitation Learning: A Pose Estimation Perspective,Pietro Vitiello; Kamil Dreczkowski; Edward Johns,,2023,Conference on Robot Learning,https://proceedings.mlr.press/v229/vitiello23a/vitiello23a.pdf,,Открыто
Semantic Mechanical Search with Large Vision and Language Models,Satvik Sharma; Huang Huang; Kaushik Shivakumar; Lawrence Yunliang Chen; Ryan Hoque; Brian Ichter; Ken Goldberg,,2023,Conference on Robot Learning,https://proceedings.mlr.press/v229/sharma23a/sharma23a.pdf,,Открыто
KITE: Keypoint-Conditioned Policies for Semantic Manipulation,Priya Sundaresan; Suneel Belkhale; Dorsa Sadigh; Jeannette Bohg,,2023,Conference on Robot Learning,https://proceedings.mlr.press/v229/sundaresan23a/sundaresan23a.pdf,,Открыто
BM2CP: Efficient Collaborative Perception with LiDAR-Camera Modalities,Binyu Zhao; Wei ZHANG; Zhaonian Zou,,2023,Conference on Robot Learning,https://proceedings.mlr.press/v229/zhao23a/zhao23a.pdf,,Открыто
That Sounds Right: Auditory Self-Supervision for Dynamic Robot Manipulation,Abitha Thankaraj; Lerrel Pinto,,2023,Conference on Robot Learning,https://proceedings.mlr.press/v229/thankaraj23a/thankaraj23a.pdf,,Открыто
ManiCast: Collaborative Manipulation with Cost-Aware Human Forecasting,Kushal Kedia; Prithwish Dan; Atiksh Bhardwaj; Sanjiban Choudhury,,2023,Conference on Robot Learning,https://proceedings.mlr.press/v229/kedia23a/kedia23a.pdf,,Открыто
Predicting Routine Object Usage for Proactive Robot Assistance,Maithili Patel; Aswin Gururaj Prakash; Sonia Chernova,,2023,Conference on Robot Learning,https://proceedings.mlr.press/v229/patel23a/patel23a.pdf,,Открыто
Grounding Complex Natural Language Commands for Temporal Tasks in Unseen Environments,Jason Xinyu Liu; Ziyi Yang; Ifrah Idrees; Sam Liang; Benjamin Schornstein; Stefanie Tellex; Ankit Shah,,2023,Conference on Robot Learning,https://proceedings.mlr.press/v229/liu23d/liu23d.pdf,,Открыто
HOI4ABOT: Human-Object Interaction Anticipation for Human Intention Reading Collaborative roBOTs,Esteve Valls Mascaro; Daniel Sliwowski; Dongheui Lee,,2023,Conference on Robot Learning,https://proceedings.mlr.press/v229/mascaro23a/mascaro23a.pdf,,Открыто
Reinforcement Learning Enables Real-Time Planning and Control of Agile Maneuvers for Soft Robot Arms,Rianna Jitosho; Tyler Ga Wei Lum; Allison Okamura; Karen Liu,,2023,Conference on Robot Learning,https://proceedings.mlr.press/v229/jitosho23a/jitosho23a.pdf,,Открыто
A Policy Optimization Method Towards Optimal-time Stability,Shengjie Wang; Lan Fengb; Xiang Zheng; Yuxue Cao; Oluwatosin OluwaPelumi Oseni; Haotian Xu; Tao Zhang; Yang Gao,,2023,Conference on Robot Learning,https://proceedings.mlr.press/v229/wang23d/wang23d.pdf,,Открыто
An Unbiased Look at Datasets for Visuo-Motor Pre-Training,Sudeep Dasari; Mohan Kumar Srirama; Unnat Jain; Abhinav Gupta,,2023,Conference on Robot Learning,https://proceedings.mlr.press/v229/dasari23a/dasari23a.pdf,,Открыто
Equivariant Motion Manifold Primitives,Byeongho Lee; Yonghyeon Lee; Seungyeon Kim; MinJun Son; Frank C. Park,,2023,Conference on Robot Learning,https://proceedings.mlr.press/v229/lee23a/lee23a.pdf,,Открыто
FlowBot++: Learning Generalized Articulated Objects Manipulation via Articulation Projection,Harry Zhang; Ben Eisner; David Held,,2023,Conference on Robot Learning,https://proceedings.mlr.press/v229/zhang23c/zhang23c.pdf,,Открыто
Geometry Matching for Multi-Embodiment Grasping,Maria Attarian; Muhammad Adil Asif; Jingzhou Liu; Ruthrash Hari; Animesh Garg; Igor Gilitschenski; Jonathan Tompson,,2023,Conference on Robot Learning,https://proceedings.mlr.press/v229/attarian23a/attarian23a.pdf,,Открыто
Contrastive Value Learning: Implicit Models for Simple Offline RL,Bogdan Mazoure; Benjamin Eysenbach; Ofir Nachum; Jonathan Tompson,,2023,Conference on Robot Learning,https://proceedings.mlr.press/v229/mazoure23a/mazoure23a.pdf,,Открыто
Parting with Misconceptions about Learning-based Vehicle Motion Planning,Daniel Dauner; Marcel Hallgarten; Andreas Geiger; Kashyap Chitta,,2023,Conference on Robot Learning,https://proceedings.mlr.press/v229/dauner23a/dauner23a.pdf,,Открыто
Learning Sequential Acquisition Policies for Robot-Assisted Feeding,Priya Sundaresan; Jiajun Wu; Dorsa Sadigh,,2023,Conference on Robot Learning,https://proceedings.mlr.press/v229/sundaresan23b/sundaresan23b.pdf,,Открыто
Composable Part-Based Manipulation,Weiyu Liu; Jiayuan Mao; Joy Hsu; Tucker Hermans; Animesh Garg; Jiajun Wu,,2023,Conference on Robot Learning,https://proceedings.mlr.press/v229/liu23e/liu23e.pdf,,Открыто
Adv3D: Generating Safety-Critical 3D Objects through Closed-Loop Simulation,Jay Sarva; Jingkang Wang; James Tu; Yuwen Xiong; Sivabalan Manivasagam; Raquel Urtasun,,2023,Conference on Robot Learning,https://proceedings.mlr.press/v229/sarva23a/sarva23a.pdf,,Открыто
FindThis: Language-Driven Object Disambiguation in Indoor Environments,Arjun Majumdar; Fei Xia; Brian Ichter; Dhruv Batra; Leonidas Guibas,,2023,Conference on Robot Learning,https://proceedings.mlr.press/v229/majumdar23a/majumdar23a.pdf,,Открыто
Action-Quantized Offline Reinforcement Learning for Robotic Skill Learning,Jianlan Luo; Perry Dong; Jeffrey Wu; Aviral Kumar; Xinyang Geng; Sergey Levine,,2023,Conference on Robot Learning,https://proceedings.mlr.press/v229/luo23a/luo23a.pdf,,Открыто
Batch Differentiable Pose Refinement for In-The-Wild Camera/LiDAR Extrinsic Calibration,Lanke Frank Tarimo Fu; Maurice Fallon,,2023,Conference on Robot Learning,https://proceedings.mlr.press/v229/fu23a/fu23a.pdf,,Открыто
Fleet Active Learning: A Submodular Maximization Approach,Oguzhan Akcin; Orhan Unuvar; Onat Ure; Sandeep P. Chinchali,,2023,Conference on Robot Learning,https://proceedings.mlr.press/v229/akcin23a/akcin23a.pdf,,Открыто
Robust Reinforcement Learning in Continuous Control Tasks with Uncertainty Set Regularization,Yuan Zhang; Jianhong Wang; Joschka Boedecker,,2023,Conference on Robot Learning,https://proceedings.mlr.press/v229/zhang23d/zhang23d.pdf,,Открыто
Context-Aware Deep Reinforcement Learning for Autonomous Robotic Navigation in Unknown Area,Jingsong Liang; Zhichen Wang; Yuhong Cao; Jimmy Chiun; Mengqi Zhang; Guillaume Adrien Sartoretti,,2023,Conference on Robot Learning,https://proceedings.mlr.press/v229/liang23a/liang23a.pdf,,Открыто
Learning to Discern: Imitating Heterogeneous Human Demonstrations with Preference and Representation Learning,Sachit Kuhar; Shuo Cheng; Shivang Chopra; Matthew Bronars; Danfei Xu,,2023,Conference on Robot Learning,https://proceedings.mlr.press/v229/kuhar23a/kuhar23a.pdf,,Открыто
Language-guided Robot Grasping: CLIP-based Referring Grasp Synthesis in Clutter,Georgios Tziafas; Yucheng XU; Arushi Goel; Mohammadreza Kasaei; Zhibin Li; Hamidreza Kasaei,,2023,Conference on Robot Learning,https://proceedings.mlr.press/v229/tziafas23a/tziafas23a.pdf,,Открыто
Learning Reusable Manipulation Strategies,Jiayuan Mao; Tomás Lozano-Pérez; Joshua B. Tenenbaum; Leslie Pack Kaelbling,,2023,Conference on Robot Learning,https://proceedings.mlr.press/v229/mao23a/mao23a.pdf,,Открыто
Sample-Efficient Preference-based Reinforcement Learning with Dynamics Aware Rewards,Katherine Metcalf; Miguel Sarabia; Natalie Mackraz; Barry-John Theobald,,2023,Conference on Robot Learning,https://proceedings.mlr.press/v229/metcalf23a/metcalf23a.pdf,,Открыто
Im2Contact: Vision-Based Contact Localization Without Touch or Force Sensing,Leon Kim; Yunshuang Li; Michael Posa; Dinesh Jayaraman,,2023,Conference on Robot Learning,https://proceedings.mlr.press/v229/kim23b/kim23b.pdf,,Открыто
DROID: Learning from Offline Heterogeneous Demonstrations via Reward-Policy Distillation,Sravan Jayanthi; Letian Chen; Nadya Balabanska; Van Duong; Erik Scarlatescu; Ezra Ameperosa; Zulfiqar Haider Zaidi; Daniel Martin; Taylor Keith Del Matto; Masahiro Ono; Matthew Gombolay,,2023,Conference on Robot Learning,https://proceedings.mlr.press/v229/jayanthi23a/jayanthi23a.pdf,,Открыто
SA6D: Self-Adaptive Few-Shot 6D Pose Estimator for Novel and Occluded Objects,Ning Gao; Vien Anh Ngo; Hanna Ziesche; Gerhard Neumann,,2023,Conference on Robot Learning,https://proceedings.mlr.press/v229/gao23a/gao23a.pdf,,Открыто
Hierarchical Planning for Rope Manipulation using Knot Theory and a Learned Inverse Model,Matan Sudry; Tom Jurgenson; Aviv Tamar; Erez Karpas,,2023,Conference on Robot Learning,https://proceedings.mlr.press/v229/sudry23a/sudry23a.pdf,,Открыто
OVIR-3D: Open-Vocabulary 3D Instance Retrieval Without Training on 3D Data,Shiyang Lu; Haonan Chang; Eric Pu Jing; Abdeslam Boularias; Kostas Bekris,,2023,Conference on Robot Learning,https://proceedings.mlr.press/v229/lu23a/lu23a.pdf,,Открыто
Efficient Sim-to-real Transfer of Contact-Rich Manipulation Skills with Online Admittance Residual Learning,Xiang Zhang; Changhao Wang; Lingfeng Sun; Zheng Wu; Xinghao Zhu; Masayoshi Tomizuka,,2023,Conference on Robot Learning,https://proceedings.mlr.press/v229/zhang23e/zhang23e.pdf,,Открыто
Tell Me Where to Go: A Composable Framework for Context-Aware Embodied Robot Navigation,Harel Biggie; Ajay Narasimha Mopidevi; Dusty Woods; Chris Heckman,,2023,Conference on Robot Learning,https://proceedings.mlr.press/v229/biggie23a/biggie23a.pdf,,Открыто
Dynamic Multi-Team Racing: Competitive Driving on 1/10-th Scale Vehicles via Learning in Simulation,Peter Werner; Tim Seyde; Paul Drews; Thomas Matrai Balch; Igor Gilitschenski; Wilko Schwarting; Guy Rosman; Sertac Karaman; Daniela Rus,,2023,Conference on Robot Learning,https://proceedings.mlr.press/v229/werner23a/werner23a.pdf,,Открыто
Stochastic Occupancy Grid Map Prediction in Dynamic Scenes,Zhanteng Xie; Philip Dames,,2023,Conference on Robot Learning,https://proceedings.mlr.press/v229/xie23a/xie23a.pdf,,Открыто
A Bayesian approach to breaking things: efficiently predicting and repairing failure modes via sampling,Charles Dawson; Chuchu Fan,,2023,Conference on Robot Learning,https://proceedings.mlr.press/v229/dawson23a/dawson23a.pdf,,Открыто
BridgeData V2: A Dataset for Robot Learning at Scale,Homer Rich Walke; Kevin Black; Tony Z. Zhao; Quan Vuong; Chongyi Zheng; Philippe Hansen-Estruch; Andre Wang He; Vivek Myers; Moo Jin Kim; Max Du; Abraham Lee; Kuan Fang; Chelsea Finn; Sergey Levine,,2023,Conference on Robot Learning,https://proceedings.mlr.press/v229/walke23a/walke23a.pdf,,Открыто
NOIR: Neural Signal Operated Intelligent Robots for Everyday Activities,Ruohan Zhang; Sharon Lee; Minjune Hwang; Ayano Hiranaka; Chen Wang; Wensi Ai; Jin Jie Ryan Tan; Shreya Gupta; Yilun Hao; Gabrael Levine; Ruohan Gao; Anthony Norcia; Li Fei-Fei; Jiajun Wu,,2023,Conference on Robot Learning,https://proceedings.mlr.press/v229/zhang23f/zhang23f.pdf,,Открыто
PolarNet: 3D Point Clouds for Language-Guided Robotic Manipulation,Shizhe Chen; Ricardo Garcia Pinel; Cordelia Schmid; Ivan Laptev,,2023,Conference on Robot Learning,https://proceedings.mlr.press/v229/chen23b/chen23b.pdf,,Открыто
Stealthy Terrain-Aware Multi-Agent Active Search,Nikhil Angad Bakshi; Jeff Schneider,,2023,Conference on Robot Learning,https://proceedings.mlr.press/v229/bakshi23a/bakshi23a.pdf,,Открыто
A Data-Efficient Visual-Audio Representation with Intuitive Fine-tuning for Voice-Controlled Robots,Peixin Chang; Shuijing Liu; Tianchen Ji; Neeloy Chakraborty; Kaiwen Hong; Katherine Rose Driggs-Campbell,,2023,Conference on Robot Learning,https://proceedings.mlr.press/v229/chang23a/chang23a.pdf,,Открыто
MimicGen: A Data Generation System for Scalable Robot Learning using Human Demonstrations,Ajay Mandlekar; Soroush Nasiriany; Bowen Wen; Iretiayo Akinola; Yashraj Narang; Linxi Fan; Yuke Zhu; Dieter Fox,,2023,Conference on Robot Learning,https://proceedings.mlr.press/v229/mandlekar23a/mandlekar23a.pdf,,Открыто
Quantifying Assistive Robustness Via the Natural-Adversarial Frontier,Jerry Zhi-Yang He; Daniel S. Brown; Zackory Erickson; Anca Dragan,,2023,Conference on Robot Learning,https://proceedings.mlr.press/v229/he23a/he23a.pdf,,Открыто
Dynamic Handover: Throw and Catch with Bimanual Hands,Binghao Huang; Yuanpei Chen; Tianyu Wang; Yuzhe Qin; Yaodong Yang; Nikolay Atanasov; Xiaolong Wang,,2023,Conference on Robot Learning,https://proceedings.mlr.press/v229/huang23d/huang23d.pdf,,Открыто
Cross-Dataset Sensor Alignment: Making Visual 3D Object Detector Generalizable,Liangtao Zheng; Yicheng Liu; Yue Wang; Hang Zhao,,2023,Conference on Robot Learning,https://proceedings.mlr.press/v229/zheng23a/zheng23a.pdf,,Открыто
REBOOT: Reuse Data for Bootstrapping Efficient Real-World Dexterous Manipulation,Zheyuan Hu; Aaron Rovinsky; Jianlan Luo; Vikash Kumar; Abhishek Gupta; Sergey Levine,,2023,Conference on Robot Learning,https://proceedings.mlr.press/v229/hu23a/hu23a.pdf,,Открыто
Context-Aware Entity Grounding with Open-Vocabulary 3D Scene Graphs,Haonan Chang; Kowndinya Boyalakuntla; Shiyang Lu; Siwei Cai; Eric Pu Jing; Shreesh Keskar; Shijie Geng; Adeeb Abbas; Lifeng Zhou; Kostas Bekris; Abdeslam Boularias,,2023,Conference on Robot Learning,https://proceedings.mlr.press/v229/chang23b/chang23b.pdf,,Открыто
HomeRobot: Open-Vocabulary Mobile Manipulation,Sriram Yenamandra; Arun Ramachandran; Karmesh Yadav; Austin S. Wang; Mukul Khanna; Theophile Gervet; Tsung-Yen Yang; Vidhi Jain; Alexander Clegg; John M. Turner; Zsolt Kira; Manolis Savva; Angel X. Chang; Devendra Singh Chaplot; Dhruv Batra; Roozbeh Mottaghi; Yonatan Bisk; Chris Paxton,,2023,Conference on Robot Learning,https://proceedings.mlr.press/v229/yenamandra23a/yenamandra23a.pdf,,Открыто
PlayFusion: Skill Acquisition via Diffusion from Language-Annotated Play,Lili Chen; Shikhar Bahl; Deepak Pathak,,2023,Conference on Robot Learning,https://proceedings.mlr.press/v229/chen23c/chen23c.pdf,,Открыто
Shelving; Stacking; Hanging: Relational Pose Diffusion for Multi-modal Rearrangement,Anthony Simeonov; Ankit Goyal; Lucas Manuelli; Yen-Chen Lin; Alina Sarmiento; Alberto Rodriguez Garcia; Pulkit Agrawal; Dieter Fox,,2023,Conference on Robot Learning,https://proceedings.mlr.press/v229/simeonov23a/simeonov23a.pdf,,Открыто
Learning Efficient Abstract Planning Models that Choose What to Predict,Nishanth Kumar; Willie McClinton; Rohan Chitnis; Tom Silver; Tomás Lozano-Pérez; Leslie Pack Kaelbling,,2023,Conference on Robot Learning,https://proceedings.mlr.press/v229/kumar23a/kumar23a.pdf,,Открыто
DYNAMO-GRASP: DYNAMics-aware Optimization for GRASP Point Detection in Suction Grippers,Boling Yang; Soofiyan Atar; Markus Grotz; Byron Boots; Joshua Smith,,2023,Conference on Robot Learning,https://proceedings.mlr.press/v229/yang23a/yang23a.pdf,,Открыто
HYDRA: Hybrid Robot Actions for Imitation Learning,Suneel Belkhale; Yuchen Cui; Dorsa Sadigh,,2023,Conference on Robot Learning,https://proceedings.mlr.press/v229/belkhale23a/belkhale23a.pdf,,Открыто
Embodied Lifelong Learning for Task and Motion Planning,Jorge Mendez-Mendez; Leslie Pack Kaelbling; Tomás Lozano-Pérez,,2023,Conference on Robot Learning,https://proceedings.mlr.press/v229/mendez-mendez23a/mendez-mendez23a.pdf,,Открыто
4D-Former: Multimodal 4D Panoptic Segmentation,Ali Athar; Enxu Li; Sergio Casas; Raquel Urtasun,,2023,Conference on Robot Learning,https://proceedings.mlr.press/v229/athar23a/athar23a.pdf,,Открыто
RT-2: Vision-Language-Action Models Transfer Web Knowledge to Robotic Control,Brianna Zitkovich; Tianhe Yu; Sichun Xu; Peng Xu; Ted Xiao; Fei Xia; Jialin Wu; Paul Wohlhart; Stefan Welker; Ayzaan Wahid; Quan Vuong; Vincent Vanhoucke; Huong Tran; Radu Soricut; Anikait Singh; Jaspiar Singh; Pierre Sermanet; Pannag R. Sanketi; Grecia Salazar; Michael S. Ryoo; Krista Reymann; Kanishka Rao; Karl Pertsch; Igor Mordatch; Henryk Michalewski; Yao Lu; Sergey Levine; Lisa Lee; Tsang-Wei Edward Lee; Isabel Leal; Yuheng Kuang; Dmitry Kalashnikov; Ryan Julian; Nikhil J. Joshi; Alex Irpan; Brian Ichter; Jasmine Hsu; Alexander Herzog; Karol Hausman; Keerthana Gopalakrishnan; Chuyuan Fu; Pete Florence; Chelsea Finn; Kumar Avinava Dubey; Danny Driess; Tianli Ding; Krzysztof Marcin Choromanski; Xi Chen; Yevgen Chebotar; Justice Carbajal; Noah Brown; Anthony Brohan; Montserrat Gonzalez Arenas; Kehang Han,,2023,Conference on Robot Learning,https://proceedings.mlr.press/v229/zitkovich23a/zitkovich23a.pdf,,Открыто
Seeing-Eye Quadruped Navigation with Force Responsive Locomotion Control,David DeFazio; Eisuke Hirota; Shiqi Zhang,,2023,Conference on Robot Learning,https://proceedings.mlr.press/v229/defazio23a/defazio23a.pdf,,Открыто
Waypoint-Based Imitation Learning for Robotic Manipulation,Lucy Xiaoyang Shi; Archit Sharma; Tony Z. Zhao; Chelsea Finn,,2023,Conference on Robot Learning,https://proceedings.mlr.press/v229/shi23b/shi23b.pdf,,Открыто
Multi-Resolution Sensing for Real-Time Control with Vision-Language Models,Saumya Saxena; Mohit Sharma; Oliver Kroemer,,2023,Conference on Robot Learning,https://proceedings.mlr.press/v229/saxena23a/saxena23a.pdf,,Открыто
SCALE: Causal Learning and Discovery of Robot Manipulation Skills using Simulation,Tabitha Edith Lee; Shivam Vats; Siddharth Girdhar; Oliver Kroemer,,2023,Conference on Robot Learning,https://proceedings.mlr.press/v229/lee23b/lee23b.pdf,,Открыто
Learning Robot Manipulation from Cross-Morphology Demonstration,Gautam Salhotra; I-Chun Arthur Liu; Gaurav S. Sukhatme,,2023,Conference on Robot Learning,https://proceedings.mlr.press/v229/salhotra23a/salhotra23a.pdf,,Открыто
Synthesizing Navigation Abstractions for Planning with Portable Manipulation Skills,Eric Rosen; Steven James; Sergio Orozco; Vedant Gupta; Max Merlin; Stefanie Tellex; George Konidaris,,2023,Conference on Robot Learning,https://proceedings.mlr.press/v229/rosen23a/rosen23a.pdf,,Открыто
Transforming a Quadruped into a Guide Robot for the Visually Impaired: Formalizing Wayfinding; Interaction Modeling; and Safety Mechanism,J. Taery Kim; Wenhao Yu; Yash Kothari; Bruce Walker; Jie Tan; Greg Turk; Sehoon Ha,,2023,Conference on Robot Learning,https://proceedings.mlr.press/v229/kim23c/kim23c.pdf,,Открыто
A Bayesian Approach to Robust Inverse Reinforcement Learning,Ran Wei; Siliang Zeng; Chenliang Li; Alfredo Garcia; Anthony D McDonald; Mingyi Hong,,2023,Conference on Robot Learning,https://proceedings.mlr.press/v229/wei23a/wei23a.pdf,,Открыто
ChainedDiffuser: Unifying Trajectory Diffusion and Keypose Prediction for Robotic Manipulation,Zhou Xian; Nikolaos Gkanatsios; Theophile Gervet; Tsung-Wei Ke; Katerina Fragkiadaki,,2023,Conference on Robot Learning,https://proceedings.mlr.press/v229/xian23a/xian23a.pdf,,Открыто
IIFL: Implicit Interactive Fleet Learning from Heterogeneous Human Supervisors,Gaurav Datta; Ryan Hoque; Anrui Gu; Eugen Solowjow; Ken Goldberg,,2023,Conference on Robot Learning,https://proceedings.mlr.press/v229/datta23a/datta23a.pdf,,Открыто
CAT: Closed-loop Adversarial Training for Safe End-to-End Driving,Linrui Zhang; Zhenghao Peng; Quanyi Li; Bolei Zhou,,2023,Conference on Robot Learning,https://proceedings.mlr.press/v229/zhang23g/zhang23g.pdf,,Открыто
Neural Graph Control Barrier Functions Guided Distributed Collision-avoidance Multi-agent Control,Songyuan Zhang; Kunal Garg; Chuchu Fan,,2023,Conference on Robot Learning,https://proceedings.mlr.press/v229/zhang23h/zhang23h.pdf,,Открыто
STERLING: Self-Supervised Terrain Representation Learning from Unconstrained Robot Experience,Haresh Karnan; Elvin Yang; Daniel Farkash; Garrett Warnell; Joydeep Biswas; Peter Stone,,2023,Conference on Robot Learning,https://proceedings.mlr.press/v229/karnan23a/karnan23a.pdf,,Открыто
Towards General Single-Utensil Food Acquisition with Human-Informed Actions,Ethan Kroll Gordon; Amal Nanavati; Ramya Challa; Bernie Hao Zhu; Taylor Annette Kessler Faulkner; Siddhartha Srinivasa,,2023,Conference on Robot Learning,https://proceedings.mlr.press/v229/gordon23a/gordon23a.pdf,,Открыто
ScalableMap: Scalable Map Learning for Online Long-Range Vectorized HD Map Construction,Jingyi Yu; Zizhao Zhang; Shengfu Xia; Jizhang Sang,,2023,Conference on Robot Learning,https://proceedings.mlr.press/v229/yu23b/yu23b.pdf,,Открыто
Tuning Legged Locomotion Controllers via Safe Bayesian Optimization,Daniel Widmer; Dongho Kang; Bhavya Sukhija; Jonas Hübotter; Andreas Krause; Stelian Coros,,2023,Conference on Robot Learning,https://proceedings.mlr.press/v229/widmer23a/widmer23a.pdf,,Открыто
TraCo: Learning Virtual Traffic Coordinator for Cooperation with Multi-Agent Reinforcement Learning,Weiwei Liu; Wei Jing; lingping Gao; Ke Guo; Gang Xu; Yong Liu,,2023,Conference on Robot Learning,https://proceedings.mlr.press/v229/liu23f/liu23f.pdf,,Открыто
Enabling Efficient; Reliable Real-World Reinforcement Learning with Approximate Physics-Based Models,Tyler Westenbroek; Jacob Levy; David Fridovich-Keil,,2023,Conference on Robot Learning,https://proceedings.mlr.press/v229/westenbroek23a/westenbroek23a.pdf,,Открыто
Large Language Models as General Pattern Machines,Suvir Mirchandani; Fei Xia; Pete Florence; Brian Ichter; Danny Driess; Montserrat Gonzalez Arenas; Kanishka Rao; Dorsa Sadigh; Andy Zeng,,2023,Conference on Robot Learning,https://proceedings.mlr.press/v229/mirchandani23a/mirchandani23a.pdf,,Открыто
One-shot Imitation Learning via Interaction Warping,Ondrej Biza; Skye Thompson; Kishore Reddy Pagidi; Abhinav Kumar; Elise van der Pol; Robin Walters; Thomas Kipf; Jan-Willem van de Meent; Lawson L. S. Wong; Robert Platt,,2023,Conference on Robot Learning,https://proceedings.mlr.press/v229/biza23a/biza23a.pdf,,Открыто
Learning to See Physical Properties with Active Sensing Motor Policies,Gabriel B. Margolis; Xiang Fu; Yandong Ji; Pulkit Agrawal,,2023,Conference on Robot Learning,https://proceedings.mlr.press/v229/margolis23a/margolis23a.pdf,,Открыто
General In-hand Object Rotation with Vision and Touch,Haozhi Qi; Brent Yi; Sudharshan Suresh; Mike Lambeta; Yi Ma; Roberto Calandra; Jitendra Malik,,2023,Conference on Robot Learning,https://proceedings.mlr.press/v229/qi23a/qi23a.pdf,,Открыто
Imitating Task and Motion Planning with Visuomotor Transformers,Murtaza Dalal; Ajay Mandlekar; Caelan Reed Garrett; Ankur Handa; Ruslan Salakhutdinov; Dieter Fox,,2023,Conference on Robot Learning,https://proceedings.mlr.press/v229/dalal23a/dalal23a.pdf,,Открыто
Curiosity-Driven Learning of Joint Locomotion and Manipulation Tasks,Clemens Schwarke; Victor Klemm; Matthijs van der Boon; Marko Bjelonic; Marco Hutter,,2023,Conference on Robot Learning,https://proceedings.mlr.press/v229/schwarke23a/schwarke23a.pdf,,Открыто
Towards Scalable Coverage-Based Testing of Autonomous Vehicles,James Tu; Simon Suo; Chris Zhang; Kelvin Wong; Raquel Urtasun,,2023,Conference on Robot Learning,https://proceedings.mlr.press/v229/tu23a/tu23a.pdf,,Открыто
PLEX: Making the Most of the Available Data for Robotic Manipulation Pretraining,Garrett Thomas; Ching-An Cheng; Ricky Loynd; Felipe Vieira Frujeri; Vibhav Vineet; Mihai Jalobeanu; Andrey Kolobov,,2023,Conference on Robot Learning,https://proceedings.mlr.press/v229/thomas23a/thomas23a.pdf,,Открыто
Learning Lyapunov-Stable Polynomial Dynamical Systems Through Imitation,Amin Abyaneh; Hsiu-Chin Lin,,2023,Conference on Robot Learning,https://proceedings.mlr.press/v229/abyaneh23a/abyaneh23a.pdf,,Открыто
MUTEX: Learning Unified Policies from Multimodal Task Specifications,Rutav Shah; Roberto Martín-Martín; Yuke Zhu,,2023,Conference on Robot Learning,https://proceedings.mlr.press/v229/shah23b/shah23b.pdf,,Открыто
Navigation with Large Language Models: Semantic Guesswork as a Heuristic for Planning,Dhruv Shah; Michael Robert Equi; Błażej Osiński; Fei Xia; Brian Ichter; Sergey Levine,,2023,Conference on Robot Learning,https://proceedings.mlr.press/v229/shah23c/shah23c.pdf,,Открыто
A Data-efficient Neural ODE Framework for Optimal Control of Soft Manipulators,Mohammadreza Kasaei; Keyhan Kouhkiloui Babarahmati; Zhibin Li; Mohsen Khadem,,2023,Conference on Robot Learning,https://proceedings.mlr.press/v229/kasaei23a/kasaei23a.pdf,,Открыто
Language Conditioned Traffic Generation,Shuhan Tan; Boris Ivanovic; Xinshuo Weng; Marco Pavone; Philipp Kraehenbuehl,,2023,Conference on Robot Learning,https://proceedings.mlr.press/v229/tan23a/tan23a.pdf,,Открыто
CALAMARI: Contact-Aware and Language conditioned spatial Action MApping for contact-RIch manipulation,Youngsun Wi; Mark Van der Merwe; Pete Florence; Andy Zeng; Nima Fazeli,,2023,Conference on Robot Learning,https://proceedings.mlr.press/v229/wi23a/wi23a.pdf,,Открыто
Generalization of Heterogeneous Multi-Robot Policies via Awareness and Communication of Capabilities,Pierce Howell; Max Rudolph; Reza Joseph Torbati; Kevin Fu; Harish Ravichandar,,2023,Conference on Robot Learning,https://proceedings.mlr.press/v229/howell23a/howell23a.pdf,,Открыто
CAJun: Continuous Adaptive Jumping using a Learned Centroidal Controller,Yuxiang Yang; Guanya Shi; Xiangyun Meng; Wenhao Yu; Tingnan Zhang; Jie Tan; Byron Boots,,2023,Conference on Robot Learning,https://proceedings.mlr.press/v229/yang23b/yang23b.pdf,,Открыто
Multi-Predictor Fusion: Combining Learning-based and Rule-based Trajectory Predictors,Sushant Veer; Apoorva Sharma; Marco Pavone,,2023,Conference on Robot Learning,https://proceedings.mlr.press/v229/veer23a/veer23a.pdf,,Открыто
Neural Field Dynamics Model for Granular Object Piles Manipulation,Shangjie Xue; Shuo Cheng; Pujith Kachana; Danfei Xu,,2023,Conference on Robot Learning,https://proceedings.mlr.press/v229/xue23a/xue23a.pdf,,Открыто
AR2-D2: Training a Robot Without a Robot,Jiafei Duan; Yi Ru Wang; Mohit Shridhar; Dieter Fox; Ranjay Krishna,,2023,Conference on Robot Learning,https://proceedings.mlr.press/v229/duan23a/duan23a.pdf,,Открыто
Affordance-Driven Next-Best-View Planning for Robotic Grasping,Xuechao Zhang; Dong Wang; Sun Han; Weichuang Li; Bin Zhao; Zhigang Wang; Xiaoming Duan; Chongrong Fang; Xuelong Li; Jianping He,,2023,Conference on Robot Learning,https://proceedings.mlr.press/v229/zhang23i/zhang23i.pdf,,Открыто
PairwiseNet: Pairwise Collision Distance Learning for High-dof Robot Systems,Jihwan Kim; Frank C. Park,,2023,Conference on Robot Learning,https://proceedings.mlr.press/v229/kim23d/kim23d.pdf,,Открыто
Fighting Uncertainty with Gradients: Offline Reinforcement Learning via Diffusion Score Matching,H.J. Terry Suh; Glen Chou; Hongkai Dai; Lujie Yang; Abhishek Gupta; Russ Tedrake,,2023,Conference on Robot Learning,https://proceedings.mlr.press/v229/suh23a/suh23a.pdf,,Открыто
Generative Skill Chaining: Long-Horizon Skill Planning with Diffusion Models,Utkarsh Aashu Mishra; Shangjie Xue; Yongxin Chen; Danfei Xu,,2023,Conference on Robot Learning,https://proceedings.mlr.press/v229/mishra23a/mishra23a.pdf,,Открыто
Online Learning for Obstacle Avoidance,David Snyder; Meghan Booker; Nathaniel Simon; Wenhan Xia; Daniel Suo; Elad Hazan; Anirudha Majumdar,,2023,Conference on Robot Learning,https://proceedings.mlr.press/v229/snyder23a/snyder23a.pdf,,Открыто
Polybot: Training One Policy Across Robots While Embracing Variability,Jonathan Heewon Yang; Dorsa Sadigh; Chelsea Finn,,2023,Conference on Robot Learning,https://proceedings.mlr.press/v229/yang23c/yang23c.pdf,,Открыто
RoboPianist: Dexterous Piano Playing with Deep Reinforcement Learning,Kevin Zakka; Philipp Wu; Laura Smith; Nimrod Gileadi; Taylor Howell; Xue Bin Peng; Sumeet Singh; Yuval Tassa; Pete Florence; Andy Zeng; Pieter Abbeel,,2023,Conference on Robot Learning,https://proceedings.mlr.press/v229/zakka23a/zakka23a.pdf,,Открыто
Revisiting Depth-guided Methods for Monocular 3D Object Detection by Hierarchical Balanced Depth,Yi-Rong Chen; Ching-Yu Tseng; Yi-Syuan Liou; Tsung-Han Wu; Winston H. Hsu,,2023,Conference on Robot Learning,https://proceedings.mlr.press/v229/chen23d/chen23d.pdf,,Открыто
Heteroscedastic Gaussian Processes and Random Features: Scalable Motion Primitives with Guarantees,Edoardo Caldarelli; Antoine Chatalic; Adrià Colomé; Lorenzo Rosasco; Carme Torras,,2023,Conference on Robot Learning,https://proceedings.mlr.press/v229/caldarelli23a/caldarelli23a.pdf,,Открыто
Human-in-the-Loop Task and Motion Planning for Imitation Learning,Ajay Mandlekar; Caelan Reed Garrett; Danfei Xu; Dieter Fox,,2023,Conference on Robot Learning,https://proceedings.mlr.press/v229/mandlekar23b/mandlekar23b.pdf,,Открыто
Gesture-Informed Robot Assistance via Foundation Models,Li-Heng Lin; Yuchen Cui; Yilun Hao; Fei Xia; Dorsa Sadigh,,2023,Conference on Robot Learning,https://proceedings.mlr.press/v229/lin23a/lin23a.pdf,,Открыто
TactileVAD: Geometric Aliasing-Aware Dynamics for High-Resolution Tactile Control,Miquel Oller; Dmitry Berenson; Nima Fazeli,,2023,Conference on Robot Learning,https://proceedings.mlr.press/v229/oller23a/oller23a.pdf,,Открыто
FastRLAP: A System for Learning High-Speed Driving via Deep RL and Autonomous Practicing,Kyle Stachowicz; Dhruv Shah; Arjun Bhorkar; Ilya Kostrikov; Sergey Levine,,2023,Conference on Robot Learning,https://proceedings.mlr.press/v229/stachowicz23a/stachowicz23a.pdf,,Открыто
Energy-based Potential Games for Joint Motion Forecasting and Control,Christopher Diehl; Tobias Klosek; Martin Krueger; Nils Murzyn; Timo Osterburg; Torsten Bertram,,2023,Conference on Robot Learning,https://proceedings.mlr.press/v229/diehl23a/diehl23a.pdf,,Открыто
Dexterity from Touch: Self-Supervised Pre-Training of Tactile Representations with Robotic Play,Irmak Guzey; Ben Evans; Soumith Chintala; Lerrel Pinto,,2023,Conference on Robot Learning,https://proceedings.mlr.press/v229/guzey23a/guzey23a.pdf,,Открыто
ADU-Depth: Attention-based Distillation with Uncertainty Modeling for Depth Estimation,ZiZhang Wu; Zhuozheng Li; Zhi-Gang Fan; Yunzhe Wu; Xiaoquan Wang; Rui Tang; Jian Pu,,2023,Conference on Robot Learning,https://proceedings.mlr.press/v229/wu23c/wu23c.pdf,,Открыто
Structural Concept Learning via Graph Attention for Multi-Level Rearrangement Planning,Manav Kulshrestha; Ahmed H. Qureshi,,2023,Conference on Robot Learning,https://proceedings.mlr.press/v229/kulshrestha23a/kulshrestha23a.pdf,,Открыто
Few-Shot In-Context Imitation Learning via Implicit Graph Alignment,Vitalis Vosylius; Edward Johns,,2023,Conference on Robot Learning,https://proceedings.mlr.press/v229/vosylius23a/vosylius23a.pdf,,Открыто
Topology-Matching Normalizing Flows for Out-of-Distribution Detection in Robot Learning,Jianxiang Feng; Jongseok Lee; Simon Geisler; Stephan Günnemann; Rudolph Triebel,,2023,Conference on Robot Learning,https://proceedings.mlr.press/v229/feng23b/feng23b.pdf,,Открыто
Compositional Diffusion-Based Continuous Constraint Solvers,Zhutian Yang; Jiayuan Mao; Yilun Du; Jiajun Wu; Joshua B. Tenenbaum; Tomás Lozano-Pérez; Leslie Pack Kaelbling,,2023,Conference on Robot Learning,https://proceedings.mlr.press/v229/yang23d/yang23d.pdf,,Открыто
Precise Robotic Needle-Threading with Tactile Perception and Reinforcement Learning,Zhenjun Yu; Wenqiang Xu; Siqiong Yao; Jieji Ren; Tutian Tang; Yutong Li; Guoying Gu; Cewu Lu,,2023,Conference on Robot Learning,https://proceedings.mlr.press/v229/yu23c/yu23c.pdf,,Открыто
Cold Diffusion on the Replay Buffer: Learning to Plan from Known Good States,Zidan Wang; Takeru Oba; Takuma Yoneda; Rui Shen; Matthew Walter; Bradly C. Stadie,,2023,Conference on Robot Learning,https://proceedings.mlr.press/v229/wang23e/wang23e.pdf,,Открыто
Self-Improving Robots: End-to-End Autonomous Visuomotor Reinforcement Learning,Archit Sharma; Ahmed M. Ahmed; Rehaan Ahmad; Chelsea Finn,,2023,Conference on Robot Learning,https://proceedings.mlr.press/v229/sharma23b/sharma23b.pdf,,Открыто
Equivariant Reinforcement Learning under Partial Observability,Hai Huu Nguyen; Andrea Baisero; David Klee; Dian Wang; Robert Platt; Christopher Amato,,2023,Conference on Robot Learning,https://proceedings.mlr.press/v229/nguyen23a/nguyen23a.pdf,,Открыто
UniFolding: Towards Sample-efficient; Scalable; and Generalizable Robotic Garment Folding,Han Xue; Yutong Li; Wenqiang Xu; Huanyu Li; Dongzhe Zheng; Cewu Lu,,2023,Conference on Robot Learning,https://proceedings.mlr.press/v229/xue23b/xue23b.pdf,,Открыто
A Universal Semantic-Geometric Representation for Robotic Manipulation,Tong Zhang; Yingdong Hu; Hanchen Cui; Hang Zhao; Yang Gao,,2023,Conference on Robot Learning,https://proceedings.mlr.press/v229/zhang23j/zhang23j.pdf,,Открыто
LabelFormer: Object Trajectory Refinement for Offboard Perception from LiDAR Point Clouds,Anqi Joyce Yang; Sergio Casas; Nikita Dvornik; Sean Segal; Yuwen Xiong; Jordan Sir Kwang Hu; Carter Fang; Raquel Urtasun,,2023,Conference on Robot Learning,https://proceedings.mlr.press/v229/yang23e/yang23e.pdf,,Открыто
Language-Conditioned Path Planning,Amber Xie; Youngwoon Lee; Pieter Abbeel; Stephen James,,2023,Conference on Robot Learning,https://proceedings.mlr.press/v229/xie23b/xie23b.pdf,,Открыто
Open-World Object Manipulation using Pre-Trained Vision-Language Models,Austin Stone; Ted Xiao; Yao Lu; Keerthana Gopalakrishnan; Kuang-Huei Lee; Quan Vuong; Paul Wohlhart; Sean Kirmani; Brianna Zitkovich; Fei Xia; Chelsea Finn; Karol Hausman,,2023,Conference on Robot Learning,https://proceedings.mlr.press/v229/stone23a/stone23a.pdf,,Открыто
Learning Generalizable Manipulation Policies with Object-Centric 3D Representations,Yifeng Zhu; Zhenyu Jiang; Peter Stone; Yuke Zhu,,2023,Conference on Robot Learning,https://proceedings.mlr.press/v229/zhu23b/zhu23b.pdf,,Открыто
AdaptSim: Task-Driven Simulation Adaptation for Sim-to-Real Transfer,Allen Z. Ren; Hongkai Dai; Benjamin Burchfiel; Anirudha Majumdar,,2023,Conference on Robot Learning,https://proceedings.mlr.press/v229/ren23b/ren23b.pdf,,Открыто
Dexterous Functional Grasping,Ananye Agarwal; Shagun Uppal; Kenneth Shaw; Deepak Pathak,,2023,Conference on Robot Learning,https://proceedings.mlr.press/v229/agarwal23a/agarwal23a.pdf,,Открыто
REFLECT: Summarizing Robot Experiences for Failure Explanation and Correction,Zeyi Liu; Arpit Bahety; Shuran Song,,2023,Conference on Robot Learning,https://proceedings.mlr.press/v229/liu23g/liu23g.pdf,,Открыто
Task Generalization with Stability Guarantees via Elastic Dynamical System Motion Policies,Tianyu Li; Nadia Figueroa,,2023,Conference on Robot Learning,https://proceedings.mlr.press/v229/li23b/li23b.pdf,,Открыто
Push Past Green: Learning to Look Behind Plant Foliage by Moving It,Xiaoyu Zhang; Saurabh Gupta,,2023,Conference on Robot Learning,https://proceedings.mlr.press/v229/zhang23k/zhang23k.pdf,,Открыто
XSkill: Cross Embodiment Skill Discovery,Mengda Xu; Zhenjia Xu; Cheng Chi; Manuela Veloso; Shuran Song,,2023,Conference on Robot Learning,https://proceedings.mlr.press/v229/xu23a/xu23a.pdf,,Открыто
SayTap: Language to Quadrupedal Locomotion,Yujin Tang; Wenhao Yu; Jie Tan; Heiga Zen; Aleksandra Faust; Tatsuya Harada,,2023,Conference on Robot Learning,https://proceedings.mlr.press/v229/tang23a/tang23a.pdf,,Открыто
SLAP: Spatial-Language Attention Policies,Priyam Parashar; Vidhi Jain; Xiaohan Zhang; Jay Vakil; Sam Powers; Yonatan Bisk; Chris Paxton,,2023,Conference on Robot Learning,https://proceedings.mlr.press/v229/parashar23a/parashar23a.pdf,,Открыто
Learning Human Contribution Preferences in Collaborative Human-Robot Tasks,Michelle D Zhao; Reid Simmons; Henny Admoni,,2023,Conference on Robot Learning,https://proceedings.mlr.press/v229/zhao23b/zhao23b.pdf,,Открыто
M2T2: Multi-Task Masked Transformer for Object-centric Pick and Place,Wentao Yuan; Adithyavairavan Murali; Arsalan Mousavian; Dieter Fox,,2023,Conference on Robot Learning,https://proceedings.mlr.press/v229/yuan23a/yuan23a.pdf,,Открыто
Learning to Drive Anywhere,Ruizhao Zhu; Peng Huang; Eshed Ohn-Bar; Venkatesh Saligrama,,2023,Conference on Robot Learning,https://proceedings.mlr.press/v229/zhu23c/zhu23c.pdf,,Открыто
MOTO: Offline Pre-training to Online Fine-tuning for Model-based Robot Learning,Rafael Rafailov; Kyle Beltran Hatch; Victor Kolev; John D. Martin; Mariano Phielipp; Chelsea Finn,,2023,Conference on Robot Learning,https://proceedings.mlr.press/v229/rafailov23a/rafailov23a.pdf,,Открыто
Ready; Set; Plan! Planning to Goal Sets Using Generalized Bayesian Inference,Jana Pavlasek; Stanley Robert Lewis; Balakumar Sundaralingam; Fabio Ramos; Tucker Hermans,,2023,Conference on Robot Learning,https://proceedings.mlr.press/v229/pavlasek23a/pavlasek23a.pdf,,Открыто
Online Model Adaptation with Feedforward Compensation,Abulikemu Abuduweili; Changliu Liu,,2023,Conference on Robot Learning,https://proceedings.mlr.press/v229/abuduweili23a/abuduweili23a.pdf,,Открыто
Generating Transferable Adversarial Simulation Scenarios for Self-Driving via Neural Rendering,Yasasa Abeysirigoonawardena; Kevin Xie; Chuhan Chen; Salar Hosseini Khorasgani; Ruiting Chen; Ruiqi Wang; Florian Shkurti,,2023,Conference on Robot Learning,https://proceedings.mlr.press/v229/abeysirigoonawardena23a/abeysirigoonawardena23a.pdf,,Открыто
STOW: Discrete-Frame Segmentation and Tracking of Unseen Objects for Warehouse Picking Robots,Yi Li; Muru Zhang; Markus Grotz; Kaichun Mo; Dieter Fox,,2023,Conference on Robot Learning,https://proceedings.mlr.press/v229/li23c/li23c.pdf,,Открыто
DORT: Modeling Dynamic Objects in Recurrent for Multi-Camera 3D Object Detection and Tracking,Qing LIAN; Tai Wang; Dahua Lin; Jiangmiao Pang,,2023,Conference on Robot Learning,https://proceedings.mlr.press/v229/lian23a/lian23a.pdf,,Открыто
Scaling Up and Distilling Down: Language-Guided Robot Skill Acquisition,Huy Ha; Pete Florence; Shuran Song,,2023,Conference on Robot Learning,https://proceedings.mlr.press/v229/ha23a/ha23a.pdf,,Открыто
Marginalized Importance Sampling for Off-Environment Policy Evaluation,Pulkit Katdare; Nan Jiang; Katherine Rose Driggs-Campbell,,2023,Conference on Robot Learning,https://proceedings.mlr.press/v229/katdare23a/katdare23a.pdf,,Открыто
Policy Stitching: Learning Transferable Robot Policies,Pingcheng Jian; Easop Lee; Zachary Bell; Michael M. Zavlanos; Boyuan Chen,,2023,Conference on Robot Learning,https://proceedings.mlr.press/v229/jian23a/jian23a.pdf,,Открыто
Sequential Dexterity: Chaining Dexterous Policies for Long-Horizon Manipulation,Yuanpei Chen; Chen Wang; Li Fei-Fei; Karen Liu,,2023,Conference on Robot Learning,https://proceedings.mlr.press/v229/chen23e/chen23e.pdf,,Открыто
Deception Game: Closing the Safety-Learning Loop in Interactive Robot Autonomy,Haimin Hu; Zixu Zhang; Kensuke Nakamura; Andrea Bajcsy; Jaime Fernández Fisac,,2023,Conference on Robot Learning,https://proceedings.mlr.press/v229/hu23b/hu23b.pdf,,Открыто
Improving Behavioural Cloning with Positive Unlabeled Learning,Qiang Wang; Robert McCarthy; David Cordova Bulens; Kevin McGuinness; Noel E. O’Connor; Francisco Roldan Sanchez; Nico Gürtler; Felix Widmaier; Stephen J. Redmond,,2023,Conference on Robot Learning,https://proceedings.mlr.press/v229/wang23f/wang23f.pdf,,Открыто
$α$-MDF: An Attention-based Multimodal Differentiable Filter for Robot State Estimation,Xiao Liu; Yifan Zhou; Shuhei Ikemoto; Heni Ben Amor,,2023,Conference on Robot Learning,https://proceedings.mlr.press/v229/liu23h/liu23h.pdf,,Открыто
Goal Representations for Instruction Following: A Semi-Supervised Language Interface to Control,Vivek Myers; Andre Wang He; Kuan Fang; Homer Rich Walke; Philippe Hansen-Estruch; Ching-An Cheng; Mihai Jalobeanu; Andrey Kolobov; Anca Dragan; Sergey Levine,,2023,Conference on Robot Learning,https://proceedings.mlr.press/v229/myers23a/myers23a.pdf,,Открыто
Q-Transformer: Scalable Offline Reinforcement Learning via Autoregressive Q-Functions,Yevgen Chebotar; Quan Vuong; Karol Hausman; Fei Xia; Yao Lu; Alex Irpan; Aviral Kumar; Tianhe Yu; Alexander Herzog; Karl Pertsch; Keerthana Gopalakrishnan; Julian Ibarz; Ofir Nachum; Sumedh Anand Sontakke; Grecia Salazar; Huong T. Tran; Jodilyn Peralta; Clayton Tan; Deeksha Manjunath; Jaspiar Singh; Brianna Zitkovich; Tomas Jackson; Kanishka Rao; Chelsea Finn; Sergey Levine,,2023,Conference on Robot Learning,https://proceedings.mlr.press/v229/chebotar23a/chebotar23a.pdf,,Открыто
Preference learning for guiding the tree search in continuous POMDPs,Jiyong Ahn; Sanghyeon Son; Dongryung Lee; Jisu Han; Dongwon Son; Beomjoon Kim,,2023,Conference on Robot Learning,https://proceedings.mlr.press/v229/ahn23a/ahn23a.pdf,,Открыто
Act3D: 3D Feature Field Transformers for Multi-Task Robotic Manipulation,Theophile Gervet; Zhou Xian; Nikolaos Gkanatsios; Katerina Fragkiadaki,,2023,Conference on Robot Learning,https://proceedings.mlr.press/v229/gervet23a/gervet23a.pdf,,Открыто
Simultaneous Learning of Contact and Continuous Dynamics,Bibit Bianchini; Mathew Halm; Michael Posa,,2023,Conference on Robot Learning,https://proceedings.mlr.press/v229/bianchini23a/bianchini23a.pdf,,Открыто
Vocal Sandbox: Continual Learning and Adaptation for Situated Human-Robot Collaboration,Jennifer Grannen; Siddharth Karamcheti; Suvir Mirchandani; Percy Liang; Dorsa Sadigh,,2024,Conference on Robot Learning,https://raw.githubusercontent.com/mlresearch/v270/main/assets/grannen25a/grannen25a.pdf,,Открыто
OCCAM: Online Continuous Controller Adaptation with Meta-Learned Models,Hersh Sanghvi; Spencer Folk; Camillo Jose Taylor,,2024,Conference on Robot Learning,https://raw.githubusercontent.com/mlresearch/v270/main/assets/sanghvi25a/sanghvi25a.pdf,,Открыто
Equivariant Diffusion Policy,Dian Wang; Stephen Hart; David Surovik; Tarik Kelestemur; Haojie Huang; Haibo Zhao; Mark Yeatman; Jiuguang Wang; Robin Walters; Robert Platt,,2024,Conference on Robot Learning,https://raw.githubusercontent.com/mlresearch/v270/main/assets/wang25a/wang25a.pdf,,Открыто
RT-Sketch: Goal-Conditioned Imitation Learning from Hand-Drawn Sketches,Priya Sundaresan; Quan Vuong; Jiayuan Gu; Peng Xu; Ted Xiao; Sean Kirmani; Tianhe Yu; Michael Stark; Ajinkya Jain; Karol Hausman; Dorsa Sadigh; Jeannette Bohg; Stefan Schaal,,2024,Conference on Robot Learning,https://raw.githubusercontent.com/mlresearch/v270/main/assets/sundaresan25a/sundaresan25a.pdf,,Открыто
SELFI: Autonomous Self-Improvement with RL for Vision-Based Navigation around People,Noriaki Hirose; Dhruv Shah; Kyle Stachowicz; Ajay Sridhar; Sergey Levine,,2024,Conference on Robot Learning,https://raw.githubusercontent.com/mlresearch/v270/main/assets/hirose25a/hirose25a.pdf,,Открыто
Differentiable Robot Rendering,Ruoshi Liu; Alper Canberk; Shuran Song; Carl Vondrick,,2024,Conference on Robot Learning,https://raw.githubusercontent.com/mlresearch/v270/main/assets/liu25a/liu25a.pdf,,Открыто
Surgical Robot Transformer (SRT): Imitation Learning for Surgical Tasks,Ji Woong Kim; Tony Z. Zhao; Samuel Schmidgall; Anton Deguet; Marin Kobilarov; Chelsea Finn; Axel Krieger,,2024,Conference on Robot Learning,https://raw.githubusercontent.com/mlresearch/v270/main/assets/kim25a/kim25a.pdf,,Открыто
ReMix: Optimizing Data Mixtures for Large Scale Imitation Learning,Joey Hejna; Chethan Anand Bhateja; Yichen Jiang; Karl Pertsch; Dorsa Sadigh,,2024,Conference on Robot Learning,https://raw.githubusercontent.com/mlresearch/v270/main/assets/hejna25a/hejna25a.pdf,,Открыто
Learning Robot Soccer from Egocentric Vision with Deep Reinforcement Learning,Dhruva Tirumala; Markus Wulfmeier; Ben Moran; Sandy Huang; Jan Humplik; Guy Lever; Tuomas Haarnoja; Leonard Hasenclever; Arunkumar Byravan; Nathan Batchelor; Neil sreendra; Kushal Patel; Marlon Gwira; Francesco Nori; Martin Riedmiller; Nicolas Heess,,2024,Conference on Robot Learning,https://raw.githubusercontent.com/mlresearch/v270/main/assets/tirumala25a/tirumala25a.pdf,,Открыто
Reinforcement Learning with Foundation Priors: Let Embodied Agent Efficiently Learn on Its Own,Weirui Ye; Yunsheng Zhang; Haoyang Weng; Xianfan Gu; Shengjie Wang; Tong Zhang; Mengchen Wang; Pieter Abbeel; Yang Gao,,2024,Conference on Robot Learning,https://raw.githubusercontent.com/mlresearch/v270/main/assets/ye25a/ye25a.pdf,,Открыто
RoVi-Aug: Robot and Viewpoint Augmentation for Cross-Embodiment Robot Learning,Lawrence Yunliang Chen; Chenfeng Xu; Karthik Dharmarajan; Richard Cheng; Kurt Keutzer; Masayoshi Tomizuka; Quan Vuong; Ken Goldberg,,2024,Conference on Robot Learning,https://raw.githubusercontent.com/mlresearch/v270/main/assets/chen25a/chen25a.pdf,,Открыто
Visual Whole-Body Control for Legged Loco-Manipulation,Minghuan Liu; Zixuan Chen; Xuxin Cheng; Yandong Ji; Ri-Zhao Qiu; Ruihan Yang; Xiaolong Wang,,2024,Conference on Robot Learning,https://raw.githubusercontent.com/mlresearch/v270/main/assets/liu25b/liu25b.pdf,,Открыто
Learning Quadruped Locomotion Using Differentiable Simulation,Yunlong Song; Sang bae Kim; Davide Scaramuzza,,2024,Conference on Robot Learning,https://raw.githubusercontent.com/mlresearch/v270/main/assets/song25a/song25a.pdf,,Открыто
D$^3$Fields: Dynamic 3D Descriptor Fields for Zero-Shot Generalizable Rearrangement,Yixuan Wang; Mingtong Zhang; Zhuoran Li; Tarik Kelestemur; Katherine Rose Driggs-Campbell; Jiajun Wu; Li Fei-Fei; Yunzhu Li,,2024,Conference on Robot Learning,https://raw.githubusercontent.com/mlresearch/v270/main/assets/wang25b/wang25b.pdf,,Открыто
OKAMI: Teaching Humanoid Robots Manipulation Skills through Single Video Imitation,Jinhan Li; Yifeng Zhu; Yuqi Xie; Zhenyu Jiang; Mingyo Seo; Georgios Pavlakos; Yuke Zhu,,2024,Conference on Robot Learning,https://raw.githubusercontent.com/mlresearch/v270/main/assets/li25a/li25a.pdf,,Открыто
TieBot: Learning to Knot a Tie from Visual Demonstration through a Real-to-Sim-to-Real Approach,Weikun Peng; Jun Lv; Yuwei Zeng; Haonan Chen; Siheng Zhao; Jichen Sun; Cewu Lu; Lin Shao,,2024,Conference on Robot Learning,https://raw.githubusercontent.com/mlresearch/v270/main/assets/peng25a/peng25a.pdf,,Открыто
Play to the Score: Stage-Guided Dynamic Multi-Sensory Fusion for Robotic Manipulation,Ruoxuan Feng; Di Hu; Wenke Ma; Xuelong Li,,2024,Conference on Robot Learning,https://raw.githubusercontent.com/mlresearch/v270/main/assets/feng25a/feng25a.pdf,,Открыто
Uncertainty-Aware Decision Transformer for Stochastic Driving Environments,Zenan Li; Fan Nie; Qiao Sun; Fang Da; Hang Zhao,,2024,Conference on Robot Learning,https://raw.githubusercontent.com/mlresearch/v270/main/assets/li25b/li25b.pdf,,Открыто
Gameplay Filters: Robust Zero-Shot Safety through Adversarial Imagination,Duy Phuong Nguyen; Kai-Chieh Hsu; Wenhao Yu; Jie Tan; Jaime Fernández Fisac,,2024,Conference on Robot Learning,https://raw.githubusercontent.com/mlresearch/v270/main/assets/nguyen25a/nguyen25a.pdf,,Открыто
PoliFormer: Scaling On-Policy RL with Transformers Results in Masterful Navigators,Kuo-Hao Zeng; Zichen Zhang; Kiana Ehsani; Rose Hendrix; Jordi Salvador; Alvaro Herrasti; Ross Girshick; Aniruddha Kembhavi; Luca Weihs,,2024,Conference on Robot Learning,https://raw.githubusercontent.com/mlresearch/v270/main/assets/zeng25a/zeng25a.pdf,,Открыто
Environment Curriculum Generation via Large Language Models,William Liang; Sam Wang; Hung-Ju Wang; Osbert Bastani; Dinesh Jayaraman; Yecheng Jason Ma,,2024,Conference on Robot Learning,https://raw.githubusercontent.com/mlresearch/v270/main/assets/liang25a/liang25a.pdf,,Открыто
WoCoCo: Learning Whole-Body Humanoid Control with Sequential Contacts,Chong Zhang; Wenli Xiao; Tairan He; Guanya Shi,,2024,Conference on Robot Learning,https://raw.githubusercontent.com/mlresearch/v270/main/assets/zhang25a/zhang25a.pdf,,Открыто
Bridging the Sim-to-Real Gap from the Information Bottleneck Perspective,Haoran He; Peilin Wu; Chenjia Bai; Hang Lai; Lingxiao Wang; Ling Pan; Xiaolin Hu; Weinan Zhang,,2024,Conference on Robot Learning,https://raw.githubusercontent.com/mlresearch/v270/main/assets/he25a/he25a.pdf,,Открыто
Scaling Cross-Embodied Learning: One Policy for Manipulation; Navigation; Locomotion and Aviation,Ria Doshi; Homer Rich Walke; Oier Mees; Sudeep Dasari; Sergey Levine,,2024,Conference on Robot Learning,https://raw.githubusercontent.com/mlresearch/v270/main/assets/doshi25a/doshi25a.pdf,,Открыто
Physically Embodied Gaussian Splatting: A Visually Learnt and Physically Grounded 3D Representation for Robotics,Jad Abou-Chakra; Krishan Rana; Feras Dayoub; Niko Suenderhauf,,2024,Conference on Robot Learning,https://raw.githubusercontent.com/mlresearch/v270/main/assets/abou-chakra25a/abou-chakra25a.pdf,,Открыто
Guided Reinforcement Learning for Robust Multi-Contact Loco-Manipulation,Jean Pierre Sleiman; Mayank Mittal; Marco Hutter,,2024,Conference on Robot Learning,https://raw.githubusercontent.com/mlresearch/v270/main/assets/sleiman25a/sleiman25a.pdf,,Открыто
RAM: Retrieval-Based Affordance Transfer for Generalizable Zero-Shot Robotic Manipulation,Yuxuan Kuang; Junjie Ye; Haoran Geng; Jiageng Mao; Congyue Deng; Leonidas Guibas; He Wang; Yue Wang,,2024,Conference on Robot Learning,https://raw.githubusercontent.com/mlresearch/v270/main/assets/kuang25a/kuang25a.pdf,,Открыто
FREA: Feasibility-Guided Generation of Safety-Critical Scenarios with Reasonable Adversariality,Keyu Chen; Yuheng Lei; Hao Cheng; Haoran Wu; Wenchao Sun; Sifa Zheng,,2024,Conference on Robot Learning,https://raw.githubusercontent.com/mlresearch/v270/main/assets/chen25b/chen25b.pdf,,Открыто
Robot See Robot Do: Imitating Articulated Object Manipulation with Monocular 4D Reconstruction,Justin Kerr; Chung Min Kim; Mingxuan Wu; Brent Yi; Qianqian Wang; Ken Goldberg; Angjoo Kanazawa,,2024,Conference on Robot Learning,https://raw.githubusercontent.com/mlresearch/v270/main/assets/kerr25a/kerr25a.pdf,,Открыто
One Model to Drift Them All: Physics-Informed Conditional Diffusion Model for Driving at the Limits,Franck Djeumou; Thomas Jonathan Lew; NAN DING; Michael Thompson; Makoto Suminaka; Marcus Greiff; John Subosits,,2024,Conference on Robot Learning,https://raw.githubusercontent.com/mlresearch/v270/main/assets/djeumou25a/djeumou25a.pdf,,Открыто
Gentle Manipulation of Tree Branches: A Contact-Aware Policy Learning Approach,Jay Jacob; Shizhe Cai; Paulo Vinicius Koerich Borges; Tirthankar Bandyopadhyay; Fabio Ramos,,2024,Conference on Robot Learning,https://raw.githubusercontent.com/mlresearch/v270/main/assets/jacob25a/jacob25a.pdf,,Открыто
Sparse Diffusion Policy: A Sparse; Reusable; and Flexible Policy for Robot Learning,Yixiao Wang; Yifei Zhang; Mingxiao Huo; Thomas Tian; Xiang Zhang; Yichen Xie; Chenfeng Xu; Pengliang Ji; Wei Zhan; Mingyu Ding; Masayoshi Tomizuka,,2024,Conference on Robot Learning,https://raw.githubusercontent.com/mlresearch/v270/main/assets/wang25c/wang25c.pdf,,Открыто
LeLaN: Learning A Language-Conditioned Navigation Policy from In-the-Wild Video,Noriaki Hirose; Catherine Glossop; Ajay Sridhar; Oier Mees; Sergey Levine,,2024,Conference on Robot Learning,https://raw.githubusercontent.com/mlresearch/v270/main/assets/hirose25b/hirose25b.pdf,,Открыто
Unpacking Failure Modes of Generative Policies: Runtime Monitoring of Consistency and Progress,Christopher Agia; Rohan Sinha; Jingyun Yang; Ziang Cao; Rika Antonova; Marco Pavone; Jeannette Bohg,,2024,Conference on Robot Learning,https://raw.githubusercontent.com/mlresearch/v270/main/assets/agia25a/agia25a.pdf,,Открыто
Theia: Distilling Diverse Vision Foundation Models for Robot Learning,Jinghuan Shang; Karl Schmeckpeper; Brandon B. May; Maria Vittoria Minniti; Tarik Kelestemur; David Watkins; Laura Herlant,,2024,Conference on Robot Learning,https://raw.githubusercontent.com/mlresearch/v270/main/assets/shang25a/shang25a.pdf,,Открыто
Language-guided Manipulator Motion Planning with Bounded Task Space,Thies Oelerich; Christian Hartl-Nesic; Andreas Kugi,,2024,Conference on Robot Learning,https://raw.githubusercontent.com/mlresearch/v270/main/assets/oelerich25a/oelerich25a.pdf,,Открыто
Gaitor: Learning a Unified Representation Across Gaits for Real-World Quadruped Locomotion,Alexander Luis Mitchell; Wolfgang Merkt; Aristotelis Papatheodorou; Ioannis Havoutis; Ingmar Posner,,2024,Conference on Robot Learning,https://raw.githubusercontent.com/mlresearch/v270/main/assets/mitchell25a/mitchell25a.pdf,,Открыто
Robust Manipulation Primitive Learning via Domain Contraction,Teng Xue; Amirreza Razmjoo; Suhan Shetty; Sylvain Calinon,,2024,Conference on Robot Learning,https://raw.githubusercontent.com/mlresearch/v270/main/assets/xue25a/xue25a.pdf,,Открыто
MILES: Making Imitation Learning Easy with Self-Supervision,Georgios Papagiannis; Edward Johns,,2024,Conference on Robot Learning,https://raw.githubusercontent.com/mlresearch/v270/main/assets/papagiannis25a/papagiannis25a.pdf,,Открыто
Discovering Robotic Interaction Modes with Discrete Representation Learning,Liquan Wang; Ankit Goyal; Haoping Xu; Animesh Garg,,2024,Conference on Robot Learning,https://raw.githubusercontent.com/mlresearch/v270/main/assets/wang25d/wang25d.pdf,,Открыто
Adaptive Diffusion Terrain Generator for Autonomous Uneven Terrain Navigation,Youwei Yu; Junhong Xu; Lantao Liu,,2024,Conference on Robot Learning,https://raw.githubusercontent.com/mlresearch/v270/main/assets/yu25a/yu25a.pdf,,Открыто
Sparsh: Self-supervised touch representations for vision-based tactile sensing,Carolina Higuera; Akash Sharma; Chaithanya Krishna Bodduluri; Taosha Fan; Patrick Lancaster; Mrinal Kalakrishnan; Michael Kaess; Byron Boots; Mike Lambeta; Tingfan Wu; Mustafa Mukadam,,2024,Conference on Robot Learning,https://raw.githubusercontent.com/mlresearch/v270/main/assets/higuera25a/higuera25a.pdf,,Открыто
RobotKeyframing: Learning Locomotion with High-Level Objectives via Mixture of Dense and Sparse Rewards,Fatemeh Zargarbashi; Jin Cheng; Dongho Kang; Robert Sumner; Stelian Coros,,2024,Conference on Robot Learning,https://raw.githubusercontent.com/mlresearch/v270/main/assets/zargarbashi25a/zargarbashi25a.pdf,,Открыто
HiRT: Enhancing Robotic Control with Hierarchical Robot Transformers,Jianke Zhang; Yanjiang Guo; Xiaoyu Chen; Yen-Jen Wang; Yucheng Hu; Chengming Shi; Jianyu Chen,,2024,Conference on Robot Learning,https://raw.githubusercontent.com/mlresearch/v270/main/assets/zhang25b/zhang25b.pdf,,Открыто
ManiWAV: Learning Robot Manipulation from In-the-Wild Audio-Visual Data,Zeyi Liu; Cheng Chi; Eric Cousineau; Naveen Kuppuswamy; Benjamin Burchfiel; Shuran Song,,2024,Conference on Robot Learning,https://raw.githubusercontent.com/mlresearch/v270/main/assets/liu25c/liu25c.pdf,,Открыто
Bi-Level Motion Imitation for Humanoid Robots,Wenshuai Zhao; Yi Zhao; Joni Pajarinen; Michael Muehlebach,,2024,Conference on Robot Learning,https://raw.githubusercontent.com/mlresearch/v270/main/assets/zhao25a/zhao25a.pdf,,Открыто
Learning Robotic Manipulation Policies from Point Clouds with Conditional Flow Matching,Eugenio Chisari; Nick Heppert; Max Argus; Tim Welschehold; Thomas Brox; Abhinav Valada,,2024,Conference on Robot Learning,https://raw.githubusercontent.com/mlresearch/v270/main/assets/chisari25a/chisari25a.pdf,,Открыто
Jacta: A Versatile Planner for Learning Dexterous and Whole-body Manipulation,Jan Bruedigam; Ali Adeeb Abbas; Maks Sorokin; Kuan Fang; Brandon Hung; Maya Guru; Stefan Georg Sosnowski; Jiuguang Wang; Sandra Hirche; Simon Le Cleac’h,,2024,Conference on Robot Learning,https://raw.githubusercontent.com/mlresearch/v270/main/assets/bruedigam25a/bruedigam25a.pdf,,Открыто
Learning Decentralized Multi-Biped Control for Payload Transport,Bikram Pandit; Ashutosh Gupta; Mohitvishnu S. Gadde; Addison Johnson; Aayam Kumar Shrestha; Helei Duan; Jeremy Dao; Alan Fern,,2024,Conference on Robot Learning,https://raw.githubusercontent.com/mlresearch/v270/main/assets/pandit25a/pandit25a.pdf,,Открыто
Lifelong Autonomous Improvement of Navigation Foundation Models in the Wild,Kyle Stachowicz; Lydia Ignatova; Sergey Levine,,2024,Conference on Robot Learning,https://raw.githubusercontent.com/mlresearch/v270/main/assets/stachowicz25a/stachowicz25a.pdf,,Открыто
EquiBot: SIM(3)-Equivariant Diffusion Policy for Generalizable and Data Efficient Learning,Jingyun Yang; Ziang Cao; Congyue Deng; Rika Antonova; Shuran Song; Jeannette Bohg,,2024,Conference on Robot Learning,https://raw.githubusercontent.com/mlresearch/v270/main/assets/yang25a/yang25a.pdf,,Открыто
Gaussian Splatting to Real World Flight Navigation Transfer with Liquid Networks,Alex Quach; Makram Chahine; Alexander Amini; Ramin Hasani; Daniela Rus,,2024,Conference on Robot Learning,https://raw.githubusercontent.com/mlresearch/v270/main/assets/quach25a/quach25a.pdf,,Открыто
Learning H-Infinity Locomotion Control,Junfeng Long; Wenye Yu; Quanyi Li; ZiRui Wang; Dahua Lin; Jiangmiao Pang,,2024,Conference on Robot Learning,https://raw.githubusercontent.com/mlresearch/v270/main/assets/long25a/long25a.pdf,,Открыто
Real-to-Sim Grasp: Rethinking the Gap between Simulation and Real World in Grasp Detection,Jia-Feng Cai; Zibo Chen; Xiao-Ming Wu; Jian-Jian Jiang; Yi-Lin Wei; Wei-Shi Zheng,,2024,Conference on Robot Learning,https://raw.githubusercontent.com/mlresearch/v270/main/assets/cai25a/cai25a.pdf,,Открыто
A Dual Approach to Imitation Learning from Observations with Offline Datasets,Harshit Sikchi; Caleb Chuck; Amy Zhang; Scott Niekum,,2024,Conference on Robot Learning,https://raw.githubusercontent.com/mlresearch/v270/main/assets/sikchi25a/sikchi25a.pdf,,Открыто
EXTRACT: Efficient Policy Learning by Extracting Transferable Robot Skills from Offline Data,Jesse Zhang; Minho Heo; Zuxin Liu; Erdem Biyik; Joseph J Lim; Yao Liu; Rasool Fakoor,,2024,Conference on Robot Learning,https://raw.githubusercontent.com/mlresearch/v270/main/assets/zhang25c/zhang25c.pdf,,Открыто
View-Invariant Policy Learning via Zero-Shot Novel View Synthesis,Stephen Tian; Blake Wulfe; Kyle Sargent; Katherine Liu; Sergey Zakharov; Vitor Campagnolo Guizilini; Jiajun Wu,,2024,Conference on Robot Learning,https://raw.githubusercontent.com/mlresearch/v270/main/assets/tian25a/tian25a.pdf,,Открыто
PianoMime: Learning a Generalist; Dexterous Piano Player from Internet Demonstrations,Cheng Qian; Julen Urain; Kevin Zakka; Jan Peters,,2024,Conference on Robot Learning,https://raw.githubusercontent.com/mlresearch/v270/main/assets/qian25a/qian25a.pdf,,Открыто
Exploring Under Constraints with Model-Based Actor-Critic and Safety Filters,Ahmed Agha; Baris Kayalibay; Atanas Mirchev; Patrick van der Smagt; Justin Bayer,,2024,Conference on Robot Learning,https://raw.githubusercontent.com/mlresearch/v270/main/assets/agha25a/agha25a.pdf,,Открыто
Generalizing End-To-End Autonomous Driving In Real-World Environments Using Zero-Shot LLMs,Zeyu Dong; Yimin Zhu; Yansong Li; Kevin Mahon; Yu Sun,,2024,Conference on Robot Learning,https://raw.githubusercontent.com/mlresearch/v270/main/assets/dong25a/dong25a.pdf,,Открыто
Text2Interaction: Establishing Safe and Preferable Human-Robot Interaction,Jakob Thumm; Christopher Agia; Marco Pavone; Matthias Althoff,,2024,Conference on Robot Learning,https://raw.githubusercontent.com/mlresearch/v270/main/assets/thumm25a/thumm25a.pdf,,Открыто
Non-rigid Relative Placement through 3D Dense Diffusion,Eric Cai; Octavian Donca; Ben Eisner; David Held,,2024,Conference on Robot Learning,https://raw.githubusercontent.com/mlresearch/v270/main/assets/cai25b/cai25b.pdf,,Открыто
DeliGrasp: Inferring Object Properties with LLMs for Adaptive Grasp Policies,William Xie; Maria Valentini; Jensen Lavering; Nikolaus Correll,,2024,Conference on Robot Learning,https://raw.githubusercontent.com/mlresearch/v270/main/assets/xie25a/xie25a.pdf,,Открыто
NOD-TAMP: Generalizable Long-Horizon Planning with Neural Object Descriptors,Shuo Cheng; Caelan Reed Garrett; Ajay Mandlekar; Danfei Xu,,2024,Conference on Robot Learning,https://raw.githubusercontent.com/mlresearch/v270/main/assets/cheng25a/cheng25a.pdf,,Открыто
Toward General Object-level Mapping from Sparse Views with 3D Diffusion Priors,Ziwei Liao; Binbin Xu; Steven L. Waslander,,2024,Conference on Robot Learning,https://raw.githubusercontent.com/mlresearch/v270/main/assets/liao25a/liao25a.pdf,,Открыто
Trust the PRoC3S: Solving Long-Horizon Robotics Problems with LLMs and Constraint Satisfaction,Aidan Curtis; Nishanth Kumar; Jing Cao; Tomás Lozano-Pérez; Leslie Pack Kaelbling,,2024,Conference on Robot Learning,https://raw.githubusercontent.com/mlresearch/v270/main/assets/curtis25a/curtis25a.pdf,,Открыто
Control with Patterns: A D-learning Method,Quan Quan; Kai-Yuan Cai; Chenyu Wang,,2024,Conference on Robot Learning,https://raw.githubusercontent.com/mlresearch/v270/main/assets/quan25a/quan25a.pdf,,Открыто
Policy Adaptation via Language Optimization: Decomposing Tasks for Few-Shot Imitation,Vivek Myers; Chunyuan Zheng; Oier Mees; Kuan Fang; Sergey Levine,,2024,Conference on Robot Learning,https://raw.githubusercontent.com/mlresearch/v270/main/assets/myers25a/myers25a.pdf,,Открыто
Modeling the Real World with High-Density Visual Particle Dynamics,William F Whitney; Jake Varley; Deepali Jain; Krzysztof Marcin Choromanski; Sumeet Singh; Vikas Sindhwani,,2024,Conference on Robot Learning,https://raw.githubusercontent.com/mlresearch/v270/main/assets/whitney25a/whitney25a.pdf,,Открыто
GraspSplats: Efficient Manipulation with 3D Feature Splatting,Mazeyu Ji; Ri-Zhao Qiu; Xueyan Zou; Xiaolong Wang,,2024,Conference on Robot Learning,https://raw.githubusercontent.com/mlresearch/v270/main/assets/ji25a/ji25a.pdf,,Открыто
Generative Factor Chaining: Coordinated Manipulation with Diffusion-based Factor Graph,Utkarsh Aashu Mishra; Yongxin Chen; Danfei Xu,,2024,Conference on Robot Learning,https://raw.githubusercontent.com/mlresearch/v270/main/assets/mishra25a/mishra25a.pdf,,Открыто
SoftManiSim: A Fast Simulation Framework for Multi-Segment Continuum Manipulators Tailored for Robot Learning,Mohammadreza Kasaei; Hamidreza Kasaei; Mohsen Khadem,,2024,Conference on Robot Learning,https://raw.githubusercontent.com/mlresearch/v270/main/assets/kasaei25a/kasaei25a.pdf,,Открыто
Learning Visuotactile Estimation and Control for Non-prehensile Manipulation under Occlusions,Juan Del Aguila Ferrandis; Joao Moura; Sethu Vijayakumar,,2024,Conference on Robot Learning,https://raw.githubusercontent.com/mlresearch/v270/main/assets/ferrandis25a/ferrandis25a.pdf,,Открыто
OmniH2O: Universal and Dexterous Human-to-Humanoid Whole-Body Teleoperation and Learning,Tairan He; Zhengyi Luo; Xialin He; Wenli Xiao; Chong Zhang; Weinan Zhang; Kris M. Kitani; Changliu Liu; Guanya Shi,,2024,Conference on Robot Learning,https://raw.githubusercontent.com/mlresearch/v270/main/assets/he25b/he25b.pdf,,Открыто
General Flow as Foundation Affordance for Scalable Robot Learning,Chengbo Yuan; Chuan Wen; Tong Zhang; Yang Gao,,2024,Conference on Robot Learning,https://raw.githubusercontent.com/mlresearch/v270/main/assets/yuan25a/yuan25a.pdf,,Открыто
DiffuseLoco: Real-Time Legged Locomotion Control with Diffusion from Offline Datasets,Xiaoyu Huang; Yufeng Chi; Ruofeng Wang; Zhongyu Li; Xue Bin Peng; Sophia Shao; Borivoje Nikolic; Koushil Sreenath,,2024,Conference on Robot Learning,https://raw.githubusercontent.com/mlresearch/v270/main/assets/huang25a/huang25a.pdf,,Открыто
APRICOT: Active Preference Learning and Constraint-Aware Task Planning with LLMs,Huaxiaoyue Wang; Nathaniel Chin; Gonzalo Gonzalez-Pumariega; Xiangwan Sun; Neha Sunkara; Maximus Adrian Pace; Jeannette Bohg; Sanjiban Choudhury,,2024,Conference on Robot Learning,https://raw.githubusercontent.com/mlresearch/v270/main/assets/wang25e/wang25e.pdf,,Открыто
HYPERmotion: Learning Hybrid Behavior Planning for Autonomous Loco-manipulation,Jin Wang; Rui Dai; Weijie Wang; Luca Rossini; Francesco Ruscelli; Nikos Tsagarakis,,2024,Conference on Robot Learning,https://raw.githubusercontent.com/mlresearch/v270/main/assets/wang25f/wang25f.pdf,,Открыто
A3VLM: Actionable Articulation-Aware Vision Language Model,Siyuan Huang; Haonan Chang; Yuhan Liu; Yimeng Zhu; Hao Dong; Abdeslam Boularias; Peng Gao; Hongsheng Li,,2024,Conference on Robot Learning,https://raw.githubusercontent.com/mlresearch/v270/main/assets/huang25b/huang25b.pdf,,Открыто
TRANSIC: Sim-to-Real Policy Transfer by Learning from Online Correction,Yunfan Jiang; Chen Wang; Ruohan Zhang; Jiajun Wu; Li Fei-Fei,,2024,Conference on Robot Learning,https://raw.githubusercontent.com/mlresearch/v270/main/assets/jiang25a/jiang25a.pdf,,Открыто
InterACT: Inter-dependency Aware Action Chunking with Hierarchical Attention Transformers for Bimanual Manipulation,Andrew Choong-Won Lee; Ian Chuang; Ling-Yuan Chen; Iman Soltani,,2024,Conference on Robot Learning,https://raw.githubusercontent.com/mlresearch/v270/main/assets/lee25a/lee25a.pdf,,Открыто
Goal-Reaching Policy Learning from Non-Expert Observations via Effective Subgoal Guidance,RenMing Huang; Shaochong Liu; Yunqiang Pei; Peng Wang; Guoqing Wang; Yang Yang; Heng Tao Shen,,2024,Conference on Robot Learning,https://raw.githubusercontent.com/mlresearch/v270/main/assets/huang25c/huang25c.pdf,,Открыто
Q-SLAM: Quadric Representations for Monocular SLAM,Chensheng Peng; Chenfeng Xu; Yue Wang; Mingyu Ding; Heng Yang; Masayoshi Tomizuka; Kurt Keutzer; Marco Pavone; Wei Zhan,,2024,Conference on Robot Learning,https://raw.githubusercontent.com/mlresearch/v270/main/assets/peng25b/peng25b.pdf,,Открыто
ClutterGen: A Cluttered Scene Generator for Robot Learning,Yinsen Jia; Boyuan Chen,,2024,Conference on Robot Learning,https://raw.githubusercontent.com/mlresearch/v270/main/assets/jia25a/jia25a.pdf,,Открыто
Verification of Neural Control Barrier Functions with Symbolic Derivative Bounds Propagation,Hanjiang Hu; Yujie Yang; Tianhao Wei; Changliu Liu,,2024,Conference on Robot Learning,https://raw.githubusercontent.com/mlresearch/v270/main/assets/hu25a/hu25a.pdf,,Открыто
Learning to Manipulate Anywhere: A Visual Generalizable Framework For Reinforcement Learning,Zhecheng Yuan; Tianming Wei; Shuiqi Cheng; Gu Zhang; Yuanpei Chen; Huazhe Xu,,2024,Conference on Robot Learning,https://raw.githubusercontent.com/mlresearch/v270/main/assets/yuan25b/yuan25b.pdf,,Открыто
Region-aware Grasp Framework with Normalized Grasp Space for Efficient 6-DoF Grasping,Siang Chen; Pengwei Xie; Wei Tang; Dingchang Hu; Yixiang Dai; Guijin Wang,,2024,Conference on Robot Learning,https://raw.githubusercontent.com/mlresearch/v270/main/assets/chen25c/chen25c.pdf,,Открыто
Dynamic 3D Gaussian Tracking for Graph-Based Neural Dynamics Modeling,Mingtong Zhang; Kaifeng Zhang; Yunzhu Li,,2024,Conference on Robot Learning,https://raw.githubusercontent.com/mlresearch/v270/main/assets/zhang25d/zhang25d.pdf,,Открыто
I Can Tell What I am Doing: Toward Real-World Natural Language Grounding of Robot Experiences,Zihan Wang; Brian Liang; Varad Dhat; Zander Brumbaugh; Nick Walker; Ranjay Krishna; Maya Cakmak,,2024,Conference on Robot Learning,https://raw.githubusercontent.com/mlresearch/v270/main/assets/wang25g/wang25g.pdf,,Открыто
Task-Oriented Hierarchical Object Decomposition for Visuomotor Control,Jianing Qian; Yunshuang Li; Bernadette Bucher; Dinesh Jayaraman,,2024,Conference on Robot Learning,https://raw.githubusercontent.com/mlresearch/v270/main/assets/qian25b/qian25b.pdf,,Открыто
ALOHA Unleashed: A Simple Recipe for Robot Dexterity,Tony Z. Zhao; Jonathan Tompson; Danny Driess; Pete Florence; Seyed Kamyar Seyed Ghasemipour; Chelsea Finn; Ayzaan Wahid,,2024,Conference on Robot Learning,https://raw.githubusercontent.com/mlresearch/v270/main/assets/zhao25b/zhao25b.pdf,,Открыто
Avoid Everything: Model-Free Collision Avoidance with Expert-Guided Fine-Tuning,Adam Fishman; Aaron Walsman; Mohak Bhardwaj; Wentao Yuan; Balakumar Sundaralingam; Byron Boots; Dieter Fox,,2024,Conference on Robot Learning,https://raw.githubusercontent.com/mlresearch/v270/main/assets/fishman25a/fishman25a.pdf,,Открыто
3D Diffuser Actor: Policy Diffusion with 3D Scene Representations,Tsung-Wei Ke; Nikolaos Gkanatsios; Katerina Fragkiadaki,,2024,Conference on Robot Learning,https://raw.githubusercontent.com/mlresearch/v270/main/assets/ke25a/ke25a.pdf,,Открыто
Humanoid Parkour Learning,Ziwen Zhuang; Shenzhe Yao; Hang Zhao,,2024,Conference on Robot Learning,https://raw.githubusercontent.com/mlresearch/v270/main/assets/zhuang25a/zhuang25a.pdf,,Открыто
Learning Compositional Behaviors from Demonstration and Language,Weiyu Liu; Neil Nie; Ruohan Zhang; Jiayuan Mao; Jiajun Wu,,2024,Conference on Robot Learning,https://raw.githubusercontent.com/mlresearch/v270/main/assets/liu25d/liu25d.pdf,,Открыто
VIRL: Self-Supervised Visual Graph Inverse Reinforcement Learning,Lei Huang; Weijia Cai; Zihan Zhu; Chen Feng; Helge Rhodin; Zhengbo Zou,,2024,Conference on Robot Learning,https://raw.githubusercontent.com/mlresearch/v270/main/assets/huang25d/huang25d.pdf,,Открыто
InstructNav: Zero-shot System for Generic Instruction Navigation in Unexplored Environment,Yuxing Long; Wenzhe Cai; Hongcheng Wang; Guanqi Zhan; Hao Dong,,2024,Conference on Robot Learning,https://raw.githubusercontent.com/mlresearch/v270/main/assets/long25b/long25b.pdf,,Открыто
Learning to Walk from Three Minutes of Real-World Data with Semi-structured Dynamics Models,Jacob Levy; Tyler Westenbroek; David Fridovich-Keil,,2024,Conference on Robot Learning,https://raw.githubusercontent.com/mlresearch/v270/main/assets/levy25a/levy25a.pdf,,Открыто
Shelf-Supervised Cross-Modal Pre-Training for 3D Object Detection,Mehar Khurana; Neehar Peri; James Hays; Deva Ramanan,,2024,Conference on Robot Learning,https://raw.githubusercontent.com/mlresearch/v270/main/assets/khurana25a/khurana25a.pdf,,Открыто
Large Scale Mapping of Indoor Magnetic Field by Local and Sparse Gaussian Processes,Iad ABDUL-RAOUF; Vincent Gay-Bellile; Cyril JOLY; Steve Bourgeois; Alexis Paljic,,2024,Conference on Robot Learning,https://raw.githubusercontent.com/mlresearch/v270/main/assets/abdul-raouf25a/abdul-raouf25a.pdf,,Открыто
Tag Map: A Text-Based Map for Spatial Reasoning and Navigation with Large Language Models,Mike Zhang; Kaixian Qu; Vaishakh Patil; Cesar Cadena; Marco Hutter,,2024,Conference on Robot Learning,https://raw.githubusercontent.com/mlresearch/v270/main/assets/zhang25e/zhang25e.pdf,,Открыто
Solving Offline Reinforcement Learning with Decision Tree Regression,Prajwal Koirala; Cody Fleming,,2024,Conference on Robot Learning,https://raw.githubusercontent.com/mlresearch/v270/main/assets/koirala25a/koirala25a.pdf,,Открыто
RiEMann: Near Real-Time SE(3)-Equivariant Robot Manipulation without Point Cloud Segmentation,Chongkai Gao; Zhengrong Xue; Shuying Deng; Tianhai Liang; Siqi Yang; Lin Shao; Huazhe Xu,,2024,Conference on Robot Learning,https://raw.githubusercontent.com/mlresearch/v270/main/assets/gao25a/gao25a.pdf,,Открыто
TLDR: Unsupervised Goal-Conditioned RL via Temporal Distance-Aware Representations,Junik Bae; Kwanyoung Park; Youngwoon Lee,,2024,Conference on Robot Learning,https://raw.githubusercontent.com/mlresearch/v270/main/assets/bae25a/bae25a.pdf,,Открыто
Contrast Sets for Evaluating Language-Guided Robot Policies,Abrar Anwar; Rohan Gupta; Jesse Thomason,,2024,Conference on Robot Learning,https://raw.githubusercontent.com/mlresearch/v270/main/assets/anwar25a/anwar25a.pdf,,Открыто
MOSAIC: Modular Foundation Models for Assistive and Interactive Cooking,Huaxiaoyue Wang; Kushal Kedia; Juntao Ren; Rahma Abdullah; Atiksh Bhardwaj; Angela Chao; Kelly Y Chen; Nathaniel Chin; Prithwish Dan; Xinyi Fan; Gonzalo Gonzalez-Pumariega; Aditya Kompella; Maximus Adrian Pace; Yash Sharma; Xiangwan Sun; Neha Sunkara; Sanjiban Choudhury,,2024,Conference on Robot Learning,https://raw.githubusercontent.com/mlresearch/v270/main/assets/wang25h/wang25h.pdf,,Открыто
Meta-Control: Automatic Model-based Control Synthesis for Heterogeneous Robot Skills,Tianhao Wei; Liqian Ma; Rui Chen; Weiye Zhao; Changliu Liu,,2024,Conference on Robot Learning,https://raw.githubusercontent.com/mlresearch/v270/main/assets/wei25a/wei25a.pdf,,Открыто
SPIRE: Synergistic Planning; Imitation; and Reinforcement Learning for Long-Horizon Manipulation,Zihan Zhou; Animesh Garg; Dieter Fox; Caelan Reed Garrett; Ajay Mandlekar,,2024,Conference on Robot Learning,https://raw.githubusercontent.com/mlresearch/v270/main/assets/zhou25a/zhou25a.pdf,,Открыто
OPEN TEACH: A Versatile Teleoperation System for Robotic Manipulation,Aadhithya Iyer; Zhuoran Peng; Yinlong Dai; Irmak Guzey; Siddhant Haldar; Soumith Chintala; Lerrel Pinto,,2024,Conference on Robot Learning,https://raw.githubusercontent.com/mlresearch/v270/main/assets/iyer25a/iyer25a.pdf,,Открыто
Pre-emptive Action Revision by Environmental Feedback for Embodied Instruction Following Agents,Jinyeon Kim; Cheolhong Min; Byeonghwi Kim; Jonghyun Choi,,2024,Conference on Robot Learning,https://raw.githubusercontent.com/mlresearch/v270/main/assets/kim25b/kim25b.pdf,,Открыто
Generative Image as Action Models,Mohit Shridhar; Yat Long Lo; Stephen James,,2024,Conference on Robot Learning,https://raw.githubusercontent.com/mlresearch/v270/main/assets/shridhar25a/shridhar25a.pdf,,Открыто
OrbitGrasp: SE(3)-Equivariant Grasp Learning,Boce Hu; Xupeng Zhu; Dian Wang; Zihao Dong; Haojie Huang; Chenghao Wang; Robin Walters; Robert Platt,,2024,Conference on Robot Learning,https://raw.githubusercontent.com/mlresearch/v270/main/assets/hu25b/hu25b.pdf,,Открыто
Flow as the Cross-domain Manipulation Interface,Mengda Xu; Zhenjia Xu; Yinghao Xu; Cheng Chi; Gordon Wetzstein; Manuela Veloso; Shuran Song,,2024,Conference on Robot Learning,https://raw.githubusercontent.com/mlresearch/v270/main/assets/xu25a/xu25a.pdf,,Открыто
Learning Visual Parkour from Generated Images,Alan Yu; Ge Yang; Ran Choi; Yajvan Ravan; John Leonard; Phillip Isola,,2024,Conference on Robot Learning,https://raw.githubusercontent.com/mlresearch/v270/main/assets/yu25b/yu25b.pdf,,Открыто
Perceive With Confidence: Statistical Safety Assurances for Navigation with Learning-Based Perception,Anushri Dixit; Zhiting Mei; Meghan Booker; Mariko Storey-Matsutani; Allen Z. Ren; Anirudha Majumdar,,2024,Conference on Robot Learning,https://raw.githubusercontent.com/mlresearch/v270/main/assets/dixit25a/dixit25a.pdf,,Открыто
Bootstrapping Reinforcement Learning with Imitation for Vision-Based Agile Flight,Jiaxu Xing; Angel Romero; Leonard Bauersfeld; Davide Scaramuzza,,2024,Conference on Robot Learning,https://raw.githubusercontent.com/mlresearch/v270/main/assets/xing25a/xing25a.pdf,,Открыто
3D-ViTac: Learning Fine-Grained Manipulation with Visuo-Tactile Sensing,Binghao Huang; Yixuan Wang; Xinyi Yang; Yiyue Luo; Yunzhu Li,,2024,Conference on Robot Learning,https://raw.githubusercontent.com/mlresearch/v270/main/assets/huang25e/huang25e.pdf,,Открыто
Rate-Informed Discovery via Bayesian Adaptive Multifidelity Sampling,Aman Sinha; Payam Nikdel; Supratik Paul; Shimon Whiteson,,2024,Conference on Robot Learning,https://raw.githubusercontent.com/mlresearch/v270/main/assets/sinha25a/sinha25a.pdf,,Открыто
Dreaming to Assist: Learning to Align with Human Objectives for Shared Control in High-Speed Racing,Jonathan DeCastro; Andrew Silva; Deepak Gopinath; Emily Sumner; Thomas Matrai Balch; Laporsha Dees; Guy Rosman,,2024,Conference on Robot Learning,https://raw.githubusercontent.com/mlresearch/v270/main/assets/decastro25a/decastro25a.pdf,,Открыто
Conformal Prediction for Semantically-Aware Autonomous Perception in Urban Environments,Achref Doula; Tobias Güdelhöfer; Max Mühlhäuser; Alejandro Sanchez Guinea,,2024,Conference on Robot Learning,https://raw.githubusercontent.com/mlresearch/v270/main/assets/doula25a/doula25a.pdf,,Открыто
Bridging the gap between Learning-to-plan; Motion Primitives and Safe Reinforcement Learning,Piotr Kicki; Davide Tateo; Puze Liu; Jonas Günster; Jan Peters; Krzysztof Walas,,2024,Conference on Robot Learning,https://raw.githubusercontent.com/mlresearch/v270/main/assets/kicki25a/kicki25a.pdf,,Открыто
OpenVLA: An Open-Source Vision-Language-Action Model,Moo Jin Kim; Karl Pertsch; Siddharth Karamcheti; Ted Xiao; Ashwin Balakrishna; Suraj Nair; Rafael Rafailov; Ethan P Foster; Pannag R Sanketi; Quan Vuong; Thomas Kollar; Benjamin Burchfiel; Russ Tedrake; Dorsa Sadigh; Sergey Levine; Percy Liang; Chelsea Finn,,2024,Conference on Robot Learning,https://raw.githubusercontent.com/mlresearch/v270/main/assets/kim25c/kim25c.pdf,,Открыто
Scaling Manipulation Learning with Visual Kinematic Chain Prediction,Xinyu Zhang; Yuhan Liu; Haonan Chang; Abdeslam Boularias,,2024,Conference on Robot Learning,https://raw.githubusercontent.com/mlresearch/v270/main/assets/zhang25f/zhang25f.pdf,,Открыто
Open-TeleVision: Teleoperation with Immersive Active Visual Feedback,Xuxin Cheng; Jialong Li; Shiqi Yang; Ge Yang; Xiaolong Wang,,2024,Conference on Robot Learning,https://raw.githubusercontent.com/mlresearch/v270/main/assets/cheng25b/cheng25b.pdf,,Открыто
SkillMimicGen: Automated Demonstration Generation for Efficient Skill Learning and Deployment,Caelan Reed Garrett; Ajay Mandlekar; Bowen Wen; Dieter Fox,,2024,Conference on Robot Learning,https://raw.githubusercontent.com/mlresearch/v270/main/assets/garrett25a/garrett25a.pdf,,Открыто
So You Think You Can Scale Up Autonomous Robot Data Collection?,Suvir Mirchandani; Suneel Belkhale; Joey Hejna; Evelyn Choi; Md Sazzad Islam; Dorsa Sadigh,,2024,Conference on Robot Learning,https://raw.githubusercontent.com/mlresearch/v270/main/assets/mirchandani25a/mirchandani25a.pdf,,Открыто
Multi-Transmotion: Pre-trained Model for Human Motion Prediction,Yang Gao; Po-Chien Luan; Alexandre Alahi,,2024,Conference on Robot Learning,https://raw.githubusercontent.com/mlresearch/v270/main/assets/gao25b/gao25b.pdf,,Открыто
HumanPlus: Humanoid Shadowing and Imitation from Humans,Zipeng Fu; Qingqing Zhao; Qi Wu; Gordon Wetzstein; Chelsea Finn,,2024,Conference on Robot Learning,https://raw.githubusercontent.com/mlresearch/v270/main/assets/fu25a/fu25a.pdf,,Открыто
Cloth-Splatting: 3D Cloth State Estimation from RGB Supervision,Alberta Longhini; Marcel Büsching; Bardienus Pieter Duisterhof; Jens Lundell; Jeffrey Ichnowski; Mårten Björkman; Danica Kragic,,2024,Conference on Robot Learning,https://raw.githubusercontent.com/mlresearch/v270/main/assets/longhini25a/longhini25a.pdf,,Открыто
Continuous Control with Coarse-to-fine Reinforcement Learning,Younggyo Seo; Jafar Uruç; Stephen James,,2024,Conference on Robot Learning,https://raw.githubusercontent.com/mlresearch/v270/main/assets/seo25a/seo25a.pdf,,Открыто
Let Occ Flow: Self-Supervised 3D Occupancy Flow Prediction,Yili Liu; Linzhan Mou; Xuan Yu; Chenrui Han; Sitong Mao; Rong Xiong; Yue Wang,,2024,Conference on Robot Learning,https://raw.githubusercontent.com/mlresearch/v270/main/assets/liu25e/liu25e.pdf,,Открыто
Learning to Open and Traverse Doors with a Legged Manipulator,Mike Zhang; Yuntao Ma; Takahiro Miki; Marco Hutter,,2024,Conference on Robot Learning,https://raw.githubusercontent.com/mlresearch/v270/main/assets/zhang25g/zhang25g.pdf,,Открыто
Legolas: Deep Leg-Inertial Odometry,Justin Wasserman; Ananye Agarwal; Rishabh Jangir; Girish Chowdhary; Deepak Pathak; Abhinav Gupta,,2024,Conference on Robot Learning,https://raw.githubusercontent.com/mlresearch/v270/main/assets/wasserman25a/wasserman25a.pdf,,Открыто
Implicit Grasp Diffusion: Bridging the Gap between Dense Prediction and Sampling-based Grasping,Pinhao Song; Pengteng Li; Renaud Detry,,2024,Conference on Robot Learning,https://raw.githubusercontent.com/mlresearch/v270/main/assets/song25b/song25b.pdf,,Открыто
DexCatch: Learning to Catch Arbitrary Objects with Dexterous Hands,Fengbo Lan; Shengjie Wang; Yunzhe Zhang; Haotian Xu; Oluwatosin OluwaPelumi Oseni; Ziye Zhang; Yang Gao; Tao Zhang,,2024,Conference on Robot Learning,https://raw.githubusercontent.com/mlresearch/v270/main/assets/lan25a/lan25a.pdf,,Открыто
Sim-to-Real Transfer via 3D Feature Fields for Vision-and-Language Navigation,Zihan Wang; Xiangyang Li; Jiahao Yang; Yeqi Liu; Shuqiang Jiang,,2024,Conference on Robot Learning,https://raw.githubusercontent.com/mlresearch/v270/main/assets/wang25i/wang25i.pdf,,Открыто
Differentiable Discrete Elastic Rods for Real-Time Modeling of Deformable Linear Objects,Yizhou Chen; Yiting Zhang; Zachary Brei; Tiancheng Zhang; Yuzhen Chen; Julie Wu; Ram Vasudevan,,2024,Conference on Robot Learning,https://raw.githubusercontent.com/mlresearch/v270/main/assets/chen25d/chen25d.pdf,,Открыто
Harmon: Whole-Body Motion Generation of Humanoid Robots from Language Descriptions,Zhenyu Jiang; Yuqi Xie; Jinhan Li; Ye Yuan; Yifeng Zhu; Yuke Zhu,,2024,Conference on Robot Learning,https://raw.githubusercontent.com/mlresearch/v270/main/assets/jiang25b/jiang25b.pdf,,Открыто
RoboEXP: Action-Conditioned Scene Graph via Interactive Exploration for Robotic Manipulation,Hanxiao Jiang; Binghao Huang; Ruihai Wu; Zhuoran Li; Shubham Garg; Hooshang Nayyeri; Shenlong Wang; Yunzhu Li,,2024,Conference on Robot Learning,https://raw.githubusercontent.com/mlresearch/v270/main/assets/jiang25c/jiang25c.pdf,,Открыто
FetchBench: A Simulation Benchmark for Robot Fetching,Beining Han; Meenal Parakh; Derek Geng; Jack A Defay; Gan Luyang; Jia Deng,,2024,Conference on Robot Learning,https://raw.githubusercontent.com/mlresearch/v270/main/assets/han25a/han25a.pdf,,Открыто
Structured Bayesian Meta-Learning for Data-Efficient Visual-Tactile Model Estimation,Shaoxiong Yao; Yifan Zhu; Kris Hauser,,2024,Conference on Robot Learning,https://raw.githubusercontent.com/mlresearch/v270/main/assets/yao25a/yao25a.pdf,,Открыто
An Open-Source Soft Robotic Platform for Autonomous Aerial Manipulation in the Wild,Erik Bauer; Marc Blöchlinger; Pascal Strauch; Arman Raayatsanati; Cavelti Curdin; Robert K. Katzschmann,,2024,Conference on Robot Learning,https://raw.githubusercontent.com/mlresearch/v270/main/assets/bauer25a/bauer25a.pdf,,Открыто
JA-TN: Pick-and-Place Towel Shaping from Crumpled States based on TransporterNet with Joint-Probability Action Inference,Halid Abdulrahim Kadi; Kasim Terzić,,2024,Conference on Robot Learning,https://raw.githubusercontent.com/mlresearch/v270/main/assets/kadi25a/kadi25a.pdf,,Открыто
Lessons from Learning to Spin “Pens”,Jun Wang; Ying Yuan; Haichuan Che; Haozhi Qi; Yi Ma; Jitendra Malik; Xiaolong Wang,,2024,Conference on Robot Learning,https://raw.githubusercontent.com/mlresearch/v270/main/assets/wang25j/wang25j.pdf,,Открыто
Autonomous Interactive Correction MLLM for Robust Robotic Manipulation,Chuyan Xiong; Chengyu Shen; Xiaoqi Li; Kaichen Zhou; Jiaming Liu; Ruiping Wang; Hao Dong,,2024,Conference on Robot Learning,https://raw.githubusercontent.com/mlresearch/v270/main/assets/xiong25a/xiong25a.pdf,,Открыто
Robotic Control via Embodied Chain-of-Thought Reasoning,Michał Zawalski; William Chen; Karl Pertsch; Oier Mees; Chelsea Finn; Sergey Levine,,2024,Conference on Robot Learning,https://raw.githubusercontent.com/mlresearch/v270/main/assets/zawalski25a/zawalski25a.pdf,,Открыто
DextrAH-G: Pixels-to-Action Dexterous Arm-Hand Grasping with Geometric Fabrics,Tyler Ga Wei Lum; Martin Matak; Viktor Makoviychuk; Ankur Handa; Arthur Allshire; Tucker Hermans; Nathan D. Ratliff; Karl Van Wyk,,2024,Conference on Robot Learning,https://raw.githubusercontent.com/mlresearch/v270/main/assets/lum25a/lum25a.pdf,,Открыто
SLR: Learning Quadruped Locomotion without Privileged Information,Shiyi Chen; Zeyu Wan; Shiyang Yan; Chun Zhang; Weiyi Zhang; Qiang Li; Debing Zhang; Fasih Ud Din Farrukh,,2024,Conference on Robot Learning,https://raw.githubusercontent.com/mlresearch/v270/main/assets/chen25e/chen25e.pdf,,Открыто
Learning Granular Media Avalanche Behavior for Indirectly Manipulating Obstacles on a Granular Slope,Haodi Hu; Feifei Qian; Daniel Seita,,2024,Conference on Robot Learning,https://raw.githubusercontent.com/mlresearch/v270/main/assets/hu25c/hu25c.pdf,,Открыто
Task Success Prediction for Open-Vocabulary Manipulation Based on Multi-Level Aligned Representations,Miyu Goko; Motonari Kambara; Daichi Saito; Seitaro Otsuki; Komei Sugiura,,2024,Conference on Robot Learning,https://raw.githubusercontent.com/mlresearch/v270/main/assets/goko25a/goko25a.pdf,,Открыто
Leveraging Locality to Boost Sample Efficiency in Robotic Manipulation,Tong Zhang; Yingdong Hu; Jiacheng You; Yang Gao,,2024,Conference on Robot Learning,https://raw.githubusercontent.com/mlresearch/v270/main/assets/zhang25h/zhang25h.pdf,,Открыто
Progressive Multi-Modal Fusion for Robust 3D Object Detection,Rohit Mohan; Daniele Cattaneo; Florian Drews; Abhinav Valada,,2024,Conference on Robot Learning,https://raw.githubusercontent.com/mlresearch/v270/main/assets/mohan25a/mohan25a.pdf,,Открыто
Towards Open-World Grasping with Large Vision-Language Models,Georgios Tziafas; Hamidreza Kasaei,,2024,Conference on Robot Learning,https://raw.githubusercontent.com/mlresearch/v270/main/assets/tziafas25a/tziafas25a.pdf,,Открыто
LLARVA: Vision-Action Instruction Tuning Enhances Robot Learning,Dantong Niu; Yuvan Sharma; Giscard Biamby; Jerome Quenum; Yutong Bai; Baifeng Shi; Trevor Darrell; Roei Herzig,,2024,Conference on Robot Learning,https://raw.githubusercontent.com/mlresearch/v270/main/assets/niu25a/niu25a.pdf,,Открыто
One Policy to Run Them All: an End-to-end Learning Approach to Multi-Embodiment Locomotion,Nico Bohlinger; Grzegorz Czechmanowski; Maciej Piotr Krupka; Piotr Kicki; Krzysztof Walas; Jan Peters; Davide Tateo,,2024,Conference on Robot Learning,https://raw.githubusercontent.com/mlresearch/v270/main/assets/bohlinger25a/bohlinger25a.pdf,,Открыто
ScissorBot: Learning Generalizable Scissor Skill for Paper Cutting via Simulation; Imitation; and Sim2Real,Jiangran Lyu; Yuxing Chen; Tao Du; Feng Zhu; Huiquan Liu; Yizhou Wang; He Wang,,2024,Conference on Robot Learning,https://raw.githubusercontent.com/mlresearch/v270/main/assets/lyu25a/lyu25a.pdf,,Открыто
JointMotion: Joint Self-Supervision for Joint Motion Prediction,Royden Wagner; Omer Sahin Tas; Marvin Klemp; Carlos Fernandez,,2024,Conference on Robot Learning,https://raw.githubusercontent.com/mlresearch/v270/main/assets/wagner25a/wagner25a.pdf,,Открыто
Body Transformer: Leveraging Robot Embodiment for Policy Learning,Carmelo Sferrazza; Dun-Ming Huang; Fangchen Liu; Jongmin Lee; Pieter Abbeel,,2024,Conference on Robot Learning,https://raw.githubusercontent.com/mlresearch/v270/main/assets/sferrazza25a/sferrazza25a.pdf,,Открыто
Adaptive Language-Guided Abstraction from Contrastive Explanations,Andi Peng; Belinda Z. Li; Ilia Sucholutsky; Nishanth Kumar; Julie Shah; Jacob Andreas; Andreea Bobu,,2024,Conference on Robot Learning,https://raw.githubusercontent.com/mlresearch/v270/main/assets/peng25c/peng25c.pdf,,Открыто
Adapting Humanoid Locomotion over Challenging Terrain via Two-Phase Training,Wenhao Cui; Shengtao Li; Huaxing Huang; Bangyu Qin; Tianchu Zhang; hanjincha hanjinchao; Liang Zheng; Ziyang Tang; Chenxu Hu; NING Yan; Jiahao Chen; Zheyuan Jiang,,2024,Conference on Robot Learning,https://raw.githubusercontent.com/mlresearch/v270/main/assets/cui25a/cui25a.pdf,,Открыто
TOP-Nav: Legged Navigation Integrating Terrain; Obstacle and Proprioception Estimation,Junli Ren; Yikai Liu; Yingru Dai; Junfeng Long; Guijin Wang,,2024,Conference on Robot Learning,https://raw.githubusercontent.com/mlresearch/v270/main/assets/ren25a/ren25a.pdf,,Открыто
RoboKoop: Efficient Control Conditioned Representations from Visual Input in Robotics using Koopman Operator,Hemant Kumawat; Biswadeep Chakraborty; Saibal Mukhopadhyay,,2024,Conference on Robot Learning,https://raw.githubusercontent.com/mlresearch/v270/main/assets/kumawat25a/kumawat25a.pdf,,Открыто
Learning a Distributed Hierarchical Locomotion Controller for Embodied Cooperation,Chuye Hong; Kangyao Huang; Huaping Liu,,2024,Conference on Robot Learning,https://raw.githubusercontent.com/mlresearch/v270/main/assets/hong25a/hong25a.pdf,,Открыто
Scaling Safe Multi-Agent Control for Signal Temporal Logic Specifications,Joe Eappen; Zikang Xiong; Dipam Patel; Aniket Bera; Suresh Jagannathan,,2024,Conference on Robot Learning,https://raw.githubusercontent.com/mlresearch/v270/main/assets/eappen25a/eappen25a.pdf,,Открыто
SHADOW: Leveraging Segmentation Masks for Cross-Embodiment Policy Transfer,Marion Lepert; Ria Doshi; Jeannette Bohg,,2024,Conference on Robot Learning,https://raw.githubusercontent.com/mlresearch/v270/main/assets/lepert25a/lepert25a.pdf,,Открыто
Modeling Drivers’ Situational Awareness from Eye Gaze for Driving Assistance,Abhijat Biswas; Pranay Gupta; Shreeya Khurana; David Held; Henny Admoni,,2024,Conference on Robot Learning,https://raw.githubusercontent.com/mlresearch/v270/main/assets/biswas25a/biswas25a.pdf,,Открыто
ThinkGrasp: A Vision-Language System for Strategic Part Grasping in Clutter,Yaoyao Qian; Xupeng Zhu; Ondrej Biza; Shuo Jiang; Linfeng Zhao; Haojie Huang; Yu Qi; Robert Platt,,2024,Conference on Robot Learning,https://raw.githubusercontent.com/mlresearch/v270/main/assets/qian25c/qian25c.pdf,,Открыто
LiDARGrid: Self-supervised 3D Opacity Grid from LiDAR for Scene Forecasting,Chuanyu Pan; Aolin Xu,,2024,Conference on Robot Learning,https://raw.githubusercontent.com/mlresearch/v270/main/assets/pan25a/pan25a.pdf,,Открыто
CtRL-Sim: Reactive and Controllable Driving Agents with Offline Reinforcement Learning,Luke Rowe; Roger Girgis; Anthony Gosselin; Bruno Carrez; Florian Golemo; Felix Heide; Liam Paull; Christopher Pal,,2024,Conference on Robot Learning,https://raw.githubusercontent.com/mlresearch/v270/main/assets/rowe25a/rowe25a.pdf,,Открыто
T$^2$SQNet: A Recognition Model for Manipulating Partially Observed Transparent Tableware Objects,Young Hun Kim; Seungyeon Kim; Yonghyeon Lee; Frank C. Park,,2024,Conference on Robot Learning,https://raw.githubusercontent.com/mlresearch/v270/main/assets/kim25d/kim25d.pdf,,Открыто
Tokenize the World into Object-level Knowledge to Address Long-tail Events in Autonomous Driving,Thomas Tian; Boyi Li; Xinshuo Weng; Yuxiao Chen; Edward Schmerling; Yue Wang; Boris Ivanovic; Marco Pavone,,2024,Conference on Robot Learning,https://raw.githubusercontent.com/mlresearch/v270/main/assets/tian25b/tian25b.pdf,,Открыто
A Planar-Symmetric SO(3) Representation for Learning Grasp Detection,Tianyi Ko; Takuya Ikeda; Hiroya Sato; Koichi Nishiwaki,,2024,Conference on Robot Learning,https://raw.githubusercontent.com/mlresearch/v270/main/assets/ko25a/ko25a.pdf,,Открыто
MBC: Multi-Brain Collaborative Control for Quadruped Robots,Hang Liu; Yi Cheng; Rankun Li; Xiaowen Hu; Linqi Ye; Houde Liu,,2024,Conference on Robot Learning,https://raw.githubusercontent.com/mlresearch/v270/main/assets/liu25f/liu25f.pdf,,Открыто
Evaluating Real-World Robot Manipulation Policies in Simulation,Xuanlin Li; Kyle Hsu; Jiayuan Gu; Oier Mees; Karl Pertsch; Homer Rich Walke; Chuyuan Fu; Ishikaa Lunawat; Isabel Sieh; Sean Kirmani; Sergey Levine; Jiajun Wu; Chelsea Finn; Hao Su; Quan Vuong; Ted Xiao,,2024,Conference on Robot Learning,https://raw.githubusercontent.com/mlresearch/v270/main/assets/li25c/li25c.pdf,,Открыто
TidyBot++: An Open-Source Holonomic Mobile Manipulator for Robot Learning,Jimmy Wu; William Chong; Robert Holmberg; Aaditya Prasad; Yihuai Gao; Oussama Khatib; Shuran Song; Szymon Rusinkiewicz; Jeannette Bohg,,2024,Conference on Robot Learning,https://raw.githubusercontent.com/mlresearch/v270/main/assets/wu25a/wu25a.pdf,,Открыто
Hint-AD: Holistically Aligned Interpretability in End-to-End Autonomous Driving,Kairui Ding; Boyuan Chen; Yuchen Su; Huan-ang Gao; Bu Jin; Chonghao Sima; Xiaohui Li; Wuqiang Zhang; Paul Barsch; Hongyang Li; Hao Zhao,,2024,Conference on Robot Learning,https://raw.githubusercontent.com/mlresearch/v270/main/assets/ding25a/ding25a.pdf,,Открыто
Transferable Tactile Transformers for Representation Learning Across Diverse Sensors and Tasks,Jialiang Zhao; Yuxiang Ma; Lirui Wang; Edward Adelson,,2024,Conference on Robot Learning,https://raw.githubusercontent.com/mlresearch/v270/main/assets/zhao25c/zhao25c.pdf,,Открыто
CoViS-Net: A Cooperative Visual Spatial Foundation Model for Multi-Robot Applications,Jan Blumenkamp; Steven Morad; Jennifer Gielis; Amanda Prorok,,2024,Conference on Robot Learning,https://raw.githubusercontent.com/mlresearch/v270/main/assets/blumenkamp25a/blumenkamp25a.pdf,,Открыто
Reasoning Grasping via Multimodal Large Language Model,Shiyu Jin; JINXUAN XU; Yutian Lei; Liangjun Zhang,,2024,Conference on Robot Learning,https://raw.githubusercontent.com/mlresearch/v270/main/assets/jin25a/jin25a.pdf,,Открыто
Object-Centric Dexterous Manipulation from Human Motion Data,Yuanpei Chen; Chen Wang; Yaodong Yang; Karen Liu,,2024,Conference on Robot Learning,https://raw.githubusercontent.com/mlresearch/v270/main/assets/chen25f/chen25f.pdf,,Открыто
KOI: Accelerating Online Imitation Learning via Hybrid Key-state Guidance,Jingxian Lu; Wenke Xia; Dong Wang; Zhigang Wang; Bin Zhao; Di Hu; Xuelong Li,,2024,Conference on Robot Learning,https://raw.githubusercontent.com/mlresearch/v270/main/assets/lu25a/lu25a.pdf,,Открыто
Mobility VLA: Multimodal Instruction Navigation with Long-Context VLMs and Topological Graphs,Zhuo Xu; Hao-Tien Lewis Chiang; Zipeng Fu; Mithun George Jacob; Tingnan Zhang; Tsang-Wei Edward Lee; Wenhao Yu; Connor Schenck; David Rendleman; Dhruv Shah; Fei Xia; Jasmine Hsu; Jonathan Hoech; Pete Florence; Sean Kirmani; Sumeet Singh; Vikas Sindhwani; Carolina Parada; Chelsea Finn; Peng Xu; Sergey Levine; Jie Tan,,2024,Conference on Robot Learning,https://raw.githubusercontent.com/mlresearch/v270/main/assets/xu25b/xu25b.pdf,,Открыто
MaIL: Improving Imitation Learning with Selective State Space Models,Xiaogang Jia; Qian Wang; Atalay Donat; Bowen Xing; Ge Li; Hongyi Zhou; Onur Celik; Denis Blessing; Rudolf Lioutikov; Gerhard Neumann,,2024,Conference on Robot Learning,https://raw.githubusercontent.com/mlresearch/v270/main/assets/jia25b/jia25b.pdf,,Открыто
Multi-Strategy Deployment-Time Learning and Adaptation for Navigation under Uncertainty,Abhishek Paudel; Xuesu Xiao; Gregory J. Stein,,2024,Conference on Robot Learning,https://raw.githubusercontent.com/mlresearch/v270/main/assets/paudel25a/paudel25a.pdf,,Открыто
ANAVI: Audio Noise Awareness using Visual of Indoor environments for NAVIgation,Vidhi Jain; Rishi Veerapaneni; Yonatan Bisk,,2024,Conference on Robot Learning,https://raw.githubusercontent.com/mlresearch/v270/main/assets/jain25a/jain25a.pdf,,Открыто
Dreamitate: Real-World Visuomotor Policy Learning via Video Generation,Junbang Liang; Ruoshi Liu; Ege Ozguroglu; Sruthi Sudhakar; Achal Dave; Pavel Tokmakov; Shuran Song; Carl Vondrick,,2024,Conference on Robot Learning,https://raw.githubusercontent.com/mlresearch/v270/main/assets/liang25b/liang25b.pdf,,Открыто
VLM-Grounder: A VLM Agent for Zero-Shot 3D Visual Grounding,Runsen Xu; Zhiwei Huang; Tai Wang; Yilun Chen; Jiangmiao Pang; Dahua Lin,,2024,Conference on Robot Learning,https://raw.githubusercontent.com/mlresearch/v270/main/assets/xu25c/xu25c.pdf,,Открыто
Detect Everything with Few Examples,Xinyu Zhang; Yuhan Liu; Yuting Wang; Abdeslam Boularias,,2024,Conference on Robot Learning,https://raw.githubusercontent.com/mlresearch/v270/main/assets/zhang25i/zhang25i.pdf,,Открыто
RoboPoint: A Vision-Language Model for Spatial Affordance Prediction in Robotics,Wentao Yuan; Jiafei Duan; Valts Blukis; Wilbert Pumacay; Ranjay Krishna; Adithyavairavan Murali; Arsalan Mousavian; Dieter Fox,,2024,Conference on Robot Learning,https://raw.githubusercontent.com/mlresearch/v270/main/assets/yuan25c/yuan25c.pdf,,Открыто
Action Space Design in Reinforcement Learning for Robot Motor Skills,Julian Eßer; Gabriel B. Margolis; Oliver Urbann; Sören Kerner; Pulkit Agrawal,,2024,Conference on Robot Learning,https://raw.githubusercontent.com/mlresearch/v270/main/assets/esser25a/esser25a.pdf,,Открыто
Teaching Robots with Show and Tell: Using Foundation Models to Synthesize Robot Policies from Language and Visual Demonstration,Michael Murray; Abhishek Gupta; Maya Cakmak,,2024,Conference on Robot Learning,https://raw.githubusercontent.com/mlresearch/v270/main/assets/murray25a/murray25a.pdf,,Открыто
Not All Errors Are Made Equal: A Regret Metric for Detecting System-level Trajectory Prediction Failures,Kensuke Nakamura; Thomas Tian; Andrea Bajcsy,,2024,Conference on Robot Learning,https://raw.githubusercontent.com/mlresearch/v270/main/assets/nakamura25a/nakamura25a.pdf,,Открыто
Mobile ALOHA: Learning Bimanual Mobile Manipulation using Low-Cost Whole-Body Teleoperation,Zipeng Fu; Tony Z. Zhao; Chelsea Finn,,2024,Conference on Robot Learning,https://raw.githubusercontent.com/mlresearch/v270/main/assets/fu25b/fu25b.pdf,,Открыто
FlowRetrieval: Flow-Guided Data Retrieval for Few-Shot Imitation Learning,Li-Heng Lin; Yuchen Cui; Amber Xie; Tianyu Hua; Dorsa Sadigh,,2024,Conference on Robot Learning,https://raw.githubusercontent.com/mlresearch/v270/main/assets/lin25a/lin25a.pdf,,Открыто
Event3DGS: Event-Based 3D Gaussian Splatting for High-Speed Robot Egomotion,Tianyi Xiong; Jiayi Wu; Botao He; Cornelia Fermuller; Yiannis Aloimonos; Heng Huang; Christopher Metzler,,2024,Conference on Robot Learning,https://raw.githubusercontent.com/mlresearch/v270/main/assets/xiong25b/xiong25b.pdf,,Открыто
TaMMa: Target-driven Multi-subscene Mobile Manipulation,Jiawei Hou; Tianyu Wang; Tongying Pan; Shouyan Wang; Xiangyang Xue; Yanwei Fu,,2024,Conference on Robot Learning,https://raw.githubusercontent.com/mlresearch/v270/main/assets/hou25a/hou25a.pdf,,Открыто
What Matters in Range View 3D Object Detection,Benjamin Wilson; Nicholas Autio Mitchell; Jhony Kaesemodel Pontes; James Hays,,2024,Conference on Robot Learning,https://raw.githubusercontent.com/mlresearch/v270/main/assets/wilson25a/wilson25a.pdf,,Открыто
Scaling Robot Policy Learning via Zero-Shot Labeling with Foundation Models,Nils Blank; Moritz Reuss; Marcel Rühle; Ömer Erdinç Yağmurlu; Fabian Wenzel; Oier Mees; Rudolf Lioutikov,,2024,Conference on Robot Learning,https://raw.githubusercontent.com/mlresearch/v270/main/assets/blank25a/blank25a.pdf,,Открыто
ViPER: Visibility-based Pursuit-Evasion via Reinforcement Learning,Yizhuo Wang; Yuhong Cao; Jimmy Chiun; Subhadeep Koley; Mandy Pham; Guillaume Adrien Sartoretti,,2024,Conference on Robot Learning,https://raw.githubusercontent.com/mlresearch/v270/main/assets/wang25k/wang25k.pdf,,Открыто
BiGym: A Demo-Driven Mobile Bi-Manual Manipulation Benchmark,Nikita Chernyadev; Nicholas Backshall; Xiao Ma; Yunfan Lu; Younggyo Seo; Stephen James,,2024,Conference on Robot Learning,https://raw.githubusercontent.com/mlresearch/v270/main/assets/chernyadev25a/chernyadev25a.pdf,,Открыто
Visual Manipulation with Legs,Xialin He; Chengjing Yuan; Wenxuan Zhou; Ruihan Yang; David Held; Xiaolong Wang,,2024,Conference on Robot Learning,https://raw.githubusercontent.com/mlresearch/v270/main/assets/he25c/he25c.pdf,,Открыто
Learning Long-Horizon Action Dependencies in Sampling-Based Bilevel Planning,Bartłomiej Cieślar; Leslie Pack Kaelbling; Tomás Lozano-Pérez; Jorge Mendez-Mendez,,2024,Conference on Robot Learning,https://raw.githubusercontent.com/mlresearch/v270/main/assets/cieslar25a/cieslar25a.pdf,,Открыто
Context-Aware Replanning with Pre-Explored Semantic Map for Object Navigation,Po-Chen Ko; Hung-Ting Su; CY Chen; Jia-Fong Yeh; Min Sun; Winston H. Hsu,,2024,Conference on Robot Learning,https://raw.githubusercontent.com/mlresearch/v270/main/assets/ko25b/ko25b.pdf,,Открыто
SoloParkour: Constrained Reinforcement Learning for Visual Locomotion from Privileged Experience,Elliot Chane-Sane; Joseph Amigo; Thomas Flayols; Ludovic Righetti; Nicolas Mansard,,2024,Conference on Robot Learning,https://raw.githubusercontent.com/mlresearch/v270/main/assets/chane-sane25a/chane-sane25a.pdf,,Открыто
Multi-Task Interactive Robot Fleet Learning with Visual World Models,Huihan Liu; Yu Zhang; Vaarij Betala; Evan Zhang; James Liu; Crystal Ding; Yuke Zhu,,2024,Conference on Robot Learning,https://raw.githubusercontent.com/mlresearch/v270/main/assets/liu25g/liu25g.pdf,,Открыто
Enhancing Visual Domain Robustness in Behaviour Cloning via Saliency-Guided Augmentation,Zheyu Zhuang; RUIYU WANG; Nils Ingelhag; Ville Kyrki; Danica Kragic,,2024,Conference on Robot Learning,https://raw.githubusercontent.com/mlresearch/v270/main/assets/zhuang25b/zhuang25b.pdf,,Открыто
SonicSense: Object Perception from In-Hand Acoustic Vibration,Jiaxun Liu; Boyuan Chen,,2024,Conference on Robot Learning,https://raw.githubusercontent.com/mlresearch/v270/main/assets/liu25h/liu25h.pdf,,Открыто
VoxAct-B: Voxel-Based Acting and Stabilizing Policy for Bimanual Manipulation,I-Chun Arthur Liu; Sicheng He; Daniel Seita; Gaurav S. Sukhatme,,2024,Conference on Robot Learning,https://raw.githubusercontent.com/mlresearch/v270/main/assets/liu25i/liu25i.pdf,,Открыто
Neural Inverse Source Problem,Youngsun Wi; Jayjun Lee; Miquel Oller; Nima Fazeli,,2024,Conference on Robot Learning,https://raw.githubusercontent.com/mlresearch/v270/main/assets/wi25a/wi25a.pdf,,Открыто
DiffusionSeeder: Seeding Motion Optimization with Diffusion for Rapid Motion Planning,Huang Huang; Balakumar Sundaralingam; Arsalan Mousavian; Adithyavairavan Murali; Ken Goldberg; Dieter Fox,,2024,Conference on Robot Learning,https://raw.githubusercontent.com/mlresearch/v270/main/assets/huang25f/huang25f.pdf,,Открыто
ResPilot: Teleoperated Finger Gaiting via Gaussian Process Residual Learning,Patrick Naughton; Jinda Cui; Karankumar Patel; Soshi Iba,,2024,Conference on Robot Learning,https://raw.githubusercontent.com/mlresearch/v270/main/assets/naughton25a/naughton25a.pdf,,Открыто
Learning to Look: Seeking Information for Decision Making via Policy Factorization,Shivin Dass; Jiaheng Hu; Ben Abbatematteo; Peter Stone; Roberto Martín-Martín,,2024,Conference on Robot Learning,https://raw.githubusercontent.com/mlresearch/v270/main/assets/dass25a/dass25a.pdf,,Открыто
Dynamics-Guided Diffusion Model for Sensor-less Robot Manipulator Design,Xiaomeng Xu; Huy Ha; Shuran Song,,2024,Conference on Robot Learning,https://raw.githubusercontent.com/mlresearch/v270/main/assets/xu25d/xu25d.pdf,,Открыто
Simple Masked Training Strategies Yield Control Policies That Are Robust to Sensor Failure,Skand Skand; Bikram Pandit; Chanho Kim; Li Fuxin; Stefan Lee,,2024,Conference on Robot Learning,https://raw.githubusercontent.com/mlresearch/v270/main/assets/skand25a/skand25a.pdf,,Открыто
Velociraptor: Leveraging Visual Foundation Models for Label-Free; Risk-Aware Off-Road Navigation,Samuel Triest; Matthew Sivaprakasam; Shubhra Aich; David Fan; Wenshan Wang; Sebastian Scherer,,2024,Conference on Robot Learning,https://raw.githubusercontent.com/mlresearch/v270/main/assets/triest25a/triest25a.pdf,,Открыто
Neural Attention Field: Emerging Point Relevance in 3D Scenes for One-Shot Dexterous Grasping,Qianxu Wang; Congyue Deng; Tyler Ga Wei Lum; Yuanpei Chen; Yaodong Yang; Jeannette Bohg; Yixin Zhu; Leonidas Guibas,,2024,Conference on Robot Learning,https://raw.githubusercontent.com/mlresearch/v270/main/assets/wang25l/wang25l.pdf,,Открыто
KOROL: Learning Visualizable Object Feature with Koopman Operator Rollout for Manipulation,Hongyi Chen; ABULIKEMU ABUDUWEILI; Aviral Agrawal; Yunhai Han; Harish Ravichandar; Changliu Liu; Jeffrey Ichnowski,,2024,Conference on Robot Learning,https://raw.githubusercontent.com/mlresearch/v270/main/assets/chen25g/chen25g.pdf,,Открыто
What Makes Pre-Trained Visual Representations Successful for Robust Manipulation?,Kaylee Burns; Zach Witzel; Jubayer Ibn Hamid; Tianhe Yu; Chelsea Finn; Karol Hausman,,2024,Conference on Robot Learning,https://raw.githubusercontent.com/mlresearch/v270/main/assets/burns25a/burns25a.pdf,,Открыто
Leveraging Mutual Information for Asymmetric Learning under Partial Observability,Hai Huu Nguyen; Long Dinh Van The; Christopher Amato; Robert Platt,,2024,Conference on Robot Learning,https://raw.githubusercontent.com/mlresearch/v270/main/assets/nguyen25b/nguyen25b.pdf,,Открыто
ReKep: Spatio-Temporal Reasoning of Relational Keypoint Constraints for Robotic Manipulation,Wenlong Huang; Chen Wang; Yunzhu Li; Ruohan Zhang; Li Fei-Fei,,2024,Conference on Robot Learning,https://raw.githubusercontent.com/mlresearch/v270/main/assets/huang25g/huang25g.pdf,,Открыто
Fleet Supervisor Allocation: A Submodular Maximization Approach,Oguzhan Akcin; Ahmet Ege Tanriverdi; Kaan Kale; Sandeep P. Chinchali,,2024,Conference on Robot Learning,https://raw.githubusercontent.com/mlresearch/v270/main/assets/akcin25a/akcin25a.pdf,,Открыто
Generalized Animal Imitator: Agile Locomotion with Versatile Motion Prior,Ruihan Yang; Zhuoqun Chen; Jianhan Ma; Chongyi Zheng; Yiyu Chen; Quan Nguyen; Xiaolong Wang,,2024,Conference on Robot Learning,https://raw.githubusercontent.com/mlresearch/v270/main/assets/yang25b/yang25b.pdf,,Открыто
Contrastive Imitation Learning for Language-guided Multi-Task Robotic Manipulation,Teli Ma; Jiaming Zhou; Zifan Wang; Ronghe Qiu; Junwei Liang,,2024,Conference on Robot Learning,https://raw.githubusercontent.com/mlresearch/v270/main/assets/ma25a/ma25a.pdf,,Открыто
Handling Long-Term Safety and Uncertainty in Safe Reinforcement Learning,Jonas Günster; Puze Liu; Jan Peters; Davide Tateo,,2024,Conference on Robot Learning,https://raw.githubusercontent.com/mlresearch/v270/main/assets/gunster25a/gunster25a.pdf,,Открыто
DriveVLM: The Convergence of Autonomous Driving and Large Vision-Language Models,Xiaoyu Tian; Junru Gu; Bailin Li; Yicheng Liu; Yang Wang; Zhiyong Zhao; Kun Zhan; Peng Jia; XianPeng Lang; Hang Zhao,,2024,Conference on Robot Learning,https://raw.githubusercontent.com/mlresearch/v270/main/assets/tian25c/tian25c.pdf,,Открыто
AnyRotate: Gravity-Invariant In-Hand Object Rotation with Sim-to-Real Touch,Max Yang; chenghua lu; Alex Church; Yijiong Lin; Christopher J. Ford; Haoran Li; Efi Psomopoulou; David A.W. Barton; Nathan F. Lepora,,2024,Conference on Robot Learning,https://raw.githubusercontent.com/mlresearch/v270/main/assets/yang25c/yang25c.pdf,,Открыто
Splat-MOVER: Multi-Stage; Open-Vocabulary Robotic Manipulation via Editable Gaussian Splatting,Olaolu Shorinwa; Johnathan Tucker; Aliyah Smith; Aiden Swann; Timothy Chen; Roya Firoozi; Monroe David Kennedy; Mac Schwager,,2024,Conference on Robot Learning,https://raw.githubusercontent.com/mlresearch/v270/main/assets/shorinwa25a/shorinwa25a.pdf,,Открыто
Safe Bayesian Optimization for the Control of High-Dimensional Embodied Systems,Yunyue Wei; Zeji Yi; Hongda Li; Saraswati Soedarmadji; Yanan Sui,,2024,Conference on Robot Learning,https://raw.githubusercontent.com/mlresearch/v270/main/assets/wei25b/wei25b.pdf,,Открыто
Learning Performance-oriented Control Barrier Functions Under Complex Safety Constraints and Limited Actuation,Lakshmideepakreddy Manda; Shaoru Chen; Mahyar Fazlyab,,2024,Conference on Robot Learning,https://raw.githubusercontent.com/mlresearch/v270/main/assets/manda25a/manda25a.pdf,,Открыто
Autonomous Improvement of Instruction Following Skills via Foundation Models,Zhiyuan Zhou; Pranav Atreya; Abraham Lee; Homer Rich Walke; Oier Mees; Sergey Levine,,2024,Conference on Robot Learning,https://raw.githubusercontent.com/mlresearch/v270/main/assets/zhou25b/zhou25b.pdf,,Открыто
Monocular Event-Based Vision for Obstacle Avoidance with a Quadrotor,Anish Bhattacharya; Marco Cannici; Nishanth Rao; Yuezhan Tao; Vijay Kumar; Nikolai Matni; Davide Scaramuzza,,2024,Conference on Robot Learning,https://raw.githubusercontent.com/mlresearch/v270/main/assets/bhattacharya25a/bhattacharya25a.pdf,,Открыто
MimicTouch: Leveraging Multi-modal Human Tactile Demonstrations for Contact-rich Manipulation,Kelin Yu; Yunhai Han; Qixian Wang; Vaibhav Saxena; Danfei Xu; Ye Zhao,,2024,Conference on Robot Learning,https://raw.githubusercontent.com/mlresearch/v270/main/assets/yu25c/yu25c.pdf,,Открыто
GenDP: 3D Semantic Fields for Category-Level Generalizable Diffusion Policy,Yixuan Wang; Guang Yin; Binghao Huang; Tarik Kelestemur; Jiuguang Wang; Yunzhu Li,,2024,Conference on Robot Learning,https://raw.githubusercontent.com/mlresearch/v270/main/assets/wang25m/wang25m.pdf,,Открыто
UBSoft: A Simulation Platform for Robotic Skill Learning in Unbounded Soft Environments,Chunru Lin; Jugang Fan; Yian Wang; Zeyuan Yang; Zhehuan Chen; Lixing Fang; Tsun-Hsuan Wang; Zhou Xian; Chuang Gan,,2024,Conference on Robot Learning,https://raw.githubusercontent.com/mlresearch/v270/main/assets/lin25b/lin25b.pdf,,Открыто
ACE: A Cross-platform and visual-Exoskeletons System for Low-Cost Dexterous Teleoperation,Shiqi Yang; Minghuan Liu; Yuzhe Qin; Runyu Ding; Jialong Li; Xuxin Cheng; Ruihan Yang; Sha Yi; Xiaolong Wang,,2024,Conference on Robot Learning,https://raw.githubusercontent.com/mlresearch/v270/main/assets/yang25d/yang25d.pdf,,Открыто
Automated Creation of Digital Cousins for Robust Policy Learning,Tianyuan Dai; Josiah Wong; Yunfan Jiang; Chen Wang; Cem Gokmen; Ruohan Zhang; Jiajun Wu; Li Fei-Fei,,2024,Conference on Robot Learning,https://raw.githubusercontent.com/mlresearch/v270/main/assets/dai25a/dai25a.pdf,,Открыто
D$^3$RoMa: Disparity Diffusion-based Depth Sensing for Material-Agnostic Robotic Manipulation,Songlin Wei; Haoran Geng; Jiayi Chen; Congyue Deng; Cui Wenbo; Chengyang Zhao; Xiaomeng Fang; Leonidas Guibas; He Wang,,2024,Conference on Robot Learning,https://raw.githubusercontent.com/mlresearch/v270/main/assets/wei25c/wei25c.pdf,,Открыто
Distribution Discrepancy and Feature Heterogeneity for Active 3D Object Detection,Huang-Yu Chen; Jia-Fong Yeh; Jiawe Jiawei; Pin-Hsuan Peng; Winston H. Hsu,,2024,Conference on Robot Learning,https://raw.githubusercontent.com/mlresearch/v270/main/assets/chen25h/chen25h.pdf,,Открыто
Online Transfer and Adaptation of Tactile Skill: A Teleoperation Framework,Xiao Chen; Tianle Ni; Kübra Karacan; Hamid Sadeghian; Sami Haddadin,,2024,Conference on Robot Learning,https://raw.githubusercontent.com/mlresearch/v270/main/assets/chen25i/chen25i.pdf,,Открыто
Steering Your Generalists: Improving Robotic Foundation Models via Value Guidance,Mitsuhiko Nakamoto; Oier Mees; Aviral Kumar; Sergey Levine,,2024,Conference on Robot Learning,https://raw.githubusercontent.com/mlresearch/v270/main/assets/nakamoto25a/nakamoto25a.pdf,,Открыто
In-Flight Attitude Control of a Quadruped using Deep Reinforcement Learning,Tarek El-Agroudi; Finn Gross Maurer; Jørgen Anker Olsen; Kostas Alexis,,2024,Conference on Robot Learning,https://raw.githubusercontent.com/mlresearch/v270/main/assets/el-agroudi25a/el-agroudi25a.pdf,,Открыто
GenSim2: Scaling Robot Data Generation with Multi-modal and Reasoning LLMs,Pu Hua; Minghuan Liu; Annabella Macaluso; Yunfeng Lin; Weinan Zhang; Huazhe Xu; Lirui Wang,,2024,Conference on Robot Learning,https://raw.githubusercontent.com/mlresearch/v270/main/assets/hua25a/hua25a.pdf,,Открыто
EquiGraspFlow: SE(3)-Equivariant 6-DoF Grasp Pose Generative Flows,Byeongdo Lim; Jongmin Kim; Jihwan Kim; Yonghyeon Lee; Frank C. Park,,2024,Conference on Robot Learning,https://raw.githubusercontent.com/mlresearch/v270/main/assets/lim25a/lim25a.pdf,,Открыто
Promptable Closed-loop Traffic Simulation,Shuhan Tan; Boris Ivanovic; Yuxiao Chen; Boyi Li; Xinshuo Weng; Yulong Cao; Philipp Kraehenbuehl; Marco Pavone,,2024,Conference on Robot Learning,https://raw.githubusercontent.com/mlresearch/v270/main/assets/tan25a/tan25a.pdf,,Открыто
DexGraspNet 2.0: Learning Generative Dexterous Grasping in Large-scale Synthetic Cluttered Scenes,Jialiang Zhang; Haoran Liu; Danshi Li; XinQiang Yu; Haoran Geng; Yufei Ding; Jiayi Chen; He Wang,,2024,Conference on Robot Learning,https://raw.githubusercontent.com/mlresearch/v270/main/assets/zhang25j/zhang25j.pdf,,Открыто
Learning Differentiable Tensegrity Dynamics using Graph Neural Networks,Nelson Chen; Kun Wang; William R. Johson III; Rebecca Kramer-Bottiglio; Kostas Bekris; Mridul Aanjaneya,,2024,Conference on Robot Learning,https://raw.githubusercontent.com/mlresearch/v270/main/assets/chen25j/chen25j.pdf,,Открыто
IMAGINATION POLICY: Using Generative Point Cloud Models for Learning Manipulation Policies,Haojie Huang; Karl Schmeckpeper; Dian Wang; Ondrej Biza; Yaoyao Qian; Haotian Liu; Mingxi Jia; Robert Platt; Robin Walters,,2024,Conference on Robot Learning,https://raw.githubusercontent.com/mlresearch/v270/main/assets/huang25h/huang25h.pdf,,Открыто
Bimanual Dexterity for Complex Tasks,Kenneth Shaw; Yulong Li; Jiahui Yang; Mohan Kumar Srirama; Ray Liu; Haoyu Xiong; Russell Mendonca; Deepak Pathak,,2024,Conference on Robot Learning,https://raw.githubusercontent.com/mlresearch/v270/main/assets/shaw25a/shaw25a.pdf,,Открыто
RP1M: A Large-Scale Motion Dataset for Piano Playing with Bi-Manual Dexterous Robot Hands,Yi Zhao; Le Chen; Jan Schneider; Quankai Gao; Juho Kannala; Bernhard Schölkopf; Joni Pajarinen; Dieter Büchler,,2024,Conference on Robot Learning,https://raw.githubusercontent.com/mlresearch/v270/main/assets/zhao25d/zhao25d.pdf,,Открыто
Continuously Improving Mobile Manipulation with Autonomous Real-World RL,Russell Mendonca; Emmanuel Panov; Bernadette Bucher; Jiuguang Wang; Deepak Pathak,,2024,Conference on Robot Learning,https://raw.githubusercontent.com/mlresearch/v270/main/assets/mendonca25a/mendonca25a.pdf,,Открыто
Twisting Lids Off with Two Hands,Toru Lin; Zhao-Heng Yin; Haozhi Qi; Pieter Abbeel; Jitendra Malik,,2024,Conference on Robot Learning,https://raw.githubusercontent.com/mlresearch/v270/main/assets/lin25c/lin25c.pdf,,Открыто
PointPatchRL - Masked Reconstruction Improves Reinforcement Learning on Point Clouds,Balazs Gyenes; Nikolai Franke; Philipp Becker; Gerhard Neumann,,2024,Conference on Robot Learning,https://raw.githubusercontent.com/mlresearch/v270/main/assets/gyenes25a/gyenes25a.pdf,,Открыто
UMI-on-Legs: Making Manipulation Policies Mobile with Manipulation-Centric Whole-body Controllers,Huy Ha; Yihuai Gao; Zipeng Fu; Jie Tan; Shuran Song,,2024,Conference on Robot Learning,https://raw.githubusercontent.com/mlresearch/v270/main/assets/ha25a/ha25a.pdf,,Открыто
FlowBotHD: History-Aware Diffuser Handling Ambiguities in Articulated Objects Manipulation,Yishu Li; Wen Hui Leng; Yiming Fang; Ben Eisner; David Held,,2024,Conference on Robot Learning,https://raw.githubusercontent.com/mlresearch/v270/main/assets/li25d/li25d.pdf,,Открыто
Accelerating Visual Sparse-Reward Learning with Latent Nearest-Demonstration-Guided Explorations,Ruihan Zhao; ufuk topcu; Sandeep P. Chinchali; Mariano Phielipp,,2024,Conference on Robot Learning,https://raw.githubusercontent.com/mlresearch/v270/main/assets/zhao25e/zhao25e.pdf,,Открыто
Learning Transparent Reward Models via Unsupervised Feature Selection,Daulet Baimukashev; Gokhan Alcan; Kevin Sebastian Luck; Ville Kyrki,,2024,Conference on Robot Learning,https://raw.githubusercontent.com/mlresearch/v270/main/assets/baimukashev25a/baimukashev25a.pdf,,Открыто
Manipulate-Anything: Automating Real-World Robots using Vision-Language Models,Jiafei Duan; Wentao Yuan; Wilbert Pumacay; Yi Ru Wang; Kiana Ehsani; Dieter Fox; Ranjay Krishna,,2024,Conference on Robot Learning,https://raw.githubusercontent.com/mlresearch/v270/main/assets/duan25a/duan25a.pdf,,Открыто
Genetic Algorithm for Curriculum Design in Multi-Agent Reinforcement Learning,Yeeho Song; Jeff Schneider,,2024,Conference on Robot Learning,https://raw.githubusercontent.com/mlresearch/v270/main/assets/song25c/song25c.pdf,,Открыто
Multi-agent Reinforcement Learning with Hybrid Action Space for Free Gait Motion Planning of Hexapod Robots,Huiqiao Fu; Kaiqiang Tang; Peng Li; Guizhou Deng; Chunlin Chen,,2024,Conference on Robot Learning,https://raw.githubusercontent.com/mlresearch/v270/main/assets/fu25c/fu25c.pdf,,Открыто
Trajectory Improvement and Reward Learning from Comparative Language Feedback,Zhaojing Yang; Miru Jun; Jeremy Tien; Stuart Russell; Anca Dragan; Erdem Biyik,,2024,Conference on Robot Learning,https://raw.githubusercontent.com/mlresearch/v270/main/assets/yang25e/yang25e.pdf,,Открыто
Get a Grip: Multi-Finger Grasp Evaluation at Scale Enables Robust Sim-to-Real Transfer,Tyler Ga Wei Lum; Albert H. Li; Preston Culbertson; Krishnan Srinivasan; Aaron Ames; Mac Schwager; Jeannette Bohg,,2024,Conference on Robot Learning,https://raw.githubusercontent.com/mlresearch/v270/main/assets/lum25b/lum25b.pdf,,Открыто
Learning Robotic Locomotion Affordances and Photorealistic Simulators from Human-Captured Data,Alejandro Escontrela; Justin Kerr; Kyle Stachowicz; Pieter Abbeel,,2024,Conference on Robot Learning,https://raw.githubusercontent.com/mlresearch/v270/main/assets/escontrela25a/escontrela25a.pdf,,Открыто
EscIRL: Evolving Self-Contrastive IRL for Trajectory Prediction in Autonomous Driving,Siyue Wang; Zhaorun Chen; Zhuokai Zhao; Chaoli Mao; Yiyang Zhou; Jiayu He; Albert Sibo Hu,,2024,Conference on Robot Learning,https://raw.githubusercontent.com/mlresearch/v270/main/assets/wang25n/wang25n.pdf,,Открыто
Provably Safe Online Multi-Agent Navigation in Unknown Environments,Zhan Gao; Guang Yang; Jasmine Bayrooti; Amanda Prorok,,2024,Conference on Robot Learning,https://raw.githubusercontent.com/mlresearch/v270/main/assets/gao25c/gao25c.pdf,,Открыто
