title,authors,author_affiliations,publication_year,publication_title,pdf_url,doi,access_status,abstract,article_number,source,conference_code,publication_type
Shape reconstruction of CCD camera-based soft tactile sensors,Gabor Soter; Helmut Hauser; Andrew Conn; Jonathan Rossiter; Kohei Nakajima,,2020,2020 IEEE/RSJ International Conference on Intelligent Robots and Systems (IROS),https://ieeexplore.ieee.org/document/9341698/,10.1109/IROS45743.2020.9341698,Заблокировано,CCD camera-based tactile sensors provide high-resolution information about the deformation of soft and elastic interfaces. However; they have poor scalibility as it is difficult to sense a large surface area without increasing the distance between the camera and the interface or using multiple processing chips. For example; using such tactile sensors for a whole robotic arm is not yet possible. In this work; we demonstrate a data driven method that can reconstruct the high-resolution information about deformation of the soft interface while keeping the space requirements and power consumption relatively low. Our modified tactile sensor incorporates two independent sensing techniques; one low- and one high-resolution; and we learn to map to the latter from the former. As a low-resolution sensor; we use liquid-filled channels that transmit the information from the location of the tactile interaction to a rigid display; where the liquid displacements are tracked by a CCD camera. Simultaneously; the same interaction is measured by tracking the markers on the bottom of the sensor using a second CCD camera. After data collection; we train two different machine learning models to reconstruct the time series of the high-resolution sensor. By training a convolutional autoencoder (CAE) and attaching it to the recurrent neural network (RNN); we demonstrate the reconstruction of high-resolution video frames using only the time series of the low-resolution sensor.,9341698,ieee,IROS,conference
Context and Intention aware 3D Human Body Motion Prediction using an Attention Deep Learning model in Handover Tasks,Javier Laplaza; Francesc Moreno-Noguer; Alberto Sanfeliu,,2022,2022 IEEE/RSJ International Conference on Intelligent Robots and Systems (IROS),https://ieeexplore.ieee.org/document/9981465/,10.1109/IROS47612.2022.9981465,Заблокировано,This work explores how contextual information and human intention affect the motion prediction of humans during a handover operation with a social robot. By classifying human intention in four different classes; we developed a model able to generate a different motion for each intention class. Furthermore; the model uses a multi-headed attention architecture to add contextual information to the pipeline; such as the position of the robot end effector (REE) or the position of obstacles in the interaction scene. We generate predictions up to two and half seconds in the future given an input sequence of one second containing the previous motion of the human. The results show an improvement of the prediction accuracy; both for the full skeleton prediction and the human hand used for the delivery. The model also allows to generate different sequences with the desired human intention.,9981465,ieee,IROS,conference
Semantic Scene Difference Detection in Daily Life Patroling by Mobile Robots Using Pre-Trained Large-Scale Vision-Language Model,Yoshiki Obinata; Kento Kawaharazuka; Naoaki Kanazawa; Naoya Yamaguchi; Naoto Tsukamoto; Iori Yanokura; Shingo Kitagawa; Koki Shinjo; Kei Okada; Masayuki Inaba,,2023,2023 IEEE/RSJ International Conference on Intelligent Robots and Systems (IROS),https://ieeexplore.ieee.org/document/10342467/,10.1109/IROS55552.2023.10342467,Заблокировано,It is important for daily life support robots to detect changes in their environment and perform tasks. In the field of anomaly detection in computer vision; probabilistic and deep learning methods have been used to calculate the image distance. These methods calculate distances by focusing on image pixels. In contrast; this study aims to detect semantic changes in the daily life environment using the current development of large-scale vision-language models. Using its Visual Question Answering (VQA) model; we propose a method to detect semantic changes by applying multiple questions to a reference image and a current image and obtaining answers in the form of sentences. Unlike deep learning-based methods in anomaly detection; this method does not require any training or fine-tuning; is not affected by noise; and is sensitive to semantic state changes in the real world. In our experiments; we demonstrated the effectiveness of this method by applying it to a patrol task in a real-life environment using a mobile robot; Fetch Mobile Manipulator. In the future; it may be possible to add explanatory power to changes in the daily life environment through spoken language.,10342467,ieee,IROS,conference
Ultra-Low Inertia 6-DOF Manipulator Arm for Touching the World,Kazutoshi Nishii; Akira Hatano; Yoshihiro Okumatsu,,2023,2023 IEEE/RSJ International Conference on Intelligent Robots and Systems (IROS),https://ieeexplore.ieee.org/document/10342445/,10.1109/IROS55552.2023.10342445,Заблокировано,As robotic intelligence increases; so does the im-portance of agents that collect data from real-world environments. When learning in contact with the environment; one must consider how to minimize the impact on the environment and maintain reproducibility. To achieve this; the contact force with the environment must be reduced. One way to achieve this is to reduce the inertia of the arm. In this study; we present an arm we have developed with 6 degrees of freedom and low inertia. The inertia of our arm has been significantly reduced compared to previous research; and experiments have confirmed that it also has low joint friction torque and good contact sensitivity.,10342445,ieee,IROS,conference
Tendon-Driven Continuum Robot for Deep-Sea Application,Cora Maria Sourkounis; Tom Kwasnitschka; Annika Raatz,,2024,2024 IEEE International Conference on Robotics and Automation (ICRA),https://ieeexplore.ieee.org/document/10611177/,10.1109/ICRA57147.2024.10611177,Заблокировано,The extreme conditions of the deep sea require the use of large and expensive diving robots designed to withstand the high pressure in these depths. In order to reduce the costs for sediment sampling in the deep sea and thus facilitate the explorations of rare deep-sea ecosystems; the goal of this research is to design an alternative manipulator for deep-sea suction sampling. Instead of relying on heavy hydraulic rigid manipulators that deep-sea diving robots are commonly equipped with; we introduce a new concept for a lightweight actuation system that can be used in combination with a traditional diving robot and a suction sampling system. The proposed concept consists of a series of rigid links connected by angled swivel joints. Each segment is actuated by tendons; which allows for continuous bending. The system can be adapted to various sizes of host systems; and the links and joints are printed in place; simplifying the manufacturing process.,10611177,ieee,ICRA,conference
Neural Network Based Inverse Kinematics Solution for 6-R Robot Implement Using R Package Neuralnet,Yuqi Peng; Zhangyan Peng; Tonghan Lan,,2021,2021 5th International Conference on Robotics and Automation Sciences (ICRAS),https://ieeexplore.ieee.org/document/9476364/,10.1109/ICRAS52289.2021.9476364,Заблокировано,R packages neuralnet is used to calculate the inverse kinematics of the ABB IRB7600-500 robot 6-revolute jointed robot arm. This robot arm is required to move from a position to the desired position with a minimum error in the workspace. The commonly methods are not sufficient; it can not solve the complex kinematics problems of the redundant robotic manipulators. To overcome such complicated things; ANNs are used nowadays. Firstly we analyzed the kinematics of 6-DOF robotic arm; secondly quintic polynomials was applied in 6-DOF robotic arm trajectory planning. The network is trained using the input data and the performance plot; training state and regression plots are observed. In this training; Random rule divides the data where 70% data are assigned to training set; 30% data to test set.at the same times; theta error were obtained acceptable.,9476364,ieee,ICRA,conference
Intelligent Motion Control Method Based on Directional Drive for 3-DOF Robotic Arm,Hengyu Man; Niu Ge; Liangjun Xu,,2021,2021 5th International Conference on Robotics and Automation Sciences (ICRAS),https://ieeexplore.ieee.org/document/9476365/,10.1109/ICRAS52289.2021.9476365,Заблокировано,There are observations indicating that the primary motor cortex of the brain drives arm movement by encoding directional signals. In this study; we proposed an intelligent motion control method based on directional drive for target reaching task of robotic arms. Our proposed method focuses on simulating the control mechanism above by the direction-based reward function in reinforcement learning (RL). Specifically; this reward function was designed using the deviation between the actual motion direction and the expected direction of the robotic arm. Then; an intelligent motion control algorithm established by deep deterministic policy gradient (DDPG) was put forward to enable the end-effector of the robotic arm to reach the target automatically. Finally; our presented method was verified by simulations on 3-DOF robotic arm; and the success rate of target-reaching is around 90%. The experimental results show that our designed reward function effectively simulates the control mechanism of the brain.,9476365,ieee,ICRA,conference
Brain Computer Interface for Neurorehabilitation with Kinesthetic Feedback,Adithya K; Saurabh Jacob Kuruvila; Sarang Pramode; Niranjana Krupa,,2020,2020 5th International Conference on Robotics and Automation Engineering (ICRAE),https://ieeexplore.ieee.org/document/9310801/,10.1109/ICRAE50850.2020.9310801,Заблокировано,This study aims to record and translate the process of motor imagery to enable orthotic extension and flexion of the finger. This study probes the feasibility of developing a Brain Computer Interface system by prioritizing - Data Acquisition; Deep Learning; and End Effector of the system. The optimal channels to record MI data were deduced using Recursive Feature Elimination from a sixty four channel online dataset. Eight electrode channels of the OpenBCI Cyton kit were used; covering the sensorimotor cortex region of five subjects to record electroencephalographic data by following a standardized EEG acquisition protocol. Classification of tasks was carried out on a custom deep learning architecture using a convolutional layer and LSTM. The results were passed to an orthotic brace that provided a kinesthetic feedback mechanism to improve grip strength and support the neurorehabilitation of its user.,9310801,ieee,ICRA,conference
Learning Friction Model for Tethered Capsule Robot,Yi Wang; Yuchen He; Xutian Deng; Ziwei Lei; Yiting Chen; Miao Li,,2021,2021 6th International Conference on Robotics and Automation Engineering (ICRAE),https://ieeexplore.ieee.org/document/9657825/,10.1109/ICRAE53653.2021.9657825,Заблокировано,With the potential applications of capsule robots in medical endoscopy; accurate dynamic control of the capsule robot is becoming more and more important. In the scale of a capsule robot; the friction between capsule and the environment plays an essential role in the dynamic model; which is usually difficult to model beforehand. In the paper; a tethered capsule robot system driven by a robot manipulator is built; where a strong magnetic Halbach array is mounted on the robot's end-effector to adjust the state of the capsule. To increase the control accuracy; the friction between capsule and the environment is learned with demonstrated trajectories. With the learned friction model; experimental results demonstrate an improvement of 5.6% in terms of tracking error.,9657825,ieee,ICRA,conference
Variable Stiffness Control via External Torque Estimation Using LSTM,Jaesug Jung; Seungbin You; Donghyeon Kim; Jaeheung Park,,2022,2022 International Conference on Robotics and Automation (ICRA),https://ieeexplore.ieee.org/document/9811955/,10.1109/ICRA46639.2022.9811955,Заблокировано,Stable contact and safe responses to the collision have been studied to develop interactive robots such as service and collaborative robots. Stable and safe interactions are usually achieved through the inherent compliance of a motion controller with external torque estimation. However; a fixed control gain would sacrifice either compliance or position tracking performance. Additionally; external torque estimation is susceptible to model errors. In this study; a novel variable stiffness control approach is proposed to achieve a high position tracking performance in free motion and compliant behavior in the contact state. For this purpose; a precise estimation of the external torque and control gains that change based on the external torque are required. To estimate the external torque precisely; a collision detecting learning algorithm that uses long short-term memory (LSTM) is adopted. Although this method uses only proprioceptive sensors; its torque estimation capability is comparable to that of methods that use additional sensors. Then; the stiffness of a motion controller is adjusted based on the external torque in the stable region. Moreover; by adopting the Operational Space Formulation considering joint elasticity for a motion controller; high position tracking performance can be achieved with only proprioceptive sensors. The performance of the proposed method was validated through comparative experiments with two degrees of freedom (DoF) manipulator.,9811955,ieee,ICRA,conference
Deep Learning Based Autonomous Robotic Grasping and Sorting System for Industry 4.0,Muhammad Arsalan; Abid Imran; Syed Salman Shah; Sahar Malaika; Zar Afshan Iqbal,,2024,2024 International Conference on Robotics and Automation in Industry (ICRAI),https://ieeexplore.ieee.org/document/10894445/,10.1109/ICRAI62391.2024.10894445,Заблокировано,This paper introduces a deep learning (DL)-based vision system for real-time object detection; grasping; and sorting using a UR5e robotic manipulator; aimed to address the challenges faced in industrial automation while grasping and sorting randomly placed objects in the workspace. The system utilizes a fine-tuned detection model; YOLOv8s; trained on a custom dataset of three distinct objects for testing a real-time grasping and sorting system using DL. Once the objects are detected in the workspace; image processing techniques are applied to each detected object to extract the accurate grasping information like the centroid and the orientation. This information is then converted to the robotic arm-based coordinate system to ensure the accurate manipulation of the objects in the workspace. The system is tested in the cluttered environment of the tabletop workspace to grasp and sort the objects; significantly enhancing both speed and accuracy in real-time industrial tasks. Experimental results show grasping accuracy of 93.33%; demonstrating the system's potential to improve automation efficiency in Industry 4.0 applications.,10894445,ieee,ICRA,conference
Antipodal Robotic Grasping using Generative Residual Convolutional Neural Network,Sulabh Kumra; Shirin Joshi; Ferat Sahin,,2020,2020 IEEE/RSJ International Conference on Intelligent Robots and Systems (IROS),https://ieeexplore.ieee.org/document/9340777/,10.1109/IROS45743.2020.9340777,Заблокировано,In this paper; we present a modular robotic system to tackle the problem of generating and performing antipodal robotic grasps for unknown objects from the n-channel image of the scene. We propose a novel Generative Residual Convolutional Neural Network (GR-ConvNet) model that can generate robust antipodal grasps from n-channel input at real-time speeds (~20ms). We evaluate the proposed model architecture on standard datasets and a diverse set of household objects. We achieved state-of-the-art accuracy of 97.7% and 94.6% on Cornell and Jacquard grasping datasets; respectively. We also demonstrate a grasp success rate of 95.4% and 93% on household and adversarial objects; respectively; using a 7 DoF robotic arm.,9340777,ieee,IROS,conference
Motion Planning Diffusion: Learning and Planning of Robot Motions with Diffusion Models,João Carvalho; An T. Le; Mark Baierl; Dorothea Koert; Jan Peters,,2023,2023 IEEE/RSJ International Conference on Intelligent Robots and Systems (IROS),https://ieeexplore.ieee.org/document/10342382/,10.1109/IROS55552.2023.10342382,Заблокировано,Learning priors on trajectory distributions can help accelerate robot motion planning optimization. Given previously successful plans; learning trajectory generative models as priors for a new planning problem is highly desirable. Prior works propose several ways on utilizing this prior to bootstrapping the motion planning problem. Either sampling the prior for initializations or using the prior distribution in a maximum-a-posterior formulation for trajectory optimization. In this work; we propose learning diffusion models as priors. We then can sample directly from the posterior trajectory distribution conditioned on task goals; by leveraging the inverse denoising process of diffusion models. Furthermore; diffusion has been recently shown to effectively encode data multi-modality in high-dimensional settings; which is particularly well-suited for large trajectory dataset. To demonstrate our method efficacy; we compare our proposed method - Motion Planning Diffusion - against several baselines in simulated planar robot and 7-dof robot arm manipulator environments. To assess the generalization capabilities of our method; we test it in environments with previously unseen obstacles. Our experiments show that diffusion models are strong priors to encode high-dimensional trajectory distributions of robot motions. https://sites.google.com/view/mp-diffusion,10342382,ieee,IROS,conference
Transformer-based deep imitation learning for dual-arm robot manipulation,Heecheol Kim; Yoshiyuki Ohmura; Yasuo Kuniyoshi,,2021,2021 IEEE/RSJ International Conference on Intelligent Robots and Systems (IROS),https://ieeexplore.ieee.org/document/9636301/,10.1109/IROS51168.2021.9636301,Заблокировано,Deep imitation learning is promising for solving dexterous manipulation tasks because it does not require an environment model and pre-programmed robot behavior. However; its application to dual-arm manipulation tasks remains challenging. In a dual-arm manipulation setup; the increased number of state dimensions caused by the additional robot manipulators causes distractions and results in poor performance of the neural networks. We address this issue using a self-attention mechanism that computes dependencies between elements in a sequential input and focuses on important elements. A Transformer; a variant of self-attention architecture; is applied to deep imitation learning to solve dual-arm manipulation tasks in the real world. The proposed method has been tested on dual-arm manipulation tasks using a real robot. The experimental results demonstrated that the Transformer-based deep imitation learning architecture can attend to the important features among the sensory inputs; therefore reducing distractions and improving manipulation performance when compared with the baseline architecture without the self-attention mechanisms.,9636301,ieee,IROS,conference
Multimodal Material Classification for Robots using Spectroscopy and High Resolution Texture Imaging,Zackory Erickson; Eliot Xing; Bharat Srirangam; Sonia Chernova; Charles C. Kemp,,2020,2020 IEEE/RSJ International Conference on Intelligent Robots and Systems (IROS),https://ieeexplore.ieee.org/document/9341165/,10.1109/IROS45743.2020.9341165,Заблокировано,Material recognition can help inform robots about how to properly interact with and manipulate real-world objects. In this paper; we present a multimodal sensing technique; leveraging near-infrared spectroscopy and close-range high resolution texture imaging; that enables robots to estimate the materials of household objects. We release a dataset of high resolution texture images and spectral measurements collected from a mobile manipulator that interacted with 144 house-hold objects. We then present a neural network architecture that learns a compact multimodal representation of spectral measurements and texture images. When generalizing material classification to new objects; we show that this multimodal representation enables a robot to recognize materials with greater performance as compared to prior state-of-the-art approaches. Finally; we present how a robot can combine this high resolution local sensing with images from the robot's head-mounted camera to achieve accurate material classification over a scene of objects on a table.,9341165,ieee,IROS,conference
Safe Reinforcement Learning using Formal Verification for Tissue Retraction in Autonomous Robotic-Assisted Surgery,Ameya Pore; Davide Corsi; Enrico Marchesini; Diego Dall’Alba; Alicia Casals; Alessandro Farinelli; Paolo Fiorini,,2021,2021 IEEE/RSJ International Conference on Intelligent Robots and Systems (IROS),https://ieeexplore.ieee.org/document/9636175/,10.1109/IROS51168.2021.9636175,Заблокировано,Deep Reinforcement Learning (DRL) is a viable solution for automating repetitive surgical subtasks due to its ability to learn complex behaviours in a dynamic environment. This task automation could lead to reduced surgeon’s cognitive workload; increased precision in critical aspects of the surgery; and fewer patient-related complications. However; current DRL methods do not guarantee any safety criteria as they maximise cumulative rewards without considering the risks associated with the actions performed. Due to this limitation; the application of DRL in the safety-critical paradigm of robot-assisted Minimally Invasive Surgery (MIS) has been constrained. In this work; we introduce a Safe-DRL framework that incorporates safety constraints for the automation of surgical subtasks via DRL training. We validate our approach in a virtual scene that replicates a tissue retraction task commonly occurring in multiple phases of an MIS. Furthermore; to evaluate the safe behaviour of the robotic arms; we formulate a formal verification tool for DRL methods that provides the probability of unsafe configurations. Our results indicate that a formal analysis guarantees safety with high confidence such that the robotic instruments operate within the safe workspace and avoid hazardous interaction with other anatomical structures.,9636175,ieee,IROS,conference
Autonomous Scanning Target Localization for Robotic Lung Ultrasound Imaging,Xihan Ma; Ziming Zhang; Haichong K. Zhang,,2021,2021 IEEE/RSJ International Conference on Intelligent Robots and Systems (IROS),https://ieeexplore.ieee.org/document/9635902/,10.1109/IROS51168.2021.9635902,Заблокировано,Under the ceaseless global COVID-19 pandemic; lung ultrasound (LUS) is the emerging way for effective diagnosis and severeness evaluation of respiratory diseases. However; close physical contact is unavoidable in conventional clinical ultrasound; increasing the infection risk for health-care workers. Hence; a scanning approach involving minimal physical contact between an operator and a patient is vital to maximize the safety of clinical ultrasound procedures. A robotic ultrasound platform can satisfy this need by remotely manipulating the ultrasound probe with a robotic arm. This paper proposes a robotic LUS system that incorporates the automatic identification and execution of the ultrasound probe placement pose without manual input. An RGB-D camera is utilized to recognize the scanning targets on the patient through a learning-based human pose estimation algorithm and solve for the landing pose to attach the probe vertically to the tissue surface; A position/force controller is designed to handle intraoperative probe pose adjustment for maintaining the contact force. We evaluated the scanning area localization accuracy; motion execution accuracy; and ultrasound image acquisition capability using an upper torso mannequin and a realistic lung ultrasound phantom with healthy and COVID-19-infected lung anatomy. Results demonstrated the overall scanning target localization accuracy of 19.67 ± 4.92 mm and the probe landing pose estimation accuracy of 6.92 ± 2.75 mm in translation; 10.35 ± 2.97 deg in rotation. The contact force-controlled robotic scanning allowed the successful ultrasound image collection; capturing pathological landmarks.,9635902,ieee,IROS,conference
Catch the Ball: Accurate High-Speed Motions for Mobile Manipulators via Inverse Dynamics Learning,Ke Dong; Karime Pereida; Florian Shkurti; Angela P. Schoellig,,2020,2020 IEEE/RSJ International Conference on Intelligent Robots and Systems (IROS),https://ieeexplore.ieee.org/document/9341134/,10.1109/IROS45743.2020.9341134,Заблокировано,Mobile manipulators consist of a mobile platform equipped with one or more robot arms and are of interest for a wide array of challenging tasks because of their extended workspace and dexterity. Typically; mobile manipulators are deployed in slow-motion collaborative robot scenarios. In this paper; we consider scenarios where accurate high-speed motions are required. We introduce a framework for this regime of tasks including two main components: (i) a bi-level motion optimization algorithm for real-time trajectory generation; which relies on Sequential Quadratic Programming (SQP) and Quadratic Programming (QP); respectively; and (ii) a learning-based controller optimized for precise tracking of high-speed motions via a learned inverse dynamics model. We evaluate our framework with a mobile manipulator platform through numerous high-speed ball catching experiments; where we show a success rate of 85.33%. To the best of our knowledge; this success rate exceeds the reported performance of existing related systems [1]; [2] and sets a new state of the art.,9341134,ieee,IROS,conference
Learning Visual Feedback Control for Dynamic Cloth Folding,Julius Hietala; David Blanco–Mulero; Gokhan Alcan; Ville Kyrki,,2022,2022 IEEE/RSJ International Conference on Intelligent Robots and Systems (IROS),https://ieeexplore.ieee.org/document/9981376/,10.1109/IROS47612.2022.9981376,Заблокировано,Robotic manipulation of cloth is a challenging task due to the high dimensionality of the configuration space and the complexity of dynamics affected by various material properties. The effect of complex dynamics is even more pronounced in dynamic folding; for example; when a square piece of fabric is folded in two by a single manipulator. To account for the complexity and uncertainties; feedback of the cloth state using e.g. vision is typically needed. However; construction of visual feedback policies for dynamic cloth folding is an open problem. In this paper; we present a solution that learns policies in simulation using Reinforcement Learning (RL) and transfers the learned policies directly to the real world. In addition; to learn a single policy that manipulates multiple materials; we randomize the material properties in simulation. We evaluate the contributions of visual feedback and material randomization in real-world experiments. The experimental results demonstrate that the proposed solution can fold successfully different fabric types using dynamic manipulation in the real world. Code; data; and videos are available at https://sites.google.com/view/dynamic-cloth-folding.,9981376,ieee,IROS,conference
Regularized Deep Signed Distance Fields for Reactive Motion Generation,Puze Liu; Kuo Zhang; Davide Tateo; Snehal Jauhri; Jan Peters; Georgia Chalvatzaki,,2022,2022 IEEE/RSJ International Conference on Intelligent Robots and Systems (IROS),https://ieeexplore.ieee.org/document/9981456/,10.1109/IROS47612.2022.9981456,Заблокировано,Autonomous robots should operate in real-world dynamic environments and collaborate with humans in tight spaces. A key component for allowing robots to leave structured lab and manufacturing settings is their ability to evaluate online and real-time collisions with the world around them. Distance-based constraints are fundamental for enabling robots to plan their actions and act safely; protecting both humans and their hardware. However; different applications require different distance resolutions; leading to various heuristic approaches for measuring distance fields w.r.t. obstacles; which are computationally expensive and hinder their application in dynamic obstacle avoidance use-cases. We propose Regularized Deep Signed Distance Fields (ReDSDF); a single neural implicit function that can compute smooth distance fields at any scale; with fine-grained resolution over high-dimensional manifolds and articulated bodies like humans; thanks to our effective data generation and a simple inductive bias during training. We demonstrate the effectiveness of our approach in representative simulated tasks for whole-body control (WBC) and safe Human- Robot Interaction (HRI) in shared workspaces. Finally; we provide proof of concept of a real-world application in a HRI handover task with a mobile manipulator robot.,9981456,ieee,IROS,conference
Peg-in-Hole Using 3D Workpiece Reconstruction and CNN-based Hole Detection,Michelangelo Nigro; Monica Sileo; Francesco Pierri; Katia Genovese; Domenico D. Bloisi; Fabrizio Caccavale,,2020,2020 IEEE/RSJ International Conference on Intelligent Robots and Systems (IROS),https://ieeexplore.ieee.org/document/9341068/,10.1109/IROS45743.2020.9341068,Заблокировано,This paper presents a method to cope with autonomous assembly tasks in the presence of uncertainties. To this aim; a Peg-in-Hole operation is considered; where the target workpiece position is unknown and the peg-hole clearance is small. Deep learning based hole detection and 3D surface reconstruction techniques are combined for accurate workpiece localization. In detail; the hole is detected by using a convolutional neural network (CNN); while the target workpiece surface is reconstructed via 3D-Digital Image Correlation (3D-DIC). Peg insertion is performed via admittance control that confers the suitable compliance to the peg. Experiments on a collaborative manipulator confirm that the proposed approach can be promising for achieving a better degree of autonomy for a class of robotic tasks in partially structured environments.,9341068,ieee,IROS,conference
Multi-Fingered Active Grasp Learning,Qingkai Lu; Mark Van der Merwe; Tucker Hermans,,2020,2020 IEEE/RSJ International Conference on Intelligent Robots and Systems (IROS),https://ieeexplore.ieee.org/document/9340783/,10.1109/IROS45743.2020.9340783,Заблокировано,Learning-based approaches to grasp planning are preferred over analytical methods due to their ability to better generalize to new; partially observed objects. However; data collection remains one of the biggest bottlenecks for grasp learning methods; particularly for multi-fingered hands. The relatively high dimensional configuration space of the hands coupled with the diversity of objects common in daily life requires a significant number of samples to produce robust and confident grasp success classifiers. In this paper; we present the first active deep learning approach to grasping that searches over the grasp configuration space and classifier confidence in a unified manner. We base our approach on recent success in planning multi-fingered grasps as probabilistic inference with a learned neural network likelihood function. We embed this within a multi-armed bandit formulation of sample selection. We show that our active grasp learning approach uses fewer training samples to produce grasp success rates comparable with the passive supervised learning method trained with grasping data generated by an analytical planner. We additionally show that grasps generated by the active learner have greater qualitative and quantitative diversity in shape.,9340783,ieee,IROS,conference
Reinforcement Learning Control of a Forestry Crane Manipulator,Jennifer Andersson; Kenneth Bodin; Daniel Lindmark; Martin Servin; Erik Wallin,,2021,2021 IEEE/RSJ International Conference on Intelligent Robots and Systems (IROS),https://ieeexplore.ieee.org/document/9636219/,10.1109/IROS51168.2021.9636219,Заблокировано,Forestry machines are heavy vehicles performing complex manipulation tasks in unstructured production forest environments. Together with the complex dynamics of the onboard hydraulically actuated cranes; the rough forest terrains have posed a particular challenge in forestry automation. In this study; the feasibility of applying reinforcement learning control to forestry crane manipulators is investigated in a simulated environment. Our results show that it is possible to learn successful actuator-space control policies for energy efficient log grasping by invoking a simple curriculum in a deep reinforcement learning setup. Given the pose of the selected logs; our best control policy reaches a grasping success rate of 97%. Including an energy-optimization goal in the reward function; the energy consumption is significantly reduced compared to control policies learned without incentive for energy optimization; while the increase in cycle time is marginal. The energy-optimization effects can be observed in the overall smoother motion and acceleration profiles during crane manipulation.,9636219,ieee,IROS,conference
Towards Adaptive Continuous Control of Soft Robotic Manipulator using Reinforcement Learning,Yingqi Li; Xiaomei Wang; Ka-Wai Kwok,,2022,2022 IEEE/RSJ International Conference on Intelligent Robots and Systems (IROS),https://ieeexplore.ieee.org/document/9981335/,10.1109/IROS47612.2022.9981335,Заблокировано,Although the soft robot is gaining considerable popularity in dexterous and safe manipulation; accurate motion control is still an open problem to be explored. Recent investigations suggest that reinforcement learning (RL) is a promising solution but lacks efficient adaptability for Sim2Real transfer or environment variations. In this paper; we present a deep deterministic policy gradient (DDPG)-based control system for the continuous task-space manipulation of soft robots. Domain randomization is adopted in simulation for fast control-policy initialization; while an offline retraining strategy is utilized to update the controller parameters for incremental learning. The experiments demonstrate that the proposed RL controller can track a moving target accurately (with RMSE of 1.26 mm); and accommodate to external varying load effectively (with ~30% RMSE reduction after retraining). Comparisons among the proposed RL controller and other supervised-learning-based controllers in handling additional tip load were also conducted. The results support that our RL method is appropriate for automatic learning such that there is no need of manual interference for data processing; particularly in cases with external disturbances and actuation redundancy.,9981335,ieee,IROS,conference
Making Robots Draw A Vivid Portrait In Two Minutes,Fei Gao; Jingjie Zhu; Zeyuan Yu; Peng Li; Tao Wang,,2020,2020 IEEE/RSJ International Conference on Intelligent Robots and Systems (IROS),https://ieeexplore.ieee.org/document/9340940/,10.1109/IROS45743.2020.9340940,Заблокировано,Significant progress has been made with artistic robots. However; existing robots fail to produce high-quality portraits in a short time. In this work; we present a drawing robot; which can automatically transfer a facial picture to a vivid portrait; and then draw it on paper within two minutes averagely. At the heart of our system is a novel portrait synthesis algorithm based on deep learning. Innovatively; we employ a self-consistency loss; which makes the algorithm capable of generating continuous and smooth brush-strokes. Besides; we propose a componential sparsity constraint to reduce the number of brush-strokes over insignificant areas. We also implement a local sketch synthesis algorithm; and several pre- and post-processing techniques to deal with the background and details. The portrait produced by our algorithm successfully captures individual characteristics by using a sparse set of continuous brush-strokes. Finally; the portrait is converted to a sequence of trajectories and reproduced by a 3-degree-of-freedom robotic arm. The whole portrait drawing robotic system is named AiSketcher. Extensive experiments show that AiSketcher can produce considerably high-quality sketches for a wide range of pictures; including faces in-the-wild and universal images of arbitrary content. To our best knowledge; AiSketcher is the first portrait drawing robot that uses neural style transfer techniques. AiSketcher has attended a quite number of exhibitions and shown remarkable performance under diverse circumstances.,9340940,ieee,IROS,conference
A Probabilistic Model for Planar Sliding of Objects with Unknown Material Properties: Identification and Robust Planning,Changkyu Song; Abdeslam Boularias,,2020,2020 IEEE/RSJ International Conference on Intelligent Robots and Systems (IROS),https://ieeexplore.ieee.org/document/9341468/,10.1109/IROS45743.2020.9341468,Заблокировано,This paper introduces a new technique for learning probabilistic models of mass and friction distributions of unknown objects; and performing robust sliding actions by using the learned models. The proposed method is executed in two consecutive phases. In the exploration phase; a table-top object is poked by a robot from different angles. The observed motions of the object are compared against simulated motions with various hypothesized mass and friction models. The simulation-to-reality gap is then differentiated with respect to the unknown mass and friction parameters; and the analytically computed gradient is used to optimize those parameters. Since it is difficult to disentangle the mass from the friction coefficients in low-data and quasi-static motion regimes; our approach retains a set of locally optimal pairs of mass and friction models. A probability distribution on the models is computed based on the relative accuracy of each pair of models. In the exploitation phase; a probabilistic planner is used to select a goal configuration and waypoints that are stable with a high confidence. The proposed technique is evaluated on real objects and using a real manipulator. The results show that this technique can not only identify accurately mass and friction coefficients of non-uniform heterogeneous objects; but can also be used to successfully slide an unknown object to the edge of a table and pick it up from there; without any human assistance or feedback.,9341468,ieee,IROS,conference
Learning of Parameters in Behavior Trees for Movement Skills,Matthias Mayr; Konstantinos Chatzilygeroudis; Faseeh Ahmad; Luigi Nardi; Volker Krueger,,2021,2021 IEEE/RSJ International Conference on Intelligent Robots and Systems (IROS),https://ieeexplore.ieee.org/document/9636292/,10.1109/IROS51168.2021.9636292,Заблокировано,Reinforcement Learning (RL) is a powerful mathematical framework that allows robots to learn complex skills by trial-and-error. Despite numerous successes in many applications; RL algorithms still require thousands of trials to converge to high-performing policies; can produce dangerous behaviors while learning; and the optimized policies (usually modeled as neural networks) give almost zero explanation when they fail to perform the task. For these reasons; the adoption of RL in industrial settings is not common. Behavior Trees (BTs); on the other hand; can provide a policy representation that a) supports modular and composable skills; b) allows for easy interpretation of the robot actions; and c) provides an advantageous low-dimensional parameter space. In this paper; we present a novel algorithm that can learn the parameters of a BT policy in simulation and then generalize to the physical robot without any additional training. We leverage a physical simulator with a digital twin of our workstation; and optimize the relevant parameters with a black-box optimizer. We showcase the efficacy of our method with a 7-DOF KUKAiiwa manipulator in a task that includes obstacle avoidance and a contact-rich insertion (peg-in-hole); in which our method outperforms the baselines.,9636292,ieee,IROS,conference
GELLO: A General; Low-Cost; and Intuitive Teleoperation Framework for Robot Manipulators,Philipp Wu; Yide Shentu; Zhongke Yi; Xingyu Lin; Pieter Abbeel,,2024,2024 IEEE/RSJ International Conference on Intelligent Robots and Systems (IROS),https://ieeexplore.ieee.org/document/10801581/,10.1109/IROS58592.2024.10801581,Заблокировано,Humans can teleoperate robots to accomplish complex manipulation tasks. Imitation learning has emerged as a powerful framework that leverages human teleoperated demonstrations to teach robots new skills. However; the performance of the learned policies is bottlenecked by the quality; scale; and variety of the demonstration data. In this paper; we aim to lower the barrier to collecting large and high-quality human demonstration data by proposing a GEneraL framework for building LOw-cost and intuitive teleoperation systems for robotic manipulation (GELLO). Given a target robot arm; we build a GELLO controller device that has the same kinematic structure as the target arm; leveraging 3D-printed parts and economical off-the-shelf motors. GELLO is easy to build and intuitive to use. Through an extensive user study; we show that GELLO enables more reliable and efficient demonstration collection compared to other cost efficient teleoperation devices commonly used in the imitation learning literature such as virtual reality controllers and 3D spacemouses. We further demonstrate the capabilities of GELLO for performing complex bi-manual and contact-rich manipulation tasks. To make GELLO accessible to everyone; we have designed and built GELLO systems for 3 commonly used robotic arms: Franka; UR5; and xArm. All software and hardware are open-sourced and can be found on our website: https://wuphilipp.github.io/gello/.,10801581,ieee,IROS,conference
Learning Forceful Manipulation Skills from Multi-modal Human Demonstrations,An T. Le; Meng Guo; Niels van Duijkeren; Leonel Rozo; Robert Krug; Andras G. Kupcsik; Mathias Bürger,,2021,2021 IEEE/RSJ International Conference on Intelligent Robots and Systems (IROS),https://ieeexplore.ieee.org/document/9636828/,10.1109/IROS51168.2021.9636828,Заблокировано,Learning from Demonstration (LfD) provides an intuitive and fast approach to program robotic manipulators. Task parameterized representations allow easy adaptation to new scenes and online observations. However; this approach has been limited to pose-only demonstrations and thus only skills with spatial and temporal features. In this work; we extend the LfD framework to address forceful manipulation skills; which are of great importance for industrial processes such as assembly. For such skills; multi-modal demonstrations including robot end-effector poses; force and torque readings; and operation scene are essential. Our objective is to reproduce such skills reliably according to the demonstrated pose and force profiles within different scenes. The proposed method combines our previous work on task-parameterized optimization and attractor-based impedance control. The learned skill model consists of (i) the attractor model that unifies the pose and force features; and (ii) the stiffness model that optimizes the stiffness for different stages of the skill. Furthermore; an online execution algorithm is proposed to adapt the skill execution to real-time observations of robot poses; measured forces; and changed scenes. We validate this method rigorously on a 7-DoF robot arm over several steps of an E-bike motor assembly process; which require different types of forceful interaction such as insertion; sliding and twisting.,9636828,ieee,IROS,conference
Joint Space Control via Deep Reinforcement Learning,Visak Kumar; David Hoeller; Balakumar Sundaralingam; Jonathan Tremblay; Stan Birchfield,,2021,2021 IEEE/RSJ International Conference on Intelligent Robots and Systems (IROS),https://ieeexplore.ieee.org/document/9636477/,10.1109/IROS51168.2021.9636477,Заблокировано,The dominant way to control a robot manipulator uses hand-crafted differential equations leveraging some form of inverse kinematics / dynamics. We propose a simple; versatile joint-level controller that dispenses with differential equations entirely. A deep neural network; trained via model-free reinforcement learning; is used to map from task space to joint space. Experiments show the method capable of achieving similar error to traditional methods; while greatly simplifying the process by automatically handling redundancy; joint limits; and acceleration / deceleration profiles. The basic technique is extended to avoid obstacles by augmenting the input to the network with information about the nearest obstacles. Results are shown both in simulation and on a real robot via sim-to-real transfer of the learned policy. We show that it is possible to achieve sub-centimeter accuracy; both in simulation and the real world; with a moderate amount of training.,9636477,ieee,IROS,conference
Learning Goal-Oriented Non-Prehensile Pushing in Cluttered Scenes,Nils Dengler; David Großklaus; Maren Bennewitz,,2022,2022 IEEE/RSJ International Conference on Intelligent Robots and Systems (IROS),https://ieeexplore.ieee.org/document/9981873/,10.1109/IROS47612.2022.9981873,Заблокировано,Pushing objects through cluttered scenes is a challenging task; especially when the objects to be pushed have initially unknown dynamics and touching other entities has to be avoided to reduce the risk of damage. In this paper; we approach this problem by applying deep reinforcement learning to generate pushing actions for a robotic manipulator acting on a planar surface where objects have to be pushed to goal locations while avoiding other items in the same workspace. With the latent space learned from a depth image of the scene and other observations of the environment; such as contact information between the end effector and the object as well as distance to the goal; our framework is able to learn contact-rich pushing actions that avoid collisions with other objects. As the experimental results with a six degrees of freedom robotic arm show; our system is able to successfully push objects from start to end positions while avoiding nearby objects. Furthermore; we evaluate our learned policy in comparison to a state-of-the-art pushing controller for mobile robots and show that our agent performs better in terms of success rate; collisions with other objects; and continuous object contact in various scenarios.,9981873,ieee,IROS,conference
AuraSense: Robot Collision Avoidance by Full Surface Proximity Detection,Xiaoran Fan; Riley Simmons-Edler; Daewon Lee; Larry Jackel; Richard Howard; Daniel Lee,,2021,2021 IEEE/RSJ International Conference on Intelligent Robots and Systems (IROS),https://ieeexplore.ieee.org/document/9635919/,10.1109/IROS51168.2021.9635919,Заблокировано,Perceiving obstacles and avoiding collisions is fundamental to the safe operation of a robot system; particularly when the robot must operate in highly dynamic human environments. Proximity detection using on-robot sensors can be used to avoid or mitigate impending collisions. However; existing proximity sensing methods are orientation and placement dependent; resulting in blind spots even with large numbers of sensors. In this paper; we introduce the phenomenon of the Leaky Surface Wave (LSW); a novel sensing modality; and present AuraSense; a proximity detection system using the LSW. AuraSense is the first system to realize no-dead-spot proximity sensing for robot arms. It requires only a single pair of piezoelectric transducers; and can easily be applied to off-the-shelf robots with minimal modifications. We further introduce a set of signal processing techniques and a lightweight neural network to address the unique challenges in using the LSW for proximity sensing. Finally; we demonstrate a prototype system consisting of a single piezoelectric element pair on a robot manipulator; which validates our design. We conducted several micro benchmark experiments and performed more than 2000 on-robot proximity detection trials with various potential robot arm materials; colliding objects; approach patterns; and robot movement patterns. AuraSense achieves 100% and 95.3% true positive proximity detection rates when the arm approaches static and mobile obstacles respectively; with a true negative rate over 99%; showing the real-world viability of this system.,9635919,ieee,IROS,conference
Distributed Reinforcement Learning of Targeted Grasping with Active Vision for Mobile Manipulators,Yasuhiro Fujita; Kota Uenishi; Avinash Ummadisingu; Prabhat Nagarajan; Shimpei Masuda; Mario Ynocente Castro,,2020,2020 IEEE/RSJ International Conference on Intelligent Robots and Systems (IROS),https://ieeexplore.ieee.org/document/9341605/,10.1109/IROS45743.2020.9341605,Заблокировано,Developing personal robots that can perform a diverse range of manipulation tasks in unstructured environments necessitates solving several challenges for robotic grasping systems. We take a step towards this broader goal by presenting the first RL-based system; to our knowledge; for a mobile manipulator that can (a) achieve targeted grasping generalizing to unseen target objects; (b) learn complex grasping strategies for cluttered scenes with occluded objects; and (c) perform active vision through its movable wrist camera to better locate objects. The system is informed of the desired target object in the form of a single; arbitrary-pose RGB image of that object; enabling the system to generalize to unseen objects without retraining. To achieve such a system; we combine several advances in deep reinforcement learning and present a large-scale distributed training system using synchronous SGD that seamlessly scales to multi-node; multi-GPU infrastructure to make rapid prototyping easier. We train and evaluate our system in a simulated environment; identify key components for improving performance; analyze its behaviors; and transfer to a real-world setup.,9341605,ieee,IROS,conference
Blind Bin Picking of Small Screws Through In-finger Manipulation With Compliant Robotic Fingers,Matthew Ishige; Takuya Umedachi; Yoshihisa Ijiri; Tadahiro Taniguchi; Yoshihiro Kawahara,,2020,2020 IEEE/RSJ International Conference on Intelligent Robots and Systems (IROS),https://ieeexplore.ieee.org/document/9341423/,10.1109/IROS45743.2020.9341423,Заблокировано,"Although picking up objects a few centimeters in size is a common task; achieving such ability in a robot manipulator remains challenging. We take a step toward solving this problem by focusing on the task of picking a 1.0-cm screw from a bulk bin using only tactile information to achieve the task. Inspired by how humans pick up small objects from a bin; we propose a ""grasp-separate"" strategy for robotic picking; which involves grasping many objects first and then separating a single object through manipulation in the fingers; for robotic picking. Based on this strategy; we developed a tactile-based screw bin-picking system. We trained a convolution neural network to estimate the number of screws in the fingers first and built a controller that generates manipulation behaviors to separate a screw using reinforcement learning. To compensate for the low resolution of off-the-shelf tactile sensor arrays; we adopted active sensing; which uses observations obtained during a predefined simple movement. We show that this approach enhances the estimation accuracy and manipulation performance. Furthermore; to enable flexible finger motion; such as between the thumb and the index finger in a human hand; we propose a soft robot finger structure that leverages compliant materials. A soft actor-critic algorithm successfully found dexterous screw separation behaviors in compliant soft robotic fingers. In the evaluation; the system obtained an average success rate of 80%; which was difficult to achieve without the grasp-separate manipulation technique.",9341423,ieee,IROS,conference
A Learning Approach to Robot-Agnostic Force-Guided High Precision Assembly,Jieliang Luo; Hui Li,,2021,2021 IEEE/RSJ International Conference on Intelligent Robots and Systems (IROS),https://ieeexplore.ieee.org/document/9636328/,10.1109/IROS51168.2021.9636328,Заблокировано,In this work we propose a learning approach to high-precision robotic assembly problems. We focus on the contact-rich phase; where the assembly pieces are in close contact with each other. Unlike many learning-based approaches that heavily rely on vision or spatial tracking; our approach takes force/torque in task space as the only observation. Our training environment is robotless; as the end-effector is not attached to any specific robot. Trained policies can then be applied to different robotic arms without re-training. This approach can greatly reduce complexity to perform contact-rich robotic assembly in the real world; especially in unstructured settings such as in architectural construction. To achieve it; we have developed a new distributed RL agent; named Recurrent Distributed DDPG (RD2); which extends Ape-X DDPG[1] with recurrency and makes two structural improvements on prioritized experience replay[2]. Our results show that RD2 is able to solve two fundamental high-precision assembly tasks; lap-joint and peg-in-hole; and outperforms two state-of-the-art algorithms; Ape-X DDPG and PPO with LSTM. We have successfully evaluated our robot-agnostic policies on three robotic arms; Kuka KR60; Franka Panda; and UR10; in simulation. The video presenting our experiments is available at https://sites.google.com/view/rd2-rl,9636328,ieee,IROS,conference
A Unified and Modular Model Predictive Control Framework for Soft Continuum Manipulators under Internal and External Constraints,Filippo A. Spinelli; Robert K. Katzschmann,,2022,2022 IEEE/RSJ International Conference on Intelligent Robots and Systems (IROS),https://ieeexplore.ieee.org/document/9981702/,10.1109/IROS47612.2022.9981702,Заблокировано,Fluidically actuated soft robots have promising capabilities such as inherent compliance and user safety. The control of soft robots needs to properly handle nonlinear actuation dynamics; motion constraints; workspace limitations; and variable shape stiffness; so having a unique algorithm for all these issues would be extremely beneficial. In this work; we adapt Model Predictive Control (MPC); popular for rigid robots; to a soft robotic arm called SoPrA. We address the challenges that current control methods are facing; by proposing a frame-work that handles these in a modular manner. While previous work focused on Joint-Space formulations; we show through simulation and experimental results that Task-Space MPC can be successfully implemented for dynamic soft robotic control. We provide a way to couple the Piece-wise Constant Curvature and Augmented Rigid Body Model assumptions with internal and external constraints and actuation dynamics; delivering an algorithm that unites these aspects and optimizes over them. We believe that a MPC implementation based on our approach could be the way to address most of model-based soft robotics control issues within a unified and modular framework; while allowing to include improvements that usually belong to other control domains such as machine learning techniques.,9981702,ieee,IROS,conference
Graph-based Reinforcement Learning meets Mixed Integer Programs: An application to 3D robot assembly discovery,Niklas Funk; Svenja Menzenbach; Georgia Chalvatzaki; Jan Peters,,2022,2022 IEEE/RSJ International Conference on Intelligent Robots and Systems (IROS),https://ieeexplore.ieee.org/document/9981784/,10.1109/IROS47612.2022.9981784,Заблокировано,Robot assembly discovery (RAD) is a challenging problem that lives at the intersection of resource allocation and motion planning. The goal is to combine a predefined set of objects to form something new while considering task execution with the robot-in-the-loop. In this work; we tackle the problem of building arbitrary; predefined target structures entirely from scratch using a set of Tetris-like building blocks and a robotic manipulator. Our novel hierarchical approach aims at efficiently decomposing the overall task into three feasible levels that benefit mutually from each other. On the high level; we run a classical mixed-integer program for global optimization of block-type selection and the blocks' final poses to recreate the desired shape. Its output is then exploited to efficiently guide the exploration of an underlying reinforcement learning (RL) policy. This RL policy draws its generalization properties from a flexible graph-based representation that is learned through Q-learning and can be refined with search. Moreover; it accounts for the necessary conditions of structural stability and robotic feasibility that cannot be effectively reflected in the previous layer. Lastly; a grasp and motion planner transforms the desired assembly commands into robot joint movements. We demonstrate our proposed method's performance on a set of competitive simulated RAD environments; showcase real-world transfer; and report performance and robustness gains compared to an unstructured end-to-end approach.,9981784,ieee,IROS,conference
Learning to Grasp on the Moon from 3D Octree Observations with Deep Reinforcement Learning,Andrej Orsula; Simon Bøgh; Miguel Olivares-Mendez; Carol Martinez,,2022,2022 IEEE/RSJ International Conference on Intelligent Robots and Systems (IROS),https://ieeexplore.ieee.org/document/9981661/,10.1109/IROS47612.2022.9981661,Заблокировано,Extraterrestrial rovers with a general-purpose robotic arm have many potential applications in lunar and planetary exploration. Introducing autonomy into such systems is desirable for increasing the time that rovers can spend gathering scientific data and collecting samples. This work investigates the applicability of deep reinforcement learning for vision-based robotic grasping of objects on the Moon. A novel simulation environment with procedurally-generated datasets is created to train agents under challenging conditions in unstructured scenes with uneven terrain and harsh illumination. A model-free off-policy actor-critic algorithm is then employed for end-to-end learning of a policy that directly maps compact octree observations to continuous actions in Cartesian space. Experimental evaluation indicates that 3D data representations enable more effective learning of manipulation skills when compared to traditionally used image-based observations. Domain randomization improves the generalization of learned policies to novel scenes with previously unseen objects and different illumination conditions. To this end; we demonstrate zero-shot sim-to-real transfer by evaluating trained agents on a real robot in a Moon-analogue facility. The source code and datasets are available at https://github.com/AndrejOrsula/drl_grasping.,9981661,ieee,IROS,conference
Motion Magnification in Robotic Sonography: Enabling Pulsation-Aware Artery Segmentation,Dianye Huang; Yuan Bi; Nassir Navab; Zhongliang Jiang,,2023,2023 IEEE/RSJ International Conference on Intelligent Robots and Systems (IROS),https://ieeexplore.ieee.org/document/10342220/,10.1109/IROS55552.2023.10342220,Заблокировано,"Ultrasound (US) imaging is widely used for diagnosing and monitoring arterial diseases; mainly due to the advantages of being non-invasive; radiation-free; and real-time. In order to provide additional information to assist clinicians in diagnosis; the tubular structures are often segmented from US images. To improve the artery segmentation accuracy and stability during scans; this work presents a novel pulsation-assisted segmentation neural network (PAS-NN) by explicitly taking advantage of the cardiac-induced motions. Motion magnification techniques are employed to amplify the subtle motion within the frequency band of interest to extract the pulsation signals from sequential US images. The extracted real-time pulsation information can help to locate the arteries on cross-section US images; therefore; we explicitly integrated the pulsation into the proposed PAS-NN as attention guidance. Notably; a robotic arm is necessary to provide stable movement during US imaging since magnifying the target motions from the US images captured along a scan path is not manually feasible due to the hand tremor. To validate the proposed robotic US system for imaging arteries; experiments are carried out on volunteers' carotid and radial arteries. The results demonstrated that the PAS-NN could achieve comparable results as state-of-the-art on carotid and can effectively improve the segmentation performance for small vessels (radial artery). The code<sup xmlns:mml=""http://www.w3.org/1998/Math/MathML"" xmlns:xlink=""http://www.w3.org/1999/xlink"">1</sup><sup xmlns:mml=""http://www.w3.org/1998/Math/MathML"" xmlns:xlink=""http://www.w3.org/1999/xlink"">1</sup>Code: https://qithub.com/dianveHuanq/RobPMEPASNN and demonstration video<sup xmlns:mml=""http://www.w3.org/1998/Math/MathML"" xmlns:xlink=""http://www.w3.org/1999/xlink"">2</sup><sup xmlns:mml=""http://www.w3.org/1998/Math/MathML"" xmlns:xlink=""http://www.w3.org/1999/xlink"">2</sup>Video: https://youtu.belc9AM042_lUQ can be publicly accessed.",10342220,ieee,IROS,conference
MOMA-Force: Visual-Force Imitation for Real-World Mobile Manipulation,Taozheng Yang; Ya Jing; Hongtao Wu; Jiafeng Xu; Kuankuan Sima; Guangzeng Chen; Qie Sima; Tao Kong,,2023,2023 IEEE/RSJ International Conference on Intelligent Robots and Systems (IROS),https://ieeexplore.ieee.org/document/10342371/,10.1109/IROS55552.2023.10342371,Заблокировано,In this paper; we present a novel method for mobile manipulators to perform multiple contact-rich manipulation tasks. While learning-based methods have the potential to generate actions in an end-to-end manner; they often suffer from insufficient action accuracy and robustness against noise. On the other hand; classical control-based methods can enhance system robustness; but at the cost of extensive parameter tuning. To address these challenges; we present MOMA-Force; a visual-force imitation method that seamlessly combines representation learning for perception; imitation learning for complex motion generation; and admittance whole-body control for system robustness and controllability. MOMA-Force enables a mobile manipulator to learn multiple complex contact-rich tasks with high success rates and small contact forces. In a real household setting; our method outperforms baseline methods in terms of task success rates. Moreover; our method achieves smaller contact forces and smaller force variances compared to baseline methods without force imitation. Overall; we offer a promising approach for efficient and robust mobile manipulation in the real world. Videos and more details can be found on https://visual-force-imitation.github.io.,10342371,ieee,IROS,conference
A Framework for Online Updates to Safe Sets for Uncertain Dynamics,Jennifer C. Shih; Franziska Meier; Akshara Rai,,2020,2020 IEEE/RSJ International Conference on Intelligent Robots and Systems (IROS),https://ieeexplore.ieee.org/document/9341606/,10.1109/IROS45743.2020.9341606,Заблокировано,Safety is crucial for deploying robots in the real world. One way of reasoning about safety of robots is by building safe sets through Hamilton-Jacobi (HJ) reachability. However; safe sets are often computed offline; assuming perfect knowledge of the dynamics; due to high compute time. In the presence of uncertainty; the safe set computed offline becomes inaccurate online; potentially leading to dangerous situations on the robot. We propose a novel framework to learn a safe control policy in simulation; and use it to generate online safe sets under uncertain dynamics. We start with a conservative safe set and update it online as we gather more information about the robot dynamics. We also show an application of our framework to a model-based reinforcement learning problem; proposing a safe model-based RL setup. Our framework enables robots to simultaneously learn about their dynamics; accomplish tasks; and update their safe sets. It also generalizes to complex high-dimensional dynamical systems; like 3-link manipulators and quadrotors; and reliably avoids obstacles; while achieving a task; even in the presence of unmodeled noise.,9341606,ieee,IROS,conference
Human-Robot Collaboration for Heavy Object Manipulation: Kinesthetic Teaching of the Role of Wheeled Mobile Manipulator,Hongjun Xing; Ali Torabi; Liang Ding; Haibo Gao; Weihua Li; Vivian K. Mushahwar; Mahdi Tavakoli,,2021,2021 IEEE/RSJ International Conference on Intelligent Robots and Systems (IROS),https://ieeexplore.ieee.org/document/9635910/,10.1109/IROS51168.2021.9635910,Заблокировано,Human-robot collaboration (HRC) significantly extends robotic systems’ applications when working in spaces like houses; hospitals; or laboratories. However; new challenges appear during a close collaboration between humans and robots and imitating the movement of humans by robots. Learning from demonstration (LfD); or kinesthetic teaching; is a popular approach to help teach a robot human behavior by demonstrations without the need to explicitly reprogram the robot for different procedures. In this paper; we propose a method for object manipulation; including lifting; carrying; and lowering the object through a collaboration of a human with a wheeled mobile manipulator (WMM). The WMM is first trained with the help of a human demonstrator to collaborate with the user to execute the task. Then; the WMM will independently cooperate with the user by reproducing the learned skills to perform the same task. The redundancy of the WMM will also be employed to enhance its force exertion capability in the vertical direction to offset the object’s weight. The advantages and effectiveness of the proposed method are investigated through experiments.,9635910,ieee,IROS,conference
Learning Visual Robotic Control Efficiently with Contrastive Pre-training and Data Augmentation,Albert Zhan; Ruihan Zhao; Lerrel Pinto; Pieter Abbeel; Michael Laskin,,2022,2022 IEEE/RSJ International Conference on Intelligent Robots and Systems (IROS),https://ieeexplore.ieee.org/document/9981055/,10.1109/IROS47612.2022.9981055,Заблокировано,Recent advances in unsupervised representation learning significantly improved the sample efficiency of training Reinforcement Learning policies in simulated environments. However; similar gains have not yet been seen for real-robot reinforcement learning. In this work; we focus on enabling data-efficient real-robot learning from pixels. We present Contrastive Pre-training and Data Augmentation for Efficient Robotic Learning (CoDER); a method that utilizes data augmentation and unsupervised learning to achieve sample-efficient training of real-robot arm policies from sparse rewards. While contrastive pre-training; data augmentation; demonstrations; and reinforcement learning are alone insufficient for efficient learning; our main contribution is showing that the combination of these disparate techniques results in a simple yet data-efficient method. We show that; given only 10 demonstrations; a single robotic arm can learn sparse-reward manipulation policies from pixels; such as reaching; picking; moving; pulling a large object; flipping a switch; and opening a drawer in just 30 minutes of mean real-world training time. We include videos and code on the project website: https://sites.google.com/view/efficient-robotic-manipulation/home.,9981055,ieee,IROS,conference
Bi-Modal Hemispherical Sensors for Dynamic Locomotion and Manipulation,Lindsay Epstein; Andrew SaLoutos; Donghyun Kim; Sangbae Kim,,2020,2020 IEEE/RSJ International Conference on Intelligent Robots and Systems (IROS),https://ieeexplore.ieee.org/document/9341543/,10.1109/IROS45743.2020.9341543,Заблокировано,"The ability to measure multi-axis contact forces and contact surface normals in real time is critical to allow robots to improve their dexterous manipulation and locomotion abilities. This paper presents a new fingertip sensor for 3-axis contact force and contact location detection; as well as improvements on an existing footpad sensor through use of a new artificial neural network estimator. The fingertip sensor is intended for use in manipulation; while the footpad sensor is intended for high force use in locomotion. Both sensors consist of pressure sensing elements embedded within a rubber hemisphere; and utilize an artificial neural network to estimate the applied forces (f<sub xmlns:mml=""http://www.w3.org/1998/Math/MathML"" xmlns:xlink=""http://www.w3.org/1999/xlink"">x</sub>; f<sub xmlns:mml=""http://www.w3.org/1998/Math/MathML"" xmlns:xlink=""http://www.w3.org/1999/xlink"">y</sub>; and f<sub xmlns:mml=""http://www.w3.org/1998/Math/MathML"" xmlns:xlink=""http://www.w3.org/1999/xlink"">z</sub>); and contact angles (θ and φ) from the individual sensor element readings. The sensors are inherently robust; and the hemispherical shape allows for easy integration into point feet and fingertips. Both the fingertip and footpad sensors demonstrate the ability to track forces and angles accurately over the surface of the hemisphere (θ=±45° and φ=±45°) and can experience up to 25N and 450N normal force; respectively; without saturating. The performance of the sensor is demonstrated with experimental results of dynamic control of a robotic arm with real-time sensor feedback.",9341543,ieee,IROS,conference
Learning to Share Autonomy Across Repeated Interaction,Ananth Jonnavittula; Dylan P. Losey,,2021,2021 IEEE/RSJ International Conference on Intelligent Robots and Systems (IROS),https://ieeexplore.ieee.org/document/9636748/,10.1109/IROS51168.2021.9636748,Заблокировано,Wheelchair-mounted robotic arms (and other assistive robots) should help their users perform everyday tasks. One way robots can provide this assistance is shared autonomy. Within shared autonomy; both the human and robot maintain control over the robot’s motion: as the robot becomes confident it understands what the human wants; it increasingly intervenes to automate the task. But how does the robot know what tasks the human may want to perform in the first place? Today’s shared autonomy approaches often rely on prior knowledge: for example; the robot must know the set of possible human goals a priori. In the long-term; however; this prior knowledge will inevitably break down — sooner or later the human will reach for a goal that the robot did not expect. In this paper we propose a learning approach to shared autonomy that takes advantage of repeated interactions. Learning to assist humans would be impossible if they performed completely different tasks at every interaction: but our insight is that users living with physical disabilities repeat important tasks on a daily basis (e.g.; opening the fridge; making coffee; and having dinner). We introduce an algorithm that exploits these repeated interactions to recognize the human’s task; replicate similar demonstrations; and return control when unsure. As the human repeatedly works with this robot; our approach continually learns to assist tasks that were never specified beforehand: these tasks include both discrete goals (e.g.; reaching a cup) and continuous skills (e.g.; opening a drawer). Across simulations and an in-person user study; we demonstrate that robots leveraging our approach match existing shared autonomy methods for known goals; and outperform imitation learning baselines on new tasks. See videos here: https://youtu.be/NazeLVbQ2og,9636748,ieee,IROS,conference
A Robust Data-Driven Approach for Dynamics Model Identification in Trajectory Planning,Jiangqiu Chen; Minyu Zhang; Zhifei Yang; Linqing Xia,,2021,2021 IEEE/RSJ International Conference on Intelligent Robots and Systems (IROS),https://ieeexplore.ieee.org/document/9635979/,10.1109/IROS51168.2021.9635979,Заблокировано,In this paper; we propose a data-driven modelling framework using a sparse regression technique to find the governing equations of dynamics systems. With this approach; the prior knowledge of features from simple structures can be used to deduce which on complex structures. The prior knowledge of single-pendulums; double-pendulums; and spherical pendulum enlightens the guess of the feature library for a 3-DOF manipulator. The feature library is sparsifled with a fully autonomous machine learning algorithm composited of the L1-regularization and proportional filter. The training dataset with non-zero-mean Gaussian noise simulates real-world conditions and proves the system's robustness to the noise. Compared with the neural-network-based system identification method; this paper's technique can be promptly applied in dynamic trajectory planning. A simulation of the optimal trajectory planning for the obstacle-avoidance on the Lynxmotion robot is accomplished by optimizing the objective function constructed with energy and penalty function. Results of the simulation support that the estimated model works correctly. Comparison between the data-driven and the closed-form model evidences the reliability and robustness of this identification technique.,9635979,ieee,IROS,conference
JUICER: Data-Efficient Imitation Learning for Robotic Assembly,Lars Ankile; Anthony Simeonov; Idan Shenfeld; Pulkit Agrawal,,2024,2024 IEEE/RSJ International Conference on Intelligent Robots and Systems (IROS),https://ieeexplore.ieee.org/document/10802498/,10.1109/IROS58592.2024.10802498,Заблокировано,While learning from demonstrations is powerful for acquiring visuomotor policies; high-performance imitation without large demonstration datasets remains challenging for tasks requiring precise; long-horizon manipulation. This paper proposes a pipeline for improving imitation learning performance with a small human demonstration budget. We apply our approach to assembly tasks that require precisely grasping; reorienting; and inserting multiple parts over long horizons and multiple task phases. Our pipeline combines expressive policy architectures and various techniques for dataset expansion and simulation-based data augmentation. These help expand dataset support and supervise the model with locally corrective actions near bottleneck regions requiring high precision. We demonstrate our pipeline on four furniture assembly tasks in simulation; enabling a manipulator to assemble up to five parts over nearly 2500 time steps directly from RGB images; outperforming imitation and data augmentation baselines. Project website: https://imitation-juicer.github.io/.,10802498,ieee,IROS,conference
EARL: Eye-on-Hand Reinforcement Learner for Dynamic Grasping with Active Pose Estimation,Baichuan Huang; Jingjin Yu; Siddarth Jain,,2023,2023 IEEE/RSJ International Conference on Intelligent Robots and Systems (IROS),https://ieeexplore.ieee.org/document/10341988/,10.1109/IROS55552.2023.10341988,Заблокировано,In this paper; we explore the dynamic grasping of moving objects through active pose tracking and reinforcement learning for hand-eye coordination systems. Most existing vision-based robotic grasping methods implicitly assume target objects are stationary or moving predictably. Performing grasping of unpredictably moving objects presents a unique set of challenges. For example; a pre-computed robust grasp can become unreachable or unstable as the target object moves; and motion planning must also be adaptive. In this work; we present a new approach; Eye-on-hAnd Reinforcement Learner (EARL); for enabling coupled Eye-on-Hand (EoH) robotic manipulation systems to perform real-time active pose tracking and dynamic grasping of novel objects without explicit motion prediction. EARL readily addresses many thorny issues in automated hand-eye coordination; including fast-tracking of 6D object pose from vision; learning control policy for a robotic arm to track a moving object while keeping the object in the camera's field of view; and performing dynamic grasping. We demonstrate the effectiveness of our approach in extensive experiments validated on multiple commercial robotic arms in both simulations and complex real-world tasks.,10341988,ieee,IROS,conference
Hierarchical optimization Control of Redundant Manipulator for Robot-assisted Minimally Invasive Surgery,Yingbai Hu; Hang Su; Guang Chen; Giancarlo Ferrigno; Elena De Momi; Alois Knoll,,2020,2020 IEEE/RSJ International Conference on Intelligent Robots and Systems (IROS),https://ieeexplore.ieee.org/document/9341389/,10.1109/IROS45743.2020.9341389,Заблокировано,For the time varying optimization problem; the tracking error cannot converge to zero at the finite time because of the optimal solution changing over time. This paper proposes a novel varying parameter recurrent neural network (VPRNN) based hierarchical optimization of a 7-DoF surgical manipulator for Robot-Assisted Minimally Invasive Surgery (RAMIS); which guarantees task tracking; Remote Center of Motion (RCM) and manipulability index optimization. A theoretically grounded hierarchical optimization framework based is introduced to control multiple tasks based on their priority. Finally; the effectiveness of the proposed control strategy is demonstrated with both simulation and experimental results. The results show that the proposed VPRNN-based method can optimal three tasks at the same time and have better performance than previous work.,9341389,ieee,IROS,conference
Learning from Successful and Failed Demonstrations via Optimization,Brendan Hertel; S. Reza Ahmadzadeh,,2021,2021 IEEE/RSJ International Conference on Intelligent Robots and Systems (IROS),https://ieeexplore.ieee.org/document/9636679/,10.1109/IROS51168.2021.9636679,Заблокировано,Learning from Demonstration (LfD) is a popular approach that allows humans to teach robots new skills by showing the correct way(s) of performing the desired skill. Human-provided demonstrations; however; are not always optimal and the teacher usually addresses this issue by discarding or replacing sub-optimal (noisy or faulty) demonstrations. We propose a novel LfD representation that learns from both successful and failed demonstrations of a skill. Our approach encodes the two subsets of captured demonstrations (labeled by the teacher) into a statistical skill model; constructs a set of quadratic costs; and finds an optimal reproduction of the skill under novel problem conditions (i.e. constraints). The optimal reproduction balances convergence towards successful examples and divergence from failed examples. We evaluate our approach through several 2D and 3D experiments in real-world using a UR5e manipulator arm and also show that it can reproduce a skill from only failed demonstrations. The benefits of exploiting both failed and successful demonstrations are shown through comparison with two existing LfD approaches. We also compare our approach against an existing skill refinement method and show its capabilities in a multi-coordinate setting.,9636679,ieee,IROS,conference
Optimizing a Continuum Manipulator’s Search Policy Through Model-Free Reinforcement Learning,Chase Frazelle; Jonathan Rogers; Ioannis Karamouzas; Ian Walker,,2020,2020 IEEE/RSJ International Conference on Intelligent Robots and Systems (IROS),https://ieeexplore.ieee.org/document/9341378/,10.1109/IROS45743.2020.9341378,Заблокировано,Continuum robots have long held a great potential for applications in inspection of remote; hard-to-reach environments. In future environments such as the Deep Space Gateway; remote deployment of robotic solutions will require a high level of autonomy due to communication delays and unavailability of human crews. In this work; we explore the application of policy optimization methods through Actor-Critic gradient descent in order to optimize a continuum manipulator’s search method for an unknown object. We show that we can deploy a continuum robot without prior knowledge of a goal object location and converge to a policy that finds the goal and can be reused in future deployments. We also show that the method can be quickly extended for multiple Degrees-of-Freedom and that we can restrict the policy with virtual and physical obstacles. These two scenarios are highlighted using a simulation environment with 15 and 135 unique states; respectively.,9341378,ieee,IROS,conference
Viewpoint Push Planning for Mapping of Unknown Confined Spaces,Nils Dengler; Sicong Pan; Vamsi Kalagaturu; Rohit Menon; Murad Dawood; Maren Bennewitz,,2023,2023 IEEE/RSJ International Conference on Intelligent Robots and Systems (IROS),https://ieeexplore.ieee.org/document/10341809/,10.1109/IROS55552.2023.10341809,Заблокировано,Viewpoint planning is an important task in any application where objects or scenes need to be viewed from different angles to achieve sufficient coverage. The mapping of confined spaces such as shelves is an especially challenging task since objects occlude each other and the scene can only be observed from the front; posing limitations on the possible viewpoints. In this paper; we propose a deep reinforcement learning framework that generates promising views aiming at reducing the map entropy. Additionally; the pipeline extends standard viewpoint planning by predicting adequate minimally invasive push actions to uncover occluded objects and increase the visible space. Using a 2.5D occupancy height map as state representation that can be efficiently updated; our system decides whether to plan a new viewpoint or perform a push. To learn feasible pushes; we use a neural network to sample push candidates on the map based on training data provided by human experts. As simulated and real-world experimental results with a robotic arm show; our system is able to significantly increase the mapped space compared to different baselines; while the executed push actions highly benefit the viewpoint planner with only minor changes to the object configuration.,10341809,ieee,IROS,conference
Deep Prediction of Swept Volume Geometries: Robots and Resolutions,John Baxter; Mohammad R. Yousefi; Satomi Sugaya; Marco Morales; Lydia Tapia,,2020,2020 IEEE/RSJ International Conference on Intelligent Robots and Systems (IROS),https://ieeexplore.ieee.org/document/9341396/,10.1109/IROS45743.2020.9341396,Заблокировано,Computation of the volume of space required for a robot to execute a sweeping motion from a start to a goal has long been identified as a critical primitive operation in both task and motion planning. However; swept volume computation is particularly challenging for multi-link robots with geometric complexity; e.g.; manipulators; due to the non-linear geometry. While earlier work has shown that deep neural networks can approximate the swept volume quantity; a useful parameter in sampling-based planning; general network structures do not lend themselves to outputting geometries. In this paper we train and evaluate the learning of a deep neural network that predicts the swept volume geometry from pairs of robot configurations and outputs discretized voxel grids. We perform this training on a variety of robots from 6 to 16 degrees of freedom. We show that most errors in the prediction of the geometry lie within a distance of 3 voxels from the surface of the true geometry and it is possible to adjust the rates of different error types using a heuristic approach. We also show it is possible to train these networks at varying resolutions by training networks with up to 4x smaller grid resolution with errors remaining close to the boundary of the true swept volume geometry surface.,9341396,ieee,IROS,conference
Autonomous Control of Redundant Hydraulic Manipulator Using Reinforcement Learning with Action Feedback,Rohit Dhakate; Christian Brommer; Christoph Bohm; Harald Gietler; Stephan Weiss; Jan Steinbrener,,2022,2022 IEEE/RSJ International Conference on Intelligent Robots and Systems (IROS),https://ieeexplore.ieee.org/document/9981425/,10.1109/IROS47612.2022.9981425,Заблокировано,This article presents an entirely data-driven approach for autonomous control of redundant manipulators with hydraulic actuation. The approach only requires minimal system information; which is inherited from a simulation model. The non-linear hydraulic actuation dynamics are modeled using actuator networks from the data gathered during the manual operation of the manipulator to effectively emulate the real system in a simulation environment. A neural network control policy for autonomous control; based on end-effector (EE) position tracking is then learned using Reinforcement Learning (RL) with Ornstein-Uhlenbeck process noise (OUNoise) for efficient exploration. The RL agent also receives feedback based on supervised learning of the forward kinematics which facilitates selecting the best suitable action from exploration. The control policy directly provides the joint variables as outputs based on provided target EE position while taking into account the system dynamics. The joint variables are then mapped to the hydraulic valve commands; which are then fed to the system without further modifications. The proposed approach is implemented on a scaled hydraulic forwarder crane with three revolute and one prismatic joint to track the desired position of the EE in 3-Dimensional (3D) space. With the emulated dynamics and extensive learning in simulation; the results demonstrate the feasibility of deploying the learned controller directly on the real system.,9981425,ieee,IROS,conference
Many-Joint Robot Arm Control with Recurrent Spiking Neural Networks,Manuel Traub; Robert Legenstein; Sebastian Otte,,2021,2021 IEEE/RSJ International Conference on Intelligent Robots and Systems (IROS),https://ieeexplore.ieee.org/document/9636001/,10.1109/IROS51168.2021.9636001,Заблокировано,In the paper; we show how scalable; low-cost trunk-like robotic arms can be constructed using only basic 3D-printing equipment and simple electronics. The design is based on uniform; stackable joint modules with three degrees of freedom each. Moreover; we present an approach for controlling these robots with recurrent spiking neural networks. At first; a spiking forward model learns motor-pose correlations from movement observations. After training; intentions can be projected back through unrolled spike trains of the forward model essentially routing the intention-driven motor gradients towards the respective joints; which unfolds goal-direction navigation. We demonstrate that spiking neural networks can thus effectively control trunk-like robotic arms with up to 75 articulated degrees of freedom with near millimeter accuracy.,9636001,ieee,IROS,conference
GESRsim: Gastrointestinal Endoscopic Surgical Robot Simulator,Huxin Gao; Zedong Zhang; Changsheng Li; Xiao Xiao; Liang Qiu; Xiaoxiao Yang; Ruoyi Hao; Xiuli Zuo; Yanqing Li; Hongliang Ren,,2022,2022 IEEE/RSJ International Conference on Intelligent Robots and Systems (IROS),https://ieeexplore.ieee.org/document/9982138/,10.1109/IROS47612.2022.9982138,Заблокировано,Robot-assisted gastrointestinal endoscopic surgery (GES) as a kind of natural orifice transluminal endoscopic surgery (NOTES) is the next-generation minimally invasive surgery (MIS). Besides; rendering certain autonomy to a Gas-trointestinal Endoscopic Surgical Robot (GESR) is promising but highly challenging. Therefore; to accelerate the development and augment the autonomy of GESR; we use CoppeliaSim to develop the first robotic simulator for the GESR system (GESRsim) based on our previous design. The GESRsim provides several 3D models and kinematics of our designed manipulators and endoscopic snake bone. Additionally; we build several scenes for robotic GES training and then utilize different programming interfaces to perform teleoperation. Furthermore; several advanced control algorithms; including visual servoing (VS) and deep reinforcement learning (DRL); are implemented to verify the performance of the GESRsim.,9982138,ieee,IROS,conference
A Solution to Adaptive Mobile Manipulator Throwing,Yang Liu; Aradhana Nayak; Aude Billard,,2022,2022 IEEE/RSJ International Conference on Intelligent Robots and Systems (IROS),https://ieeexplore.ieee.org/document/9981231/,10.1109/IROS47612.2022.9981231,Заблокировано,Mobile manipulator throwing is a promising method to increase the flexibility and efficiency of dynamic manipulation in factories. Its major challenge is to efficiently plan a feasible throw under a wide set of task specifications. We show that the mobile manipulator throwing problem can be simplified to a planar problem; hence greatly reducing the computational costs. Using machine learning approaches; we build a model of the object's inverted flying dynamics and the robot's kinematic feasibility; which enables throwing motion generation within 1 ms for given query of target position. Thanks to the computational efficiency of our method; we show that the system is adaptive under disturbance; via replanning on the fly for alternative solutions; instead of sticking to the original throwing plan.,9981231,ieee,IROS,conference
DAMON: Dynamic Amorphous Obstacle Navigation using Topological Manifold Learning and Variational Autoencoding,Apan Dastider; Mingjie Lin,,2023,2023 IEEE/RSJ International Conference on Intelligent Robots and Systems (IROS),https://ieeexplore.ieee.org/document/10342035/,10.1109/IROS55552.2023.10342035,Заблокировано,DAMON leverages manifold learning and variational autoencoding to achieve obstacle avoidance; allowing for motion planning through adaptive graph traversal in a pre-learned low-dimensional hierarchically-structured manifold graph that captures intricate motion dynamics between a robotic arm and its obstacles. This versatile and reusable approach is applicable to various collaboration scenarios. The primary advantage of DAMON is its ability to embed information in a low-dimensional graph; eliminating the need for repeated computation required by current sampling-based methods. As a result; it offers faster and more efficient motion planning with significantly lower computational overhead and memory footprint. In summary; DAMON is a breakthrough methodology that addresses the challenge of dynamic obstacle avoidance in robotic systems and offers a promising solution for safe and efficient human-robot collaboration. Our approach has been experimentally validated on a 7-DoF robotic manipulator in both simulation and physical settings. DAMON enables the robot to learn and generate skills for avoiding previously-unseen obstacles while achieving predefined objectives. We also optimize DAMON's design parameters and performance using an analytical framework. Our approach outperforms mainstream methodologies; including RRT; RRT*; Dynamic RRT*; L2RRT; and MpNet; with 40% more trajectory smoothness and over 65% improved latency performance; on average.,10342035,ieee,IROS,conference
QDP: Learning to Sequentially Optimise Quasi-Static and Dynamic Manipulation Primitives for Robotic Cloth Manipulation,David Blanco-Mulero; Gokhan Alcan; Fares J. Abu-Dakka; Ville Kyrki,,2023,2023 IEEE/RSJ International Conference on Intelligent Robots and Systems (IROS),https://ieeexplore.ieee.org/document/10342002/,10.1109/IROS55552.2023.10342002,Заблокировано,Pre-defined manipulation primitives are widely used for cloth manipulation. However; cloth properties such as its stiffness or density can highly impact the performance of these primitives. Although existing solutions have tackled the parameterisation of pick and place locations; the effect of factors such as the velocity or trajectory of quasi-static and dynamic manipulation primitives has been neglected. Choosing appropriate values for these parameters is crucial to cope with the range of materials present in house-hold cloth objects. To address this challenge; we introduce the Quasi-Dynamic Parameterisable (QDP) method; which optimises parameters such as the motion velocity in addition to the pick and place positions of quasi-static and dynamic manipulation primitives. In this work; we leverage the framework of Sequential Reinforcement Learning to decouple sequentially the parameters that compose the primitives. To evaluate the effectiveness of the method; we focus on the task of cloth unfolding with a robotic arm in simulation and real-world experiments. Our results in simulation show that by deciding the optimal parameters for the primitives the performance can improve by 20% compared to sub-optimal ones. Real-world results demonstrate the advantage of modifying the velocity and height of manipulation primitives for cloths with different mass; stiffness; shape; and size. Supplementary material; videos; and code; can be found at https://sites.google.com/view/qdp-srl.,10342002,ieee,IROS,conference
An Affordances and Electromyography Based Telemanipulation Framework for Control of Robotic Arm-Hand Systems,Ricardo V. Godoy; Bonnie Guan; Anany Dwivedi; Minas Liarokapis,,2023,2023 IEEE/RSJ International Conference on Intelligent Robots and Systems (IROS),https://ieeexplore.ieee.org/document/10341955/,10.1109/IROS55552.2023.10341955,Заблокировано,Over the last decades; significant research effort has been put into creating Electromyography (EMG) based controllers for intuitive; hands-free control of robotic arms and hands. To achieve this; machine learning models have been employed to decode human motion and intention using EMG signals as input and to deliver several applications; such as prosthesis control using gesture classification. Despite the advances introduced by new deep learning techniques; real-time control of robot arms and hands using EMG signals as input still lacks accuracy; especially when a plethora of gestures are included as labels in the case of classification. This has been observed to be due to the noise and non-stationarity of the EMG signals and the increased dimensionality of the problem. In this paper; we propose an intuitive; affordances-oriented EMG-based telemanipulation framework for a robot arm-hand system that allows for dexterous control of the device. An external camera is utilized to perform scene understanding and object detection and recognition; providing grasping and manipulation assistance to the user and simplifying control. Object-specific Transformer-based classifiers are employed based on the affordances of the object of interest; reducing the number of possible gesture outputs; dividing and conquering the problem; and resulting in a more robust and accurate gesture decoding system when compared to a single generic classification model. The performance of the proposed system is experimentally validated in a remote telemanipulation setting; where the user successfully performs a set of dexterous manipulation tasks.,10341955,ieee,IROS,conference
Multi-Arm Robot Task Planning for Fruit Harvesting Using Multi-Agent Reinforcement Learning,Tao Li; Feng Xie; Quan Qiu; Qingchun Feng,,2023,2023 IEEE/RSJ International Conference on Intelligent Robots and Systems (IROS),https://ieeexplore.ieee.org/document/10341822/,10.1109/IROS55552.2023.10341822,Заблокировано,The emergence of harvesting robotics offers a promising solution to the issue of limited agricultural labor resources and the increasing demand for fruits. Despite notable advancements in the field of harvesting robotics; the utilization of such technology in orchards is still limited. The key challenge for harvesting robots is to improve the operational efficiency. Taking into account inner-arm conflicts; couplings of DoFs; and the dynamic tasks; we propose a task planning strategy for a harvesting robot with four arms in this paper. The proposed method employs a Markov game framework to formulate the four-arm robotic harvesting task; which avoids the computational complexity of solving an NP-hard scheduling problem. Furthermore; a multi-agent reinforcement learning (MARL) structure with a fully centralized collaboration protocol is used to train a MARL-based task planning network. Several simulations and orchard experiments are conducted to validate the effectiveness of the proposed method for a multi-arm harvesting robot in comparison with the existing method.,10341822,ieee,IROS,conference
Soft Manipulator Fault Detection and Identification Using ANC-based LSTM,Haoyuan Gu; Hanjiang Hu; Hesheng Wang; Weidong Chen,,2021,2021 IEEE/RSJ International Conference on Intelligent Robots and Systems (IROS),https://ieeexplore.ieee.org/document/9636868/,10.1109/IROS51168.2021.9636868,Заблокировано,Timely fault detection and identification (FDI) of soft manipulators are critical in the design of surgical systems to improve reliability. However; due to the intrinsic compliance of soft manipulators; their end effectors vibrate during the dynamic control process; which introduces noise into the measured signals and makes FDI of soft manipulators challenging. This paper proposes a novel method to accomplish these tasks based on Long Short Term Memory (LSTM) recurrent neural network. Based on LSTM network; a new Attention-based Noise Compensation (ANC) module is proposed to enable the network to filter the noise merged with signals input in a self-supervision manner. Moreover; weighted cross entropy loss is introduced to balance the normal and faulty samples in the training set. Of the 9930 samples presented to the model; 9489 are correctly diagnosed in less than 1.0 second; which implies that the method can learn the spatial and temporal dependence of the signals and distinguish the healthy modes from the faulty ones. Finally; we compare the ANC-based method with the vanilla LSTM method and the state-of-art Bruin et al. method. From the comparison; we conclude that the ANC-based method proposed in this paper not only shortens the time cost of the FDI process but also suppresses the sensitivity of diagnosis results to noise. Source code; pre-trained models and dataset are available on https://github.com/IRMVLab/ANC-LSTM-fault-detection.,9636868,ieee,IROS,conference
Analysis of Randomization Effects on Sim2Real Transfer in Reinforcement Learning for Robotic Manipulation Tasks,Josip Josifovski; Mohammadhossein Malmir; Noah Klarmann; Bare Luka Žagar; Nicolás Navarro-Guerrero; Alois Knoll,,2022,2022 IEEE/RSJ International Conference on Intelligent Robots and Systems (IROS),https://ieeexplore.ieee.org/document/9981951/,10.1109/IROS47612.2022.9981951,Заблокировано,Randomization is currently a widely used approach in Sim2Real transfer for data-driven learning algorithms in robotics. Still; most Sim2Real studies report results for a specific randomization technique and often on a highly customized robotic system; making it difficult to evaluate different randomization approaches systematically. To address this problem; we define an easy-to-reproduce experimental setup for a robotic reach-and-balance manipulator task; which can serve as a benchmark for comparison. We compare four randomization strategies with three randomized parameters both in simulation and on a real robot. Our results show that more randomization helps in Sim2Real transfer; yet it can also harm the ability of the algorithm to find a good policy in simulation. Fully randomized simulations and fine-tuning show differentiated results and translate better to the real robot than the other approaches tested.,9981951,ieee,IROS,conference
Learning and Interactive Design of Shared Control Templates,Gabriel Quere; Samuel Bustamante; Annette Hagengruber; Jörn Vogel; Franz Steinmetz; Freek Stulp,,2021,2021 IEEE/RSJ International Conference on Intelligent Robots and Systems (IROS),https://ieeexplore.ieee.org/document/9636047/,10.1109/IROS51168.2021.9636047,Заблокировано,Controlling a robotic arm to achieve manipulation tasks is challenging for humans. Especially if only low-dimensional input signals can be provided; as is often the case for users with motor impairments. Using shared control to provide task-specific guidance and constraints facilitates control – for instance with the Shared Control Templates (SCT) framework – and enables even complex activities of daily living to be performed successfully. However; designing SCTs is a laborious task requiring robotic expertise. To make such design easier and faster; we propose a method for semi-automatically designing SCTs on the basis of demonstrations. Furthermore; we propose two similarity metrics; and demonstrate how these can be used to transfer knowledge from one SCT to another. We demonstrate that the SCTs so acquired can be successfully used in shared control for everyday tasks such as opening a drawer or a cupboard on our assistive robot EDAN.,9636047,ieee,IROS,conference
Task Driven Skill Learning in a Soft-Robotic Arm,Paris Oikonomou; Athanasios Dometios; Mehdi Khamassi; Costas S. Tzafestas,,2021,2021 IEEE/RSJ International Conference on Intelligent Robots and Systems (IROS),https://ieeexplore.ieee.org/document/9636812/,10.1109/IROS51168.2021.9636812,Заблокировано,In this paper we introduce a novel technique that aims to dynamically control a two-module bio-inspired soft-robotic arm in order to qualitatively reproduce a path defined by sparse way-points. The main idea behind this work is based on the assumption that a complex trajectory may be derived as a combination of a discrete set of parameterizable simple movements; as suggested by Movement Primitive (MP) theory. Capitalising on recent advances in this field; the proposed controller uses a Probabilistic MP (ProMP) model which initially creates an abstract mapping in the primitive-level between the task and the actuation space; and subsequently guides the movement’s composition by exploiting its unique properties - conditioning and blending. At the same time; a learning-based adaptive controller updates the composition parameters by estimating the inverse kinematics of the robot; while an auxiliary process through replanning ensures that the trajectory complies with the new estimation. The learning architecture is evaluated on both a simulation model; and a real soft-robotic arm. The research findings show that the proposed methodology constitutes a novel approach that successfully manages to simplify the trajectory control task for robots of complex dynamics when high-precision is not required.,9636812,ieee,IROS,conference
Arm-Constrained Curriculum Learning for Loco-Manipulation of a Wheel-Legged Robot,Zifan Wang; Yufei Jia; Lu Shi; Haoyu Wang; Haizhou Zhao; Xueyang Li; Jinni Zhou; Jun Ma; Guyue Zhou,,2024,2024 IEEE/RSJ International Conference on Intelligent Robots and Systems (IROS),https://ieeexplore.ieee.org/document/10802062/,10.1109/IROS58592.2024.10802062,Заблокировано,Incorporating a robotic manipulator into a wheellegged robot enhances its agility and expands its potential for practical applications. However; the presence of potential instability and uncertainties presents additional challenges for control objectives. In this paper; we introduce an arm-constrained curriculum learning architecture to tackle the issues introduced by adding the manipulator. Firstly; we develop an arm-constrained reinforcement learning algorithm to ensure safety and reliability in control performance after equipping the manipulator. Additionally; to address discrepancies in reward settings between the arm and the base; we propose a reward-aware curriculum learning method. The policy is first trained in Isaac gym and transferred to the physical robot to complete grasping tasks; including the door-opening task; fan-twitching task and the relay-baton-picking and following task. The results demonstrate that our proposed approach effectively controls the arm-equipped wheel-legged robot to master grasping abilities including the dynamic grasping skills; allowing it to chase and catch a moving object while in motion. Please refer to our website (https://acodedog.github.io/wheel-legged-loco-manipulation/) for the code and supplemental videos.,10802062,ieee,IROS,conference
Autonomous Robotic Drilling System for Mice Cranial Window Creation: An Evaluation with an Egg Model,Enduo Zhao; Murilo M. Marinho; Kanako Harada,,2023,2023 IEEE/RSJ International Conference on Intelligent Robots and Systems (IROS),https://ieeexplore.ieee.org/document/10341693/,10.1109/IROS55552.2023.10341693,Заблокировано,Robotic assistance for experimental manipulation in the life sciences is expected to enable precise manipulation of valuable samples; regardless of the skill of the scientist. Experimental specimens in the life sciences are subject to individual variability and deformation; and therefore require autonomous robotic control. As an example; we are studying the installation of a cranial window in a mouse. This operation requires the removal of the skull; which is approximately 300 um thick; to cut it into a circular shape 8 mm in diameter; but the shape of the mouse skull varies depending on the strain of mouse; sex and week of age. The thickness of the skull is not uniform; with some areas being thin and others thicker. It is also difficult to ensure that the skulls of the mice are kept in the same position for each operation. It is not realistically possible to measure all these features and pre-program a robotic trajectory for individual mice. The paper therefore proposes an autonomous robotic drilling method. The proposed method consists of drilling trajectory planning and image-based task completion level recognition. The trajectory planning adjusts the z-position of the drill according to the task completion level at each discrete point; and forms the 3D drilling path via constrained cubic spline interpolation while avoiding overshoot. The task completion level recognition uses a DSSD-inspired deep learning model to estimate the task completion level of each discrete point. Since an egg has similar characteristics to a mouse skull in terms of shape; thickness and mechanical properties; removing the egg shell without damaging the membrane underneath was chosen as the simulation task. The proposed method was evaluated using a 6-DOF robotic arm holding a drill and achieved a success rate of 80% out of 20 trials.,10341693,ieee,IROS,conference
Supervised Autonomy for Remote Teleoperation of Hybrid Wheel-Legged Mobile Manipulator Robots,Samuel Cheong; Tai Pang Chen; Cihan Acar; Yangwei You; Yuda Chen; Wan Leong Sim; Keng Peng Tee,,2021,2021 IEEE/RSJ International Conference on Intelligent Robots and Systems (IROS),https://ieeexplore.ieee.org/document/9635997/,10.1109/IROS51168.2021.9635997,Заблокировано,This paper proposes an improved supervised autonomy framework for remote teleoperation of a quadrupedal bimanual mobile manipulator in an unknown environment; with the usage of advanced perception technology and allowing the operator to easily assist the robot with decision making for executing tasks on the fly. First; the perception system uses lightweight deep neural network-based Single Shot Detector (SSD) MobileNet on RGB images to detect objects and highlight them to the human operator via an intuitive interactive visualization interface. After object and action selections are made by the operator; segmentation of object point cloud and 3D surfaces based on random sample consensus is performed; followed by object pose localization by using keypoint extraction. Based on the localized object; mobile manipulation motion to perform the operator-selected action is planned and executed with the help of a state estimator for the hybrid wheel-legged robot. Thanks to the autonomy of the robot in perception and manipulation; the complexity of teleoperating the robot is reduced to specifying the essential task objectives. Experimental results on the real robot; with full system integration; for 2 task scenarios; namely passage clearing and object retrieval; demonstrate a high average success rate of 92.2% over a total of 90 trials.,9635997,ieee,IROS,conference
Robot Learning from Demonstration Using Elastic Maps,Brendan Hertel; Matthew Pelland; S. Reza Ahmadzadeh,,2022,2022 IEEE/RSJ International Conference on Intelligent Robots and Systems (IROS),https://ieeexplore.ieee.org/document/9981241/,10.1109/IROS47612.2022.9981241,Заблокировано,Learning from Demonstration (LfD) is a popular method of reproducing and generalizing robot skills from human-provided demonstrations. In this paper; we propose a novel optimization-based LfD method that encodes demon-strations as elastic maps. An elastic map is a graph of nodes connected through a mesh of springs. We build a skill model by fitting an elastic map to the set of demonstrations. The formulated optimization problem in our approach includes three objectives with natural and physical interpretations. The main term rewards the mean squared error in the Cartesian coordinate. The second term penalizes the non-equidistant distribution of points resulting in the optimum total length of the trajectory. The third term rewards smoothness while pe-nalizing nonlinearity. These quadratic objectives form a convex problem that can be solved efficiently with local optimizers. We examine nine methods for constructing and weighting the elastic maps and study their performance in robotic tasks. We also evaluate the proposed method in several simulated and real-world experiments using a UR5e manipulator arm; and compare it to other LfD approaches to demonstrate its benefits and flexibility across a variety of metrics.,9981241,ieee,IROS,conference
On the Communication Channel in Bilateral Teleoperation: An Experimental Study for Ethernet; WiFi; LTE and 5G,Xiao Chen; Lars Johannsmeier; Hamid Sadeghian; Erfan Shahriari; Martin Danneberg; Anselm Nicklas; Fan Wu; Gerhard Fettweis; Sami Haddadin,,2022,2022 IEEE/RSJ International Conference on Intelligent Robots and Systems (IROS),https://ieeexplore.ieee.org/document/9981833/,10.1109/IROS47612.2022.9981833,Заблокировано,Teleoperated robots are believed to play an important role for future applications in industry; medicine and other domains. Examples for this are remote assembly and maintenance; surgery; diagnosis or deep-sea and space exploration. Such applications are made possible by state-of-the-art tactile manipulators; well-researched control schemes and novel communication technologies such as the fifth generation of mobile communication (5G). The achievable performance is highly dependent on the communication delay and thus on the distance between leader and follower station; as well as the potentially used wireless protocol. Specially in this regard; 5G is a promising technology compared to the other communication protocols for transferring tactile information. In this paper; we introduce our telepresence reference platform; which can be used for empirical evaluation of different algorithms and communications. Comparative analysis are conducted to capture the influence of wireless communication protocols on telepresence systems consisting of complex robotic arms. The experiment compares the influence of 5G; LTE and WiFi communication protocols with regard to the motion and force tracking performance of the system.,9981833,ieee,IROS,conference
Configuration Space Decomposition for Learning-based Collision Checking in High-DOF Robots,Yiheng Han; Wang Zhao; Jia Pan; Yong-Jin Liu,,2020,2020 IEEE/RSJ International Conference on Intelligent Robots and Systems (IROS),https://ieeexplore.ieee.org/document/9341526/,10.1109/IROS45743.2020.9341526,Заблокировано,Motion planning for robots of high degrees-of-freedom (DOFs) is an important problem in robotics with sampling-based methods in configuration space $\mathcal{C}$ as one popular solution. Recently; machine learning methods have been introduced into sampling-based motion planning methods; which train a classifier to distinguish collision free subspace from in-collision subspace in $\mathcal{C}$. In this paper; we propose a novel configuration space decomposition method and show two nice properties resulted from this decomposition. Using these two properties; we build a composite classifier that works compatibly with previous machine learning methods by using them as the elementary classifiers. Experimental results are presented; showing that our composite classifier outperforms state-of-the-art single-classifier methods by a large margin. A real application of motion planning in a multi-robot system in plant phenotyping using three UR5 robotic arms is also presented.,9341526,ieee,IROS,conference
Learning to Arbitrate Human and Robot Control using Disagreement between Sub-Policies,Yoojin Oh; Marc Toussaint; Jim Mainprice,,2021,2021 IEEE/RSJ International Conference on Intelligent Robots and Systems (IROS),https://ieeexplore.ieee.org/document/9636049/,10.1109/IROS51168.2021.9636049,Заблокировано,In the context of teleoperation; arbitration refers to deciding how to blend between human and autonomous robot commands. We present a reinforcement learning solution that learns an optimal arbitration strategy that allocates more control authority to the human when the robot comes across a decision point in the task. A decision point is where the robot encounters multiple options (sub-policies); such as having multiple paths to get around an obstacle or deciding between two candidate goals. By expressing each directional sub-policy as a von Mises distribution; we identify the decision points by observing the modality of the mixture distribution. Our reward function reasons on this modality and prioritizes to match its learned policy to either the user or the robot accordingly. We report teleoperation experiments on reach-and-grasping objects using a robot manipulator arm with different simulated human controllers. Results indicate that our shared control agent outperforms direct control and improves the teleoperation performance among different users. Using our reward term enables flexible blending between human and robot commands while maintaining safe and accurate teleoperation.,9636049,ieee,IROS,conference
Revolutionizing Battery Disassembly: The Design and Implementation of a Battery Disassembly Autonomous Mobile Manipulator Robot(BEAM-1),Yanlong Peng; Zhigang Wang; Yisheng Zhang; Shengmin Zhang; Nan Cai; Fan Wu; Ming Chen,,2024,2024 IEEE/RSJ International Conference on Intelligent Robots and Systems (IROS),https://ieeexplore.ieee.org/document/10802225/,10.1109/IROS58592.2024.10802225,Заблокировано,The efficient disassembly of end-of-life electric vehicle batteries(EOL-EVBs) is crucial for green manufacturing and sustainable development. The current pre-programmed disassembly conducted by the Autonomous Mobile Manipulator Robot(AMMR) struggles to meet the disassembly requirements in dynamic environments; complex scenarios; and unstructured processes. In this paper; we propose a Battery Disassembly AMMR(BEAM-1) system based on NeuralSymbolic AI. It detects the environmental state by leveraging a combination of multi-sensors and neural predicates and then translates this information into a quasi-symbolic space. In real-time; it identifies the optimal sequence of action primitives through LLM-heuristic tree search; ensuring high-precision execution of these primitives. Additionally; it employs positional speculative sampling using intuitive networks and achieves the disassembly of various bolt types with a meticulously designed end-effector. Importantly; BEAM-1 is a continuously learning embodied intelligence system capable of subjective reasoning like a human; and possessing intuition. A large number of real scene experiments have proved that it can autonomously perceive; decide; and execute to complete the continuous disassembly of bolts in multiple; multi-category; and complex situations; with a success rate of 98.78%. This research attempts to use NeuroSymbolic AI to give robots real autonomous reasoning; planning; and learning capabilities. BEAM-1 realizes the revolution of battery disassembly. Its framework can be easily ported to any robotic system to realize different application scenarios; which provides a ground-breaking idea for the design and implementation of future embodied intelligent robotic systems.,10802225,ieee,IROS,conference
DeltaZ: An Accessible Compliant Delta Robot Manipulator for Research and Education,Sarvesh Patil; Samuel C. Alvares; Pragna Mannam; Oliver Kroemer; F. Zeynep Temel,,2022,2022 IEEE/RSJ International Conference on Intelligent Robots and Systems (IROS),https://ieeexplore.ieee.org/document/9981257/,10.1109/IROS47612.2022.9981257,Заблокировано,This paper presents the DeltaZ robot; a centimeter-scale; low-cost; delta-style robot that allows for a broad range of capabilities and robust functionalities. The DeltaZ robot is 3D-printed from soft and rigid materials with a design that is easy to assemble and maintain; and lowers the barriers to utilize. Functionality of the robot stems from its three translational degrees of freedom and a closed form kinematic solution which makes manipulation problems more intuitive compared to many other manipulators. Moreover; the low cost of the robot presents an opportunity to democratize manipulators for research and education settings. We describe how the robot can be used as a reinforcement learning bench-mark. Open-source 3D-printable designs and code for building and using the robot are available to the public.,9981257,ieee,IROS,conference
Bagging by Learning to Singulate Layers Using Interactive Perception,Lawrence Yunliang Chen; Baiyu Shi; Roy Lin; Daniel Seita; Ayah Ahmad; Richard Cheng; Thomas Kollar; David Held; Ken Goldberg,,2023,2023 IEEE/RSJ International Conference on Intelligent Robots and Systems (IROS),https://ieeexplore.ieee.org/document/10341634/,10.1109/IROS55552.2023.10341634,Заблокировано,Many fabric handling and 2D deformable material tasks in homes and industries require singulating layers of material such as opening a bag or arranging garments for sewing. In contrast to methods requiring specialized sensing or end effectors; we use only visual observations with ordinary parallel jaw grippers. We propose SLIP: Singulating Layers using Interactive Perception; and apply SLIP to the task of autonomous bagging. We develop SLIP-Bagging; a bagging algorithm that manipulates a plastic or fabric bag from an unstructured state and uses SLIP to grasp the top layer of the bag to open it for object insertion. In physical experiments; a YuMi robot achieves a success rate of 67% to 81% across bags of a variety of materials; shapes; and sizes; significantly improving in success rate and generality over prior work. Experiments also suggest that SLIP can be applied to tasks such as singulating layers of folded cloth and garments. Supplementary material is available at https://sites.google.com/view/slip-bagging/.,10341634,ieee,IROS,conference
DECAF: a Discrete-Event based Collaborative Human-Robot Framework for Furniture Assembly,Giulio Giacomuzzo; Matteo Terreran; Siddarth Jain; Diego Romeres,,2024,2024 IEEE/RSJ International Conference on Intelligent Robots and Systems (IROS),https://ieeexplore.ieee.org/document/10802728/,10.1109/IROS58592.2024.10802728,Заблокировано,This paper proposes a task planning framework for collaborative Human-Robot scenarios; specifically focused on assembling complex systems such as furniture. The human is characterized as an uncontrollable agent; implying for example that the agent is not bound by a pre-established sequence of actions and instead acts according to its own preferences. Meanwhile; the task planner computes reactively the optimal actions for the collaborative robot to efficiently complete the entire assembly task in the least time possible.We formalize the problem as a Discrete Event Markov Decision Problem (DE-MDP); a comprehensive framework that incorporates a variety of asynchronous behaviors; human change of mind; and failure recovery as stochastic events. Although the problem could theoretically be addressed by constructing a graph of all possible actions; such an approach would be constrained by computational limitations. The proposed formulation offers an alternative solution utilizing Reinforcement Learning to derive an optimal policy for the robot. Experiments were conducted both in simulation and on a real system with human subjects assembling a chair in collaboration with a 7-DoF manipulator.,10802728,ieee,IROS,conference
Real-Time Robot End-Effector Pose Estimation with Deep Network,Hu Cheng; Yingying Wang; Max Q.-H. Meng,,2020,2020 IEEE/RSJ International Conference on Intelligent Robots and Systems (IROS),https://ieeexplore.ieee.org/document/9341760/,10.1109/IROS45743.2020.9341760,Заблокировано,In this paper; we propose a novel algorithm that estimates the pose of the robot end effector using depth vision. The input to our system is the segmented robot hand point cloud from a depth sensor. Then a neural network takes a point cloud as input and outputs the position and orientation of the robot end effector in the camera frame. The estimated pose can serve as the input of the controller of the robot to reach a specific pose in the camera frame. The training process of the neural network takes the simulated rendered point cloud generated from different poses of the robot hand mesh. At test time; one estimation of a single robot hand pose is reduced to 10ms on gpu and 14ms on cpu; which makes it suitable for close loop robot control system that requires to estimate hand pose in an online fashion. We design a robot hand pose estimation experiment to validate the effectiveness of our algorithm working in the real situation. The platform we used includes a Kinova Jaco 2 robot arm and a Kinect v2 depth sensor. We describe all the processes that use vision to improve the accuracy of pose estimation of the robot end-effector. We demonstrate the possibility of using point cloud to directly estimate the robot's end-effector pose and incorporate the estimated pose into the controller design of the robot arm.,9341760,ieee,IROS,conference
Visual Servoing with Geometrically Interpretable Neural Perception,Antonio Paolillo; Mirko Nava; Dario Piga; Alessandro Giusti,,2022,2022 IEEE/RSJ International Conference on Intelligent Robots and Systems (IROS),https://ieeexplore.ieee.org/document/9982163/,10.1109/IROS47612.2022.9982163,Заблокировано,An increasing number of nonspecialist robotic users demand easy-to-use machines. In the context of visual servoing; the removal of explicit image processing is becoming a trend; allowing an easy application of this technique. This work presents a deep learning approach for solving the perception problem within the visual servoing scheme. An artificial neural network is trained using the supervision coming from the knowledge of the controller and the visual features motion model. In this way; it is possible to give a geometrical interpretation to the estimated visual features; which can be used in the analytical law of the visual servoing. The approach keeps perception and control decoupled; conferring flexibility and interpretability on the whole framework. Simulated and real experiments with a robotic manipulator validate our approach.,9982163,ieee,IROS,conference
Learning Robotic Contact Juggling,Kazutoshi Tanaka; Masashi Hamaya; Devwrat Joshi; Felix von Drigalski; Ryo Yonetani; Takamitsu Matsubara; Yoshihisa Ijiri,,2021,2021 IEEE/RSJ International Conference on Intelligent Robots and Systems (IROS),https://ieeexplore.ieee.org/document/9636790/,10.1109/IROS51168.2021.9636790,Заблокировано,"Robotic contact juggling is a challenging task in which robots must control the movement of a ball rapidly and indirectly without holding it while keeping the ball in and sometimes out of contact with the robot’s body. In this work; we address the problem of learning such robotic contact juggling from trial and error via model-based reinforcement learning (MBRL). The key insight is that complex robot-ball interactions of the contact juggling actually consist of a small set of simple dynamics that each corresponds to a distinct interaction ""primitive"" such as touching and releasing the ball. Accordingly; we develop a tailored MBRL method that incrementally fits a set of simple dynamics models to the movements of a robot and a ball while also learning a switching model that can select a proper dynamics model depending on the current state and action. The learned model can then be used in an MBRL framework to seek optimal juggling control. We demonstrated the effectiveness of our approach on a simulator of contact juggling performed by a robotic arm.",9636790,ieee,IROS,conference
Waypoint-Based Reinforcement Learning for Robot Manipulation Tasks,Shaunak A. Mehta; Soheil Habibian; Dylan P. Losey,,2024,2024 IEEE/RSJ International Conference on Intelligent Robots and Systems (IROS),https://ieeexplore.ieee.org/document/10802681/,10.1109/IROS58592.2024.10802681,Заблокировано,Robot arms should be able to learn new tasks. One framework here is reinforcement learning; where the robot is given a reward function that encodes the task; and the robot autonomously learns actions to maximize its reward. Existing approaches to reinforcement learning often frame this problem as a Markov decision process; and learn a policy (or a hierarchy of policies) to complete the task. These policies reason over hundreds of fine-grained actions that the robot arm needs to take: e.g.; moving slightly to the right or rotating the end-effector a few degrees. But the manipulation tasks that we want robots to perform can often be broken down into a small number of high-level motions: e.g.; reaching an object or turning a handle. In this paper we therefore propose a waypoint-based approach for model-free reinforcement learning. Instead of learning a low-level policy; the robot now learns a trajectory of waypoints; and then interpolates between those waypoints using existing controllers. Our key novelty is framing this waypoint-based setting as a sequence of multi-armed bandits: each bandit problem corresponds to one waypoint along the robot’s motion. We theoretically show that an ideal solution to this reformulation has lower regret bounds than standard frameworks. We also introduce an approximate posterior sampling solution that builds the robot’s motion one waypoint at a time. Results across benchmark simulations and two real-world experiments suggest that this proposed approach learns new tasks more quickly than state-of-the-art baselines. See our website here: https://collab.me.vt.edu/rl-waypoints/,10802681,ieee,IROS,conference
Learning Suction Cup Dynamics from Motion Capture: Accurate Prediction of an Object's Vertical Motion during Release,Menno Lubbers; Job van Voorst; Maarten Jongeneel; Alessandro Saccon,,2022,2022 IEEE/RSJ International Conference on Intelligent Robots and Systems (IROS),https://ieeexplore.ieee.org/document/9982211/,10.1109/IROS47612.2022.9982211,Заблокировано,Suction grippers are the most common pick-and-place end effectors used in industry. However; there is little literature on creating and validating models to predict their force interaction with objects in dynamic conditions. In this paper; we study the interaction dynamics of an active vacuum suction gripper during the vertical release of an object. Object and suction cup motions are recorded using a motion capture system. As the object's mass is known and can be changed for each experiment; a study of the object's motion can lead to an estimate of the interaction force generated by the suction gripper. We show that; by learning this interaction force; it is possible to accurately predict the object's vertical motion as a function of time. This result is the first step toward 3D motion prediction when releasing an object from a suction gripper.,9982211,ieee,IROS,conference
Discover Life Skills for Planning as Bandits via Observing and Learning How the World Works,Tin Lai,,2022,2022 IEEE/RSJ International Conference on Intelligent Robots and Systems (IROS),https://ieeexplore.ieee.org/document/9981158/,10.1109/IROS47612.2022.9981158,Заблокировано,We propose a novel approach for planning agents to compose abstract skills via observing and learning from historical interactions with the world. Our framework operates in a Markov state-space model via a set of actions under unknown pre-conditions. We formulate skills as high-level abstract policies that propose action plans based on the current state. Each policy learns new plans by observing the states' transitions while the agent interacts with the world. Such an approach automatically learns new plans to achieve specific intended effects; but the success of such plans is often dependent on the states in which they are applicable. Therefore; we formulate the evaluation of such plans as infinitely many multi-armed bandit problems; where we balance the allocation of resources on evaluating the success probability of existing arms and exploring new options. The result is a planner capable of automatically learning robust high-level skills under a noisy environment; such skills implicitly learn the action pre-condition without explicit knowledge. We show that this planning approach is experimentally very competitive in high-dimensional state space domains.,9981158,ieee,IROS,conference
Towards Human Haptic Gesture Interpretation for Robotic Systems,Bibit Bianchini; Prateek Verma; J. Kenneth Salisbury,,2021,2021 IEEE/RSJ International Conference on Intelligent Robots and Systems (IROS),https://ieeexplore.ieee.org/document/9636015/,10.1109/IROS51168.2021.9636015,Заблокировано,"Physical human-robot interactions (pHRI) are less efficient and communicative than human-human interactions; and a key reason is a lack of informative sense of touch in robotic systems. Interpreting human touch gestures is a nuanced; challenging task with extreme gaps between human and robot capability. Among prior works that demonstrate human touch recognition capability; differences in sensors; gesture classes; feature sets; and classification algorithms yield a conglomerate of non-transferable results and a glaring lack of a standard. To address this gap; this work presents 1) four proposed touch gesture classes that cover an important subset of the gesture characteristics identified in the literature; 2) the collection of an extensive force dataset on a common pHRI robotic arm with only its internal wrist force-torque sensor; and 3) an exhaustive performance comparison of combinations of feature sets and classification algorithms on this dataset. We demonstrate high classification accuracies among our proposed gesture definitions on a test set; emphasizing that neural network classifiers on the raw data outperform other combinations of feature sets and algorithms. Accompanying video is here.<sup xmlns:mml=""http://www.w3.org/1998/Math/MathML"" xmlns:xlink=""http://www.w3.org/1999/xlink"">1</sup>",9636015,ieee,IROS,conference
Robot-Enabled Machine Learning-Based Diagnosis of Gastric Cancer Polyps Using Partial Surface Tactile Imaging,Siddhartha Kapuria; Jeff Bonyun; Yash Kulkarni; Naruhiko Ikoma; Sandeep Chinchali; Farshid Alambeigi,,2024,2024 IEEE/RSJ International Conference on Intelligent Robots and Systems (IROS),https://ieeexplore.ieee.org/document/10802585/,10.1109/IROS58592.2024.10802585,Заблокировано,In this paper; to collectively address the existing limitations on endoscopic diagnosis of Advanced Gastric Cancer (AGC) Tumors; for the first time; we propose (i) utilization and evaluation of our recently developed Vision-based Tactile Sensor (VTS); and (ii) a complementary Machine Learning (ML) algorithm for classifying tumors using their textural features. Leveraging a seven DoF robotic manipulator and unique custom-designed and additively-manufactured realistic AGC tumor phantoms; we demonstrated the advantages of automated data collection using the VTS addressing the problem of data scarcity and biases encountered in traditional ML-based approaches. Our synthetic-data-trained ML model was successfully evaluated and compared with traditional ML models utilizing various statistical metrics even under mixed morphological characteristics and partial sensor contact.,10802585,ieee,IROS,conference
Grasping State Analysis of Soft Manipulator Based on Flexible Tactile Sensor Array,Haoyuan Wang; Hongge Ru; Hongliang Lei; Chi Zhang; Cheng Han; Hao Wu; Jian Huang,,2022,2022 IEEE/RSJ International Conference on Intelligent Robots and Systems (IROS),https://ieeexplore.ieee.org/document/9981972/,10.1109/IROS47612.2022.9981972,Заблокировано,Although the grasping state analysis is vital in the study of manipulators; the grasping state analysis of soft manipulators as an independent research topic is not much so far. This paper proposes a novel pneumatic soft manipulator with a flexible tactile sensor array (SM-FTSA). The flexible tactile sensor array comprises piezoresistive materials with a porous structure. An equal potential approach is adopted to realize the collection of tactile signals of the SM-FTSA. Inspired by the grasping analysis of rigid manipulators; we propose 4 grasping states for the SM-FTSA; including inflating; shaking; stable; and slipping. Based on the experimental data; we conduct grasping experiments on 12 objects with SM-FTSA; and we propose 10 features that reflect the grasping state. Several machine learning methods are utilized to classify the grasping state. Among them; the Random Forest method presents the best performance; and the average classification accuracy reaches 99%.,9981972,ieee,IROS,conference
Using Single Demonstrations to Define Autonomous Manipulation Contact Tasks in Unstructured Environments via Object Affordances,Frank Regal; Adam Pettinger; John A. Duncan; Fabian Parra; Emmanuel Akita; Alex Navarro; Mitch Pryor,,2023,2023 IEEE/RSJ International Conference on Intelligent Robots and Systems (IROS),https://ieeexplore.ieee.org/document/10342493/,10.1109/IROS55552.2023.10342493,Заблокировано,Performing a manipulation contact task in an unknown and unstructured environment is still a challenge. Learning from Demonstration (LfD) techniques provide an intuitive means to define difficult-to-model contact tasks; but have attributes that make them undesirable for novice users in uncertain environments. We present a novel end-to-end system that captures a single manipulation task demonstration from an augmented reality (AR) head-mounted display (HMD); computes an affordance primitive (AP) representation of the task; and sends the task parameters to a mobile manipulator for execution in realtime. Using an AR HMD for task demon-stration and APs for task representation has several distinct advantages. AR task demonstration is intuitive; practical; and can be accomplished without requiring sensor installment in the task environment. APs provide a compact and legible task representation; enabling scalability; generalization; and modification of the task without significant data processing overhead. In this effort; we demonstrate system generalization with 10 object manipulation tasks; confirming the computed parameters from all tasks fit within AP tolerances. Secondly; we evaluate a mobile manipulator robot's ability to perform human-demonstrated tasks using AP representation. To increase robustness; we devised and tested four methods to correct for inherent; irreducible position errors in the system. A final study shows the system has a manipulation success rate of 96 % from a single manipulation demonstration on an industrial wheel valve.,10342493,ieee,IROS,conference
Learning Bayes Filter Models for Tactile Localization,Tarık Keleştemur; Colin Keil; John P. Whitney; Robert Platt; Taşkın Padır,,2020,2020 IEEE/RSJ International Conference on Intelligent Robots and Systems (IROS),https://ieeexplore.ieee.org/document/9341420/,10.1109/IROS45743.2020.9341420,Заблокировано,Localizing and tracking the pose of robotic grippers are necessary skills for manipulation tasks. However; the manipulators with imprecise kinematic models (e.g. low-cost arms) or manipulators with unknown world coordinates (e.g. poor camera-arm calibration) cannot locate the gripper with respect to the world. In these circumstances; we can leverage tactile feedback between the gripper and the environment. In this paper; we present learnable Bayes filter models that can localize robotic grippers using tactile feedback. We propose a novel observation model that conditions the tactile feedback on visual maps of the environment along with a motion model to recursively estimate the gripper's location. Our models are trained in simulation with self-supervision and transferred to the real world. Our method is evaluated on a tabletop localization task in which the gripper interacts with objects. We report results in simulation and on a real robot; generalizing over different sizes; shapes; and configurations of the objects.,9341420,ieee,IROS,conference
Learning to Open Doors with an Aerial Manipulator,Eugenio Cuniato; Ismail Geles; Weixuan Zhang; Olov Andersson; Marco Tognon; Roland Siegwart,,2023,2023 IEEE/RSJ International Conference on Intelligent Robots and Systems (IROS),https://ieeexplore.ieee.org/document/10342289/,10.1109/IROS55552.2023.10342289,Заблокировано,The field of aerial manipulation has seen rapid advances; transitioning from push-and-slide tasks to interaction with articulated objects. The motion trajectory of these complex actions is usually hand-crafted or a result of online optimization methods like Model Predictive Control (MPC) or Model Predictive Path Integral (MPPI) control. However; these methods rely on heuristics or model simplifications to efficiently run on onboard hardware; limiting their robustness; and making them sensitive to disturbances and differences between the real environment and its model. In this work; we propose a Reinforcement Learning (RL) approach to learn reactive motion behaviors for a manipulation task while producing policies that are robust to disturbances and modeling errors. Specifically; we train a policy to perform a door-opening task with an Omnidirectional Micro Aerial Vehicle (OMAV). The policy is trained in a physics simulator and shown in the real world; where it is able to generalize also to door closing tasks never seen in training. We also compare our method against a state-of-the-art MPPI solution in simulation; showing a considerable increase in robustness and speed.,10342289,ieee,IROS,conference
Probabilistic Specification Learning for Planning with Safety Constraints,Kandai Watanabe; Nicholas Renninger; Sriram Sankaranarayanan; Morteza Lahijanian,,2021,2021 IEEE/RSJ International Conference on Intelligent Robots and Systems (IROS),https://ieeexplore.ieee.org/document/9636712/,10.1109/IROS51168.2021.9636712,Заблокировано,This paper proposes a framework for learning task specifications from demonstrations; while ensuring that the learned specifications do not violate safety constraints. Furthermore; we show how these specifications can be used in a planning problem to control the robot under environments that can be different from those encountered during the learning phase. We formulate the specification learning problem as a grammatical inference problem; using probabilistic automata to represent specifications. The edge probabilities of the resulting automata represent the demonstrator's preferences. The main novelty in our approach is to incorporate the safety property during the learning process. We prove that the resulting automaton always respects a pre-specified safety property; and furthermore; the proposed method can easily be included in any Evidence-Driven State Merging (EDSM)-based automaton learning scheme. Finally; we introduce a planning algorithm that produces the most desirable plan by maximizing the probability of an accepting trace of the automaton. Case studies show that our algorithm learns the true probability distribution most accurately while maintaining safety. Since; specification is detached from the robot's environment model; a satisfying plan can be synthesized for a variety of different robots and environments including both mobile robots and manipulators.,9636712,ieee,IROS,conference
Learning Visual Quadrupedal Loco-Manipulation from Demonstrations,Zhengmao He; Kun Lei; Yanjie Ze; Koushil Sreenath; Zhongyu Li; Huazhe Xu,,2024,2024 IEEE/RSJ International Conference on Intelligent Robots and Systems (IROS),https://ieeexplore.ieee.org/document/10802742/,10.1109/IROS58592.2024.10802742,Заблокировано,Quadruped robots are progressively being integrated into human environments. Despite the growing locomotion capabilities of quadrupedal robots; their interaction with objects in realistic scenes is still limited. While additional robotic arms on quadrupedal robots enable manipulating objects; they are sometimes redundant given that a quadruped robot is essentially a mobile unit equipped with four limbs; each possessing 3 degrees of freedom (DoFs). Hence; we aim to empower a quadruped robot to execute real-world manipulation tasks using only its legs. We decompose the loco-manipulation process into a low-level reinforcement learning (RL)-based controller and a high-level Behavior Cloning (BC)-based planner. By parameterizing the manipulation trajectory; we synchronize the efforts of the upper and lower layers; thereby leveraging the advantages of both RL and BC. Our approach is validated through simulations and real-world experiments; demonstrating the robot’s ability to perform tasks that demand mobility and high precision; such as lifting a basket from the ground while moving; closing a dishwasher; pressing a button; and pushing a door.,10802742,ieee,IROS,conference
Steering Decision Transformers via Temporal Difference Learning,Hao-Lun Hsu; Alper Kamil Bozkurt; Juncheng Dong; Qitong Gao; Vahid Tarokh; Miroslav Pajic,,2024,2024 IEEE/RSJ International Conference on Intelligent Robots and Systems (IROS),https://ieeexplore.ieee.org/document/10801303/,10.1109/IROS58592.2024.10801303,Заблокировано,Decision Transformers (DTs) have been highly effective for offline reinforcement learning (RL) tasks; successfully modeling the sequences of actions in a given set of demonstrations. However; DTs may perform poorly in stochastic environments; which are prevalent in robotics scenarios. In this paper; we identify that the root cause of this performance degradation is the growing variance of returns-to-go; the signal used by DTs to predict actions; accumulated over the horizon. Building upon this insight; we propose an extension to DTs that allows them to be steered toward high-reward regions; where the expected returns are estimated using temporal difference learning. This way; we not only mitigate the growing variance problem but also eliminate the need for DTs to have access to returns-to-go during evaluation and deployment phases. We show that our method outperforms state-of-the-art offline RL methods in both simulated and real-world robotic arm environments.,10801303,ieee,IROS,conference
Tactile-Guided Dynamic Object Planar Manipulation,Boyuan Liang; Wenyu Liang; Yan Wu,,2022,2022 IEEE/RSJ International Conference on Intelligent Robots and Systems (IROS),https://ieeexplore.ieee.org/document/9981270/,10.1109/IROS47612.2022.9981270,Заблокировано,Planar pushing is a fundamental robot manipulation task with most algorithms built upon the quasi-static as-sumption. Under this assumption the end-effector should apply force on the pushed object along the full moving trajectory. This means that the target position must lie in the robot's workspace. To enable a robot to deliver objects outside of its workspace and facilitate faster delivery; the quasi-static assumption should be lifted in favour of dynamical manipulation. In this work; we propose a two-staged data-driven manipulation method to hit an unknown object to reach a target position. This expands the reachability of the manipulated object beyond the robot's workspace. The robot equipped with a tactile sensor first explores for the stable pushing region (SPR) on the given object by using a gain-scheduling PD control with the contact centre estimated to maintain full contact between the object and the end-effector. In the second stage; a learning-based approach is used to generate the impulse the object should receive at the SPR to reach a target sliding distance. The performance of proposed method is evaluated on a KUKA LBR iiwa 14 R820 robot manipulator and a XELA tactile sensor.,9981270,ieee,IROS,conference
Adaptive PD Control Using Deep Reinforcement Learning for Local-Remote Teleoperation with Stochastic Time Delays,Luc McCutcheon; Saber Fallah,,2023,2023 IEEE/RSJ International Conference on Intelligent Robots and Systems (IROS),https://ieeexplore.ieee.org/document/10341953/,10.1109/IROS55552.2023.10341953,Заблокировано,Local-remote systems allow robots to execute complex tasks in hazardous environments such as space and nuclear power stations. However; establishing accurate positional mapping between local and remote devices can be difficult due to time delays that can compromise system performance and stability. Enhancing the synchronicity and stability of localremote systems is vital for enabling robots to interact with environments at greater distances and under highly challenging network conditions; including time delays. We introduce an adaptive control method employing reinforcement learning to tackle the time-delayed control problem. By adjusting controller parameters in real-time; this adaptive controller compensates for stochastic delays and improves synchronicity between local and remote robotic manipulators. To improve the adaptive PD controller's performance; we devise a model-based reinforcement learning approach that effectively incorporates multi-step delays into the learning framework. Utilizing this proposed technique; the local-remote system's performance is stabilized for stochastic communication time-delays of up to 290ms. Our results demonstrate that the suggested model-based reinforcement learning method surpasses the Soft-Actor Critic and augmented state Soft-Actor Critic techniques. Access the code at: https://github.com/CAV-Research-Lab/Predictive-Model-Delay-Correction,10341953,ieee,IROS,conference
Efficient Learning of Inverse Dynamics Models for Adaptive Computed Torque Control,David Jorge; Gabriella Pizzuto; Michael Mistry,,2022,2022 IEEE/RSJ International Conference on Intelligent Robots and Systems (IROS),https://ieeexplore.ieee.org/document/9981744/,10.1109/IROS47612.2022.9981744,Заблокировано,Modelling robot dynamics accurately is essential for control; motion optimisation and safe human-robot collaboration. Given the complexity of modern robotic systems; dynamics modelling remains non-trivial; mostly in the presence of compliant actuators; mechanical inaccuracies; friction and sensor noise. Recent efforts have focused on utilising datadriven methods such as Gaussian processes and neural networks to overcome these challenges; as they are capable of capturing these dynamics without requiring extensive knowledge beforehand. While Gaussian processes have shown to be an effective method for learning robotic dynamics with the ability to also represent the uncertainty in the learned model through its variance; they come at a cost of cubic time complexity rather than linear; as is the case for deep neural networks. In this work; we leverage the use of deep kernel models; which combine the computational efficiency of deep learning with the nonparametric flexibility of kernel methods (Gaussian processes); with the overarching goal of realising an accurate probabilistic framework for uncertainty quantification. Through using the predicted variance; we adapt the feedback gains as more accurate models are learned; leading to low-gain control without compromising tracking accuracy. Using simulated and real data recorded from a seven degree-of-freedom robotic manipulator; we illustrate how using stochastic variational inference with deep kernel models increases compliance in the computed torque controller; and retains tracking accuracy. We empirically show how our model outperforms current state-of-the-art methods with prediction uncertainty for online inverse dynamics model learning; and solidify its adaptation and generalisation capabilities across different setups.,9981744,ieee,IROS,conference
Contextual Policy Search for Micro-Data Robot Motion Learning through Covariate Gaussian Process Latent Variable Models,Juan Antonio Delgado-Guerrero; Adrià Colomé; Carme Torras,,2020,2020 IEEE/RSJ International Conference on Intelligent Robots and Systems (IROS),https://ieeexplore.ieee.org/document/9340709/,10.1109/IROS45743.2020.9340709,Заблокировано,In the next few years; the amount and variety of context-aware robotic manipulator applications is expected to increase significantly; especially in household environments. In such spaces; thanks to programming by demonstration; non-expert people will be able to teach robots how to perform specific tasks; for which the adaptation to the environment is imperative; for the sake of effectiveness and users safety. These robot motion learning procedures allow the encoding of such tasks by means of parameterized trajectory generators; usually a Movement Primitive (MP) conditioned on contextual variables. However; naively sampled solutions from these MPs are generally suboptimal/inefficient; according to a given reward function. Hence; Policy Search (PS) algorithms leverage the information of the experienced rewards to improve the robot performance over executions; even for new context configurations. Given the complexity of the aforementioned tasks; PS methods face the challenge of exploring in high-dimensional parameter search spaces. In this work; a solution combining Bayesian Optimization; a data-efficient PS algorithm; with covariate Gaussian Process Latent Variable Models; a recent Dimensionality Reduction technique; is presented. It enables reducing dimensionality and exploiting prior demonstrations to converge in few iterations; while also being compliant with context requirements. Thus; contextual variables are considered in the latent search space; from which a surrogate model for the reward function is built. Then; samples are generated in a low-dimensional latent space; and mapped to a context-dependent trajectory. This allows us to drastically reduce the search space with the covariate GPLVM; e.g. from 105 to 2 parameters; plus a few contextual features. Experimentation in two different scenarios proves the data-efficiency and the power of dimensionality reduction of our approach.,9340709,ieee,IROS,conference
COMPlacent: A Compliant Whisker Manipulator for Object Tactile Exploration,Chenxi Xiao; Juan Wachs,,2023,2023 IEEE/RSJ International Conference on Intelligent Robots and Systems (IROS),https://ieeexplore.ieee.org/document/10341547/,10.1109/IROS55552.2023.10341547,Заблокировано,Handling fragile objects requires minimally invasive interaction skills in order to avoid any permanent deformation; alternation or damages. Such need is often required in tactile exploration tasks. In this paper; we propose an innovative whisker manipulator (COMPlacent); which is designed to accomplish tactile exploration with minimum intrusiveness. The design is inspired by biological whiskers observed in animals; where whiskers are used as means of tactile exploration in an analogous way as fingers are. Artificial whiskers are compliant but robust; which mitigates contact forces by bending or conforming to the object surface. The intrusiveness is further reduced by reactive control; which is implemented based on tactile sensors and actuators installed on each whisker. This allows the whisker to be retracted from the object surface; so that the energy transferred by contacts is minimized. The tactile sensor is designed to be ultrasensitive; which allows it to gather contact information with high fidelity. By modeling contact pressure as a time-series signal; a machine learning framework is leveraged to discriminate object properties including shape and texture. Evaluation experiments were conducted on real objects; which successfully demonstrates object classification at an accuracy of 97.3%; and texture discrimination accuracy of 92.1%.,10341547,ieee,IROS,conference
A control scheme for haptic inspection and partial modification of kinematic behaviors,Dimitrios Papageorgiou; Zoe Doulgeri,,2020,2020 IEEE/RSJ International Conference on Intelligent Robots and Systems (IROS),https://ieeexplore.ieee.org/document/9341594/,10.1109/IROS45743.2020.9341594,Заблокировано,"Over the last decades; Learning from Demonstration (LfD) has become a widely accepted solution for the problem of robot programming. According to LfD; the kinematic behavior is ""taught"" to the robot; based on a set of motion demonstrations performed by the human-teacher. The demonstrations can be either captured via kinesthetic teaching or external sensors; e.g.; a camera. In this work; a controller for providing haptic cues of the robot's kinematic behavior to the human-teacher is proposed. Guidance is provided in procedures of kinesthetic coaching during inspection and partial modification of encoded motions. The proposed controller is based on an artificial potential field; designed to adjust the intensity of the haptic communication automatically according to the human intentions. The control scheme is proved to be passive with respect to robot's velocity and its effectiveness is experimentally evaluated in a KUKA LWR4+ robotic manipulator.",9341594,ieee,IROS,conference
Learning the Inverse Kinematics of Magnetic Continuum Robot for Teleoperated Navigation,Pingyu Xiang; Ke Qiu; Danying Sun; Jingyu Zhang; Qin Fang; Xiangyu Mi; Shudong Wang; Mengxiao Chen; Yue Wang; Rong Xiong; Haojian Lu,,2024,2024 IEEE/RSJ International Conference on Intelligent Robots and Systems (IROS),https://ieeexplore.ieee.org/document/10801526/,10.1109/IROS58592.2024.10801526,Заблокировано,Magnetic continuum robots are subject to external magnetic fields and deformed remotely; simplifying the robot’s transmission mechanism and providing it with significant potential for miniaturization and operational flexibility. However; modeling magnetic field distribution generated by permanent magnets is complex and requires time-consuming pre-calibrations. Moreover; it is highly susceptible to environments with ferromagnetic materials; posing significant challenges for the control of magnetic continuum robots. In response; we propose an approach that does not overly focus on the magnetic field distribution but instead directly learns the inverse kinematics of magnetic continuum robots end-to-end. Binding the robot’s configuration to the pose of external magnets; precise control of continuum robots is facilitated. Additionally; we leverage teleoperation techniques to broaden the applicability of this method. By mounting magnets on a robotic arm and directly utilizing the target pose of the external magnet predicted by a multi-layer perceptron (MLP); we achieve the operation and navigation of magnetic continuum robots in complex environments. Experiments demonstrate that the mean control accuracy along the robot using our learning-based inverse kinematics is about half of the robot’s diameter.,10801526,ieee,IROS,conference
Robot Learning to Paint from Demonstrations,Younghyo Park; Seunghun Jeon; Taeyoon Lee,,2022,2022 IEEE/RSJ International Conference on Intelligent Robots and Systems (IROS),https://ieeexplore.ieee.org/document/9981633/,10.1109/IROS47612.2022.9981633,Заблокировано,Robotic painting tasks in the real world are often made complicated by the highly complex and stochastic nature of the dynamics that underlie; e.g.; physical contact between the painting tool and a canvas; color blendings between painting mediums; and many more. Simulation-based inverse graphics algorithms; for example; can not be directly transferred to the real-world due in large to the considerable gap in the viable range of painting strokes the robot can accurately generate onto the physical canvas. In this paper; we aim at minimizing this gap by appealing to a data-driven skill learning approach. The core idea lies in allowing the robot to learn continuous stroke-level skills that jointly encodes action trajectories and painted outcomes from an extensive collection of human demonstrations. We demonstrate the efficacy of our method through extensive real-world experiments using a 4-dof torque-controllable manipulator with a digital canvas(iPad).,9981633,ieee,IROS,conference
Robot Learning to Mop Like Humans Using Video Demonstrations,Sanket Gaurav; Aaron Crookes; David Hoying; Vignesh Narayanaswamy; Harish Venkataraman; Matthew Barker; Venugopal Vasudevan; Brian Ziebart,,2023,2023 IEEE/RSJ International Conference on Intelligent Robots and Systems (IROS),https://ieeexplore.ieee.org/document/10342231/,10.1109/IROS55552.2023.10342231,Заблокировано,Though mopping the floor is a mundane and tedious daily task; enabling robots to perform it comparably to humans remains a challenge. Hand-coding desired mopping behaviors for variable surfaces and situations is particularly difficult. In this paper; we develop a robotic system for mopping the floor by mimicking the human behavior demonstrated in videos. Our baseline robotic system uses traditional computer vision techniques for tracking and inverse kinematics. Our proposed robot mop learning system comprises advanced computer vision techniques; Time Contrastive Network (TCN); and reinforcement learning. Using these; we devise a reward function for the mopping task. We use a Universal 10e robotic arm attached to a mop to perform the mopping task and a first-person camera attached on top of the robotic arm to provide feedback for robotic learning. We evaluate our proposed robot mop learning system's imitative similarity using optical flow; distance in mop location; and force applied to the floor; as well as cleaning efficiency using a white glove method.,10342231,ieee,IROS,conference
Learning the Latent Space of Robot Dynamics for Cutting Interaction Inference,Sahand Rezaei-Shoshtari; David Meger; Inna Sharf,,2020,2020 IEEE/RSJ International Conference on Intelligent Robots and Systems (IROS),https://ieeexplore.ieee.org/document/9341446/,10.1109/IROS45743.2020.9341446,Заблокировано,Utilization of latent space to capture a lower-dimensional representation of a complex dynamics model is explored in this work. The targeted application is of a robotic manipulator executing a complex environment interaction task; in particular; cutting a wooden object. We train two flavours of Variational Autoencoders-standard and Vector-Quantised-to learn the latent space which is then used to infer certain properties of the cutting operation; such as whether the robot is cutting or not; as well as; material and geometry of the object being cut. The two VAE models are evaluated with reconstruction; prediction and a combined reconstruction/prediction decoders. The results demonstrate the expressiveness of the latent space for robotic interaction inference and the competitive prediction performance against recurrent neural networks.,9341446,ieee,IROS,conference
Towards a Manipulator System for Disposal of Waste from Patients Undergoing Chemotherapy,Hsieh-Yu Li; Lay Siong Ho; Achala Athukorala; Wan Yun Lu; Audelia Dharmawan; Jane Li Feng Guo; Mabel May Leng Tan; Kok Cheong Wong; Nuri Syahida Ng; Maxim Mei Xin Tan; Hong Choon Oh; Daniel Tiang; Wei Wei Hong; Franklin Tan; Gek Kheng Png; Ivan Khoo; Chau Yuen; Pon Poh Hsu; Chen Ee Lee; U-Xuan Tan,,2021,2021 IEEE/RSJ International Conference on Intelligent Robots and Systems (IROS),https://ieeexplore.ieee.org/document/9636865/,10.1109/IROS51168.2021.9636865,Заблокировано,There has been an increasing demand to automate the non-patient care matters so that the clinical staff can focus on delivering patient care. For example; out-patients undergoing chemotherapy increases their toilet usage frequency due to the treatment. As they are undergoing chemotherapy; their output waste contains a level of chemical. This task is compulsory yet troublesome and time-consuming so it is often desired to be removed from the nursing staff for them to focus on patient care. Hence; in this paper; we propose a manipulator system to automatically dispose the bedpan used by patients undergoing chemotherapy. The main technical challenge lies in the removal of the bedpan from the commode as the interaction of the grasping is highly dynamic; along with the different conditions of the bedpans. To address this manipulation issue; a Residual Reinforcement Learning (RRL) method that leverages vision-based commode pose estimation and the reinforcement learning (RL)-based uncertainty compensation for improvement of the grasping accuracy is proposed to increase the robustness of the disposal. The experiments conducted show that the manipulator can dispose the bedpan without human intervention and the proposed method achieves a 100 % success rate while the traditional method without RL is only 50 %.,9636865,ieee,IROS,conference
Robust Imitation Learning for Mobile Manipulator Focusing on Task-Related Viewpoints and Regions,Yutaro Ishida; Yuki Noguchi; Takayuki Kanai; Kazuhiro Shintani; Hiroshi Bito,,2024,2024 IEEE/RSJ International Conference on Intelligent Robots and Systems (IROS),https://ieeexplore.ieee.org/document/10802396/,10.1109/IROS58592.2024.10802396,Заблокировано,We study how to generalize the visuomotor policy of a mobile manipulator from the perspective of visual observations. The mobile manipulator is prone to occlusion owing to its own body when only a single viewpoint is employed and a significant domain shift when deployed in diverse situations. However; to the best of the authors’ knowledge; no study has been able to solve occlusion and domain shift simultaneously and propose a robust policy. In this paper; we propose a robust imitation learning method for mobile manipulators that focuses on task-related viewpoints and their spatial regions when observing multiple viewpoints. The multiple viewpoint policy includes attention mechanism; which is learned with an augmented dataset; and brings optimal viewpoints and robust visual embedding against occlusion and domain shift. Comparison of our results for different tasks and environments with those of previous studies revealed that our proposed method improves the success rate by up to 29.3 points. We also conduct ablation studies using our proposed method. Learning task-related viewpoints from the multiple viewpoints dataset increases robustness to occlusion than using a uniquely defined viewpoint. Focusing on task-related regions contributes to up to a 33.3-point improvement in the success rate against domain shift.,10802396,ieee,IROS,conference
Bio-inspired Reflex System for Learning Visual Information for Resilient Robotic Manipulation,Kai Junge; Kevin Qiu; Josie Hughes,,2022,2022 IEEE/RSJ International Conference on Intelligent Robots and Systems (IROS),https://ieeexplore.ieee.org/document/9981310/,10.1109/IROS47612.2022.9981310,Заблокировано,Humans have an incredible sense of self-preservation that is both instilled; and also learned through experience. One system which contributes to this is the pain and reflex system which both minimizes damage through involuntary reflex actions and also serves as a means of 'negative reinforcement’ to allow learning of poor actions or decision. Equipping robots with a reflex system and parallel learning architecture could help to prolong their useful life and allow for continued learning of safe actions. Focusing on a specific mock-up scenario of cubes on a 'stove’ like setup; we investigate the hardware and learning approaches for a robotic manipulator to learn the presence of 'hot’ objects and its contextual relationship to the environment. By creating a reflex arc using analog electronics that bypasses the 'brain’ of the system we show an increase in the speed of release by at least two-fold. In parallel we have a learning procedure which combines visual information of the scene with this 'pain signal’ to learn and predict when an object may be hot; utilizing an object detection neural network. Finally; we are able to extract the learned contextual information of the environment by introducing a method inspired by 'thought experiments' to generate heatmaps that indicate the probability of the environment being hot.,9981310,ieee,IROS,conference
BaSeNet: A Learning-based Mobile Manipulator Base Pose Sequence Planning for Pickup Tasks,Lakshadeep Naik; Sinan Kalkan; Sune L. Sørensen; Mikkel B. Kjærgaard; Norbert Krüger,,2024,2024 IEEE/RSJ International Conference on Intelligent Robots and Systems (IROS),https://ieeexplore.ieee.org/document/10802615/,10.1109/IROS58592.2024.10802615,Заблокировано,"In many applications; a mobile manipulator robot is required to grasp a set of objects distributed in space. This may not be feasible from a single base pose and the robot must plan the sequence of base poses for grasping all objects; minimizing the total navigation and grasping time. This is a Combinatorial Optimization problem that can be solved using exact methods; which provide optimal solutions but are computationally expensive; or approximate methods; which offer computationally efficient but sub-optimal solutions. Recent studies have shown that learning-based methods can solve Combinatorial Optimization problems; providing near-optimal and computationally efficient solutions.In this work; we present BaSeNet - a learning-based approach to plan the sequence of base poses for the robot to grasp all the objects in the scene. We propose a Reinforcement Learning based solution that learns the base poses for grasping individual objects and the sequence in which the objects should be grasped to minimize the total navigation and grasping costs using Layered Learning. As the problem has a varying number of states and actions; we represent states and actions as a graph and use Graph Neural Networks for learning. We show that the proposed method can produce comparable solutions to exact and approximate methods with significantly less computation time. The code and Reinforcement Learning environments will be made available on the project webpage<sup xmlns:mml=""http://www.w3.org/1998/Math/MathML"" xmlns:xlink=""http://www.w3.org/1999/xlink"">*</sup>.",10802615,ieee,IROS,conference
Self-reconfiguration Strategies for Space-distributed Spacecraft,Tianle Liu; Zhixiang Wang; Yongwei Zhang; Ziwei Wang; Zihao Liu; Yizhai Zhang; Panfeng Huang,,2024,2024 IEEE/RSJ International Conference on Intelligent Robots and Systems (IROS),https://ieeexplore.ieee.org/document/10802829/,10.1109/IROS58592.2024.10802829,Заблокировано,This paper proposes a distributed on-orbit spacecraft assembly algorithm; where future spacecraft can assemble modules with different functions on orbit to form a spacecraft structure with specific functions. This form of spacecraft organization has the advantages of reconfigurability; fast mission response and easy maintenance. Reasonable and efficient on-orbit self-reconfiguration algorithms play a crucial role in realizing the benefits of distributed spacecraft. This paper adopts the framework of imitation learning combined with reinforcement learning for strategy learning of module handling order. A robot arm motion algorithm is then designed to execute the handling sequence. We achieve the self-reconfiguration handling task by creating a map on the surface of the module; completing the path point planning of the robotic arm using A*. The joint planning of the robotic arm is then accomplished through forward and reverse kinematics. Finally; the results are presented in Unity3D.,10802829,ieee,IROS,conference
WasteGAN: Data Augmentation for Robotic Waste Sorting through Generative Adversarial Networks,Alberto Bacchin; Leonardo Barcellona; Matteo Terreran; Stefano Ghidoni; Emanuele Menegatti; Takuya Kiyokawa,,2024,2024 IEEE/RSJ International Conference on Intelligent Robots and Systems (IROS),https://ieeexplore.ieee.org/document/10802403/,10.1109/IROS58592.2024.10802403,Заблокировано,Robotic waste sorting poses significant challenges in both perception and manipulation; given the extreme variability of objects that should be recognized on a cluttered conveyor belt. While deep learning has proven effective in solving complex tasks; the necessity for extensive data collection and labeling limits its applicability in real-world scenarios like waste sorting. To tackle this issue; we introduce a data augmentation method based on a novel GAN architecture called wasteGAN. The proposed method allows to increase the performance of semantic segmentation models; starting from a very limited bunch of labeled examples; such as few as 100. The key innovations of wasteGAN include a novel loss function; a novel activation function; and a larger generator block. Overall; such innovations helps the network to learn from limited number of examples and synthesize data that better mirrors real-world distributions. We then leverage the higher-quality segmentation masks predicted from models trained on the wasteGAN synthetic data to compute semantic-aware grasp poses; enabling a robotic arm to effectively recognizing contaminants and separating waste in a real-world scenario. Through comprehensive evaluation encompassing dataset-based assessments and real-world experiments; our methodology demonstrated promising potential for robotic waste sorting; yielding performance gains of up to 5.8% in picking contaminants. The project page is available at https://github.com/bach05/wasteGAN.git.,10802403,ieee,IROS,conference
Physics-Informed Learning to Enable Robotic Screw-Driving Under Hole Pose Uncertainties,Omey M. Manyar; Santosh V Narayan; Rohin Lengade; Satyandra K. Gupta,,2023,2023 IEEE/RSJ International Conference on Intelligent Robots and Systems (IROS),https://ieeexplore.ieee.org/document/10342151/,10.1109/IROS55552.2023.10342151,Заблокировано,Screw-driving is an important operation in numerous applications. In many situations; hole pose cannot be estimated very accurately. Autonomous screw-driving cannot be performed by traditional industrial manipulators in position control mode when the hole pose uncertainty is high. This paper presents a mobile manipulator system for performing autonomous screw-driving in the presence of uncertainties in the hole estimates. It utilizes active compliance in the form of impedance control of the robot and passive compliance in the screwing driving tool to deal with uncertainties. We present a physics-informed machine learning approach to automatically characterize the motion of the screw tip and explain how this motion leads to successful operation in the presence of uncertainty. We also present an approach for detecting failure modes and taking corrective actions. Code and video is available at: https://sites.google.com/usc.edu/physicsinformedscrewdriving,10342151,ieee,IROS,conference
One-Shot Affordance Learning (OSAL): Learning to Manipulate Articulated Objects by Observing Once,Ruomeng Fan; Taohan Wang; Masahiro Hirano; Yuji Yamakawa,,2023,2023 IEEE/RSJ International Conference on Intelligent Robots and Systems (IROS),https://ieeexplore.ieee.org/document/10341421/,10.1109/IROS55552.2023.10341421,Заблокировано,We present One-Shot Affordance Learning (OSAL): a unified pipeline that learns manipulation for articulated objects by observing human demonstration only once. The key idea of our method is to embody affordance of articulated objects with an open-loop trajectory conditioned on a certain area of the object's surface. It serves as a simplified object-centric manipulation representation; which can be easily transferred into robot motion; while traditional methods fail to deal with the configuration difference between human hands and robot end effectors. Our system extracts the embodied affordance by focusing on hand action's effect on the object; and further grounds such affordance into object visual features through self-supervised learning for novel object configurations. We evaluated our method on a collection of real-life objects and furniture and demonstrated high success rates. With our system; humans only need to manipulate a novel object once with any gesture to transfer that manipulation skill to the robot; which we believe to be a highly efficient and user-friendly paradigm oriented for future real-life robots.,10341421,ieee,IROS,conference
RMBench: Benchmarking Deep Reinforcement Learning for Robotic Manipulator Control,Yanfei Xiang; Xin Wang; Shu Hu; Bin Zhu; Xiaomeng Huang; Xi Wu; Siwei Lyu,,2023,2023 IEEE/RSJ International Conference on Intelligent Robots and Systems (IROS),https://ieeexplore.ieee.org/document/10342479/,10.1109/IROS55552.2023.10342479,Заблокировано,Reinforcement learning is used to tackle complex tasks with high-dimensional sensory inputs. Over the past decade; a wide range of reinforcement learning algorithms have been developed; with recent progress benefiting from deep learning for raw sensory signal representation. This raises a natural question: how well do these algorithms perform across different robotic manipulation tasks? To objectively compare algorithms; benchmarks use performance metrics. Benchmarks use objective performance metrics to offer a scientific way to compare algorithms. In this paper; we introduce RMBench; the first benchmark for robotic manipulations with high-dimensional continuous action and state spaces. We implement and evaluate reinforcement learning algorithms that take observed pixels as inputs and report their average performance and learning curves to demonstrate their performance and training stability. Our study concludes that none of the evaluated algorithms can handle all tasks well; with soft Actor-Critic outperforming most algorithms in terms of average reward and stability; and an algorithm combined with data augmentation potentially facilitating learning policies. Our code is publicly available at https://github.com/xiangyanfei212/RMBench-2022.git; including all benchmark tasks and studied algorithms.,10342479,ieee,IROS,conference
ITIRRT: A Decoupled Framework for the Integration of Machine Learning Into Path Planning,Thibault Barbie; Shigeharu Mukai,,2023,2023 IEEE/RSJ International Conference on Intelligent Robots and Systems (IROS),https://ieeexplore.ieee.org/document/10341747/,10.1109/IROS55552.2023.10341747,Заблокировано,Machine learning models have been successfully applied in many separate domains in the recent years. Yet; there is still a large disconnect with the path planning community mainly due to implementation difficulty. In this paper; we identify the issues and present a path planning framework that aims to ease the integration of machine learning models. The framework is divided into two phases: prediction and planning. During the prediction phase machine learning models are used to predict a path solution which; while not perfect; is enough to jump-start our proposed planner. The planning phase begins with the initialization of multiple independent tree data structures and; during execution; our planner merges the different trees until a path is found. Due to the architecture of our framework; the prediction and the planning phases are totally decoupled; resulting in a planner that treats the information given by the prediction model as a guess and not as a path to be corrected. This also allows our planner to maintain its probabilistic completeness. Our planner was evaluated on simulated environments and on a small robotic arm. We show that our planner can successfully leverage predicted paths to significantly improve the planning performances. We also demonstrate the flexibility of our framework by integrating multiple machine learning models of varying complexity.,10341747,ieee,IROS,conference
BaRiFlex: A Robotic Gripper with Versatility and Collision Robustness for Robot Learning,Gu-Cheol Jeong; Arpit Bahety; Gabriel Pedraza; Ashish D. Deshpande; Roberto Martín-Martín,,2024,2024 IEEE/RSJ International Conference on Intelligent Robots and Systems (IROS),https://ieeexplore.ieee.org/document/10802024/,10.1109/IROS58592.2024.10802024,Заблокировано,We present a new approach to robot hand design specifically suited to enable robot learning methods and daily tasks in human environments. We introduce BaRiFlex; an innovative gripper design that alleviates the issues caused by unexpected contact and collisions during robot learning; offering collision mitigation; grasping versatility; task versatility; and simplicity to the learning processes. This achievement is enabled by the incorporation of low-inertia actuators; providing high Back-drivability; and the strategic combination of Rigid and Flexible materials which enhances versatility and the gripper’s resilience against unpredicted collisions. Furthermore; the integration of flexible Fin-Ray and rigid linkages allows the gripper to execute compliant grasping and precise pinching. We conducted rigorous performance tests to characterize the novel gripper’s compliance; durability; grasping and task versatility; and precision. We also integrated the BaRiFlex with a 7 Degree of Freedom (DoF) Franka Emika’s Panda robotic arm to evaluate its capacity to support a trial-and-error (reinforcement learning) training procedure. The results of our experimental study are then compared to those obtained using the original rigid Franka Hand and a reference Fin-Ray soft gripper; demonstrating the superior capabilities and advantages of our developed gripper system. More information and videos at https://robin-lab.cs.utexas.edu/bariflex,10802024,ieee,IROS,conference
Data-Efficient Online Learning of Ball Placement in Robot Table Tennis,Philip Tobuschat; Hao Ma; Dieter Büchler; Bernhard Schölkopf; Michael Muehlebach,,2023,2023 IEEE/RSJ International Conference on Intelligent Robots and Systems (IROS),https://ieeexplore.ieee.org/document/10342132/,10.1109/IROS55552.2023.10342132,Заблокировано,We present an implementation of an online op-timization algorithm for hitting a predefined target when returning ping-pong balls with a table tennis robot. The online algorithm optimizes over so-called interception policies; which define the manner in which the robot arm intercepts the ball. In our case; these are composed of the state of the robot arm (position and velocity) at interception time. Gradient information is provided to the optimization algorithm via the mapping from the interception policy to the landing point of the ball on the table; which is approximated with a black-box and a grey-box approach. Our algorithm is applied to a robotic arm with four degrees of freedom that is driven by pneumatic artificial muscles. As a result; the robot arm is able to return the ball onto any predefined target on the table after about 2–5 iterations. We highlight the robustness of our approach by showing rapid convergence with both the black-box and the grey-box gradients. In addition; the small number of iterations required to reach close proximity to the target also underlines the sample efficiency. A demonstration video can be found here: https://youtu.be/VC3KJoCss0k.,10342132,ieee,IROS,conference
Deep Learning-Based Leaf Detection for Robotic Physical Sampling with P-AgBot,Aarya Deb; Kitae Kim; David J. Cappelleri,,2023,2023 IEEE/RSJ International Conference on Intelligent Robots and Systems (IROS),https://ieeexplore.ieee.org/document/10341516/,10.1109/IROS55552.2023.10341516,Заблокировано,Automating leaf detection and physical leaf sample collection using Internet of Things (IoT) technologies is a crucial task in precision agriculture. In this paper; we present a deep learning-based approach for detecting and segmenting crop leaves for robotic physical sampling. We discuss a method for generating a physical dataset of agricultural crops. Our proposed pipeline incorporates using an RGB-D camera for dataset collection; fusing the depth frame along with RGB images to train Mask R-CNN and YOLOv5 models. We also propose our novel leaf pose estimating algorithm for physical sampling and maximizing leaf sample area while using a robotic arm integrated to the P-AgBot platform. The proposed approach has been experimentally validated on corn and sorghum; in both indoor and outdoor environments. Our method has achieved a best-case detection rate of 90.6%; a 9% smaller error compared to our previous method; and approximately 80% smaller error compared to other state-of-the-art methods in estimating the leaf position.,10341516,ieee,IROS,conference
Probabilistic Inference of Human Capabilities from Passive Observations,Peter Tisnikar; Gerard Canal; Matteo Leonetti,,2024,2024 IEEE/RSJ International Conference on Intelligent Robots and Systems (IROS),https://ieeexplore.ieee.org/document/10801640/,10.1109/IROS58592.2024.10801640,Заблокировано,Modern robots need to adapt to diverse human partners with whom they collaborate. To this end; learning a representation of human capabilities enables the robot to personalize their behaviour to their collaborators across multiple tasks. We propose CApability Modeling from Observations (CAMO); a model-based estimation algorithm; in which human capabilities that parameterize a given model are inferred from observations of the human behaviour on known collaborative tasks. We apply the method to joint limit learning in order to predict future trajectories of a 7-DOF manipulator arm. Furthermore; we show that CAMO can be used as a sub-task assignment routine in a simulated human–robot collaboration scenario; allowing the robot to adapt its task allocation to perform tasks that the person is not able to do.,10801640,ieee,IROS,conference
UMIRobot: An Open-{Software; Hardware} Low-Cost Robotic Manipulator for Education,Murilo M. Marinho; Hung-Ching Lin; Jiawei Zhao,,2023,2023 IEEE/RSJ International Conference on Intelligent Robots and Systems (IROS),https://ieeexplore.ieee.org/document/10341347/,10.1109/IROS55552.2023.10341347,Заблокировано,Robot teleoperation has been studied for the past 70 years and is relevant in many contexts; such as in the handling of hazardous materials and telesurgery. The COVID19 pandemic has rekindled interest in this topic; but the existing robotic education kits fall short of being suitable for teleoperated robotic manipulator learning. In addition; the global restrictions of motion motivated large investments in online/hybrid education. In this work; a newly developed robotics education kit and its ecosystem are presented which is used as the backbone of an online/hybrid course in teleoperated robots. The students are divided into teams. Each team designs; fabricates (3D printing and assembling); and implements a control strategy for a master device and gripper. Coupling those with the UMIRobot; provided as a kit; the students compete in a teleoperation challenge. The kit is low cost (<100USD); which allows higher-learning institutions to provide one kit per student and they can learn in a risk-free environment. As of now; 73 such kits have been assembled and sent to course participants in eight countries. As major success stories; we show an example of gripper and master designed for the proposed course. In addition; we show a teleoperated task between Japan and Bangladesh executed by course participants. Design files; videos; source code; and more information are available at https://mmmarinho.github.io/UMIRobot/,10341347,ieee,IROS,conference
Learning initial trajectory using sequence-to-sequence approach to warm start an optimization-based motion planner,Sankaranarayanan Natarajan,,2021,2021 IEEE/RSJ International Conference on Intelligent Robots and Systems (IROS),https://ieeexplore.ieee.org/document/9636456/,10.1109/IROS51168.2021.9636456,Заблокировано,In recent years; optimization-based motion planners have shown that they can provide a fast; smooth; and locally optimal trajectory even for a higher dimension planning problem. Their convergence rate depends on the given initial trajectory. The proper selection of an initial trajectory is crucially important: if it is not within the basin of attraction of the optimum; it will take longer to convergence or even get stuck in local minima. This paper presents a neural network-based initial trajectory predictor; which utilizes the power of the sequence-to-sequence (Seq2Seq) learning method to predict a good initial trajectory for an optimization-based motion planner even in an unseen environment. The proposed model learns the mapping between the tasks and the optimal trajectories from a database. Given a start and a goal configuration of a manipulator along with the environment information in the form of a voxel grid; the proposed model predicts a good initial trajectory; which was learned from previously seen situations. The learned model is evaluated in a 6 degree of freedom (DOF) manipulator planning in two different environments. The results show that by using the predicted initial trajectory; there is a significant improvement in the convergence rate and the planning time of an optimization-based motion planner; even in an unseen environment.,9636456,ieee,IROS,conference
Dynamic Decision Frequency with Continuous Options,Amirmohammad Karimi; Jun Jin; Jun Luo; A. Rupam Mahmood; Martin Jagersand; Samuele Tosatto,,2023,2023 IEEE/RSJ International Conference on Intelligent Robots and Systems (IROS),https://ieeexplore.ieee.org/document/10342408/,10.1109/IROS55552.2023.10342408,Заблокировано,In classic reinforcement learning algorithms; agents make decisions at discrete and fixed time intervals. The duration between decisions becomes a crucial hyperparameter; as setting it too short may increase the problem's difficulty by requiring the agent to make numerous decisions to achieve its goal while setting it too long can result in the agent losing control over the system. However; physical systems do not necessarily require a constant control frequency; and for learning agents; it is often preferable to operate with a low frequency when possible and a high frequency when necessary. We propose a framework called Continuous-Time Continuous-Options (CTCO); where the agent chooses options as sub-policies of variable durations. These options are time-continuous and can interact with the system at any desired frequency providing a smooth change of actions. We demonstrate the effectiveness of CTCO by comparing its performance to classical RL and temporal-abstraction RL methods on simulated continuous control tasks with various action-cycle times. We show that our algorithm's performance is not affected by the choice of environment interaction frequency. Furthermore; we demonstrate the efficacy of CTCO in facilitating exploration in a real-world visual reaching task for a 7 DOF robotic arm with sparse rewards.,10342408,ieee,IROS,conference
Perceive; Represent; Generate: Translating Multimodal Information to Robotic Motion Trajectories,Fábio Vital; Miguel Vasco; Alberto Sardinha; Francisco Melo,,2022,2022 IEEE/RSJ International Conference on Intelligent Robots and Systems (IROS),https://ieeexplore.ieee.org/document/9981788/,10.1109/IROS47612.2022.9981788,Заблокировано,We present Perceive-Represent-Generate (PRG); a novel three-stage framework that maps perceptual information of different modalities (e.g.; visual or sound); corresponding to a series of instructions; to a sequence of movements to be executed by a robot. In the first stage; we perceive and preprocess the given inputs; isolating individual commands from the complete instruction provided by a human user. In the second stage we encode the individual commands into a multimodal latent space; employing a deep generative model. Finally; in the third stage we convert the latent samples into individual trajectories and combine them into a single dynamic movement primitive; allowing its execution by a robotic manipulator. We evaluate our pipeline in the context of a novel robotic handwriting task; where the robot receives as input a word through different perceptual modalities (e.g.; image; sound); and generates the corresponding motion trajectory to write it; creating coherent and high-quality handwritten words.,9981788,ieee,IROS,conference
Learning Generalizable Manipulation Policy with Adapter-Based Parameter Fine-Tuning,Kai Lu; Kim Tien Ly; William Hebberd; Kaichen Zhou; Ioannis Havoutis; Andrew Markham,,2024,2024 IEEE/RSJ International Conference on Intelligent Robots and Systems (IROS),https://ieeexplore.ieee.org/document/10801544/,10.1109/IROS58592.2024.10801544,Заблокировано,This study investigates the use of adapters in reinforcement learning for robotic skill generalization across multiple robots and tasks. Traditional methods are typically reliant on robot-specific retraining and face challenges such as efficiency and adaptability; particularly when scaling to robots with varying kinematics. We propose an alternative approach where a disembodied (virtual) hand manipulator learns a task (i.e.; an abstract skill) and then transfers it to various robots with different kinematic constraints without retraining the entire model (i.e.; the concrete; physical implementation of the skill). Whilst adapters are commonly used in other domains with strong supervision available; we show how weaker feedback from robotic control can be used to optimize task execution by preserving the abstract skill dynamics whilst adapting to new robotic domains. We demonstrate the effectiveness of our method with experiments conducted in the SAPIEN ManiSkill environment; showing improvements in generalization and task success rates. All code; data; and additional videos are at this GitHub link: https://kl-research.github.io/genrob.,10801544,ieee,IROS,conference
Beyond Feasibility: Efficiently Planning Robotic Assembly Sequences That Minimize Assembly Path Lengths,Alexander Cebulla; Tamim Asfour; Torsten Kröger,,2024,2024 IEEE/RSJ International Conference on Intelligent Robots and Systems (IROS),https://ieeexplore.ieee.org/document/10801475/,10.1109/IROS58592.2024.10801475,Заблокировано,Advancements in Industry 4.0 demand sophisticated solutions for automatic robotic assembly sequence planning (RASP); capable of handling the diversity and complexity of modern manufacturing tasks. One approach to RASP is Assembly-by-Disassembly (AbD). It first searches for a disassembly sequence that is then inverted to obtain an assembly sequence. One of the challenges of AbD; however; is the exponential number of potential assembly sequences for any given assembly. To mitigate this challenge; we propose to transfer knowledge obtained during previous planning attempts. Specifically; we present an approach that combines Monte Carlo Tree Search (MCTS) with deep Q-learning to optimize the total length of robotic assembly paths. We use a graph-based representation of disassembly states in combination with a graph neural network to learn the Q-function. We further discuss a principled approach to generate 3D assemblies out of aluminium profiles that a single robot manipulator can assemble. With this approach; we generated two datasets consisting of 14 assemblies with 21 removable parts and 7 assemblies with 30 removable parts. Using leave-one-out cross-validation; we were able to demonstrate how our approach outperformed an unmodified MCTS. Moreover; we successfully transferred knowledge between datasets.,10801475,ieee,IROS,conference
An Approach to Design a Biomechanically-Inspired Reward Function to Solve a Patience Cube Under Reinforcement Learning Framework,Janghyeon Kim; Ho-Jin Jung; Dae Han Sim; Ji-Hyeon Yoo; Song Woo Kim; Han Ul Yoon,,2023,2023 IEEE/RSJ International Conference on Intelligent Robots and Systems (IROS),https://ieeexplore.ieee.org/document/10341831/,10.1109/IROS55552.2023.10341831,Заблокировано,This paper presents an approach to design a reward function by adopting both control theoretic and biomechanical perspectives. In reinforcement learning (RL); a reward function plays a crucial role for an RL agent training; especially; a task learning time and a task performance. Accordingly; designing a reward function becomes a key issue to train an RL agent generating human-like policy/strategy to perform dexterous manipulation. Since human beings are good at producing heuristic approaches to complete a given task; determining a set of basis functions as well as corresponding weights used not to be so straightforward. In this study; we consider solving a patience cube as an example of a dexterous manipulation task. In our approach; we first employed a quadratic regulator form as a backbone of a desired reward function. Next; the kinematic data of a controlled object and the sEMG data of a human expert were measured while performing a demonstration to solve a patience cube. Then; from the measured data; the weights of the basis functions were determined by utilizing muscle synergy extraction and inverse optimal control as two key tools. Finally; an RL agent was trained by the designed reward function and comparative analysis versus the other RL agents trained by prototypical weight settings was followed. The result showed that the RL agent trained by our approach yielded human-like learning curve as well as policy successfully and outperformed the others in terms of a task success rate and a task completion time. These findings substantiated the feasibility of extending our approach to an assistive robotic manipulator or prosthesis design to perform the activities of daily living.,10341831,ieee,IROS,conference
RTTF: Rapid Tactile Transfer Framework for Contact-Rich Manipulation Tasks,Qiwei Wu; Xuanbin Peng; Jiayu Zhou; Zhuoran Sun; Xiaogang Xiong; Yunjiang Lou,,2024,2024 IEEE/RSJ International Conference on Intelligent Robots and Systems (IROS),https://ieeexplore.ieee.org/document/10801764/,10.1109/IROS58592.2024.10801764,Заблокировано,An increasing number of robotic manipulation tasks now use optical tactile sensors to provide tactile feedback; making tactile servo control a crucial aspect of robotic operations. This paper presents a rapid tactile transfer framework (RTTF) that achieves optical-tactile image sim2real transfer and robust tactile servo control using limited paired data. The sim2real aspect of RTTF employs a semi-supervised approach; beginning with pretraining the latent space representations of tactile images and subsequently mapping different tactile image domains to a shared latent space within a simulated tactile image domain. This latent space; combined with the proprioceptive information of the robotic arm; is then integrated into a privileged learning framework for policy training; which results in a deployable tactile control policy. Our results demonstrate the robustness of the proposed framework in achieving task objectives across different tactile sensors with varying physical parameters. Furthermore; manipulators equipped with tactile sensors; allow for rapid training and deployment for diverse contact-rich tasks; including object pushing and surface following.,10801764,ieee,IROS,conference
Neuromorphic force-control in an industrial task: validating energy and latency benefits,Camilo Amaya; Evan Eames; Gintautas Palinauskas; Alexander Perzylo; Yulia Sandamirskaya; Axel von Arnim,,2024,2024 IEEE/RSJ International Conference on Intelligent Robots and Systems (IROS),https://ieeexplore.ieee.org/document/10802430/,10.1109/IROS58592.2024.10802430,Заблокировано,As robots become smarter and more ubiquitous; optimizing the power consumption of intelligent compute becomes imperative towards ensuring the sustainability of technological advancements. Neuromorphic computing hardware makes use of biologically inspired neural architectures to achieve energy and latency improvements compared to conventional von Neumann computing architecture. Applying these benefits to robots has been demonstrated in several works in the field of neurorobotics; typically on relatively simple control tasks. Here; we introduce an example of neuromorphic computing applied to the real-world industrial task of object insertion. We trained a spiking neural network (SNN) to perform force-torque feedback control using a reinforcement learning approach in simulation. We then ported the SNN to the Intel neuromorphic research chip Loihi interfaced with a KUKA robotic arm. At inference time we show latency competitive with current CPU/GPU architectures; and one order of magnitude less energy usage in comparison to traditional low-energy edge-hardware. We offer this example as a proof of concept implementation of a neuromoprhic controller in real-world robotic setting; highlighting the benefits of neuromorphic hardware for the development of intelligent controllers for robots.,10802430,ieee,IROS,conference
Zero-Shot Fault Detection for Manipulators Through Bayesian Inverse Reinforcement Learning,Hanqing Zhao; Xue Liu; Gregory Dudek,,2023,2023 IEEE/RSJ International Conference on Intelligent Robots and Systems (IROS),https://ieeexplore.ieee.org/document/10342143/,10.1109/IROS55552.2023.10342143,Заблокировано,We consider the detection of faults in robotic manipulators; with particular emphasis on faults that have not been observed or identified in advance; which naturally includes those that occur very infrequently. Recent studies indicate that the reward function obtained through Inverse Reinforcement Learning (IRL) can help detect anomalies caused by faults in a control system (i.e. fault detection). Current IRL methods for fault detection; however; either use a linear reward representation or require extensive sampling from the environment to estimate the policy; rendering them inappropriate for safety-critical situations where sampling of failure observations via fault injection can be expensive and dangerous. To address this issue; this paper proposes a zero-shot and exogenous fault detector based on an approximate variational reward imitation learning (AVRIL) structure. The fault detector recovers a reward signal as a function of externally observable information to describe the normal operation; which can then be used to detect anomalies caused by faults. Our method incorporates expert knowledge through a customizable reward prior distribution; allowing the fault detector to learn the reward solely from normal operation samples; without the need for a simulator or costly interactions with the environment. We evaluate our approach for exogenous partial fault detection in multi-stage robotic manipulator tasks; comparing it with several baseline methods. The results demonstrate that our method more effectively identifies unseen faults even when they occur within just three controller time steps.,10342143,ieee,IROS,conference
Image-Based Joint State Estimation Pipeline for Sensorless Manipulators,Mingjie Han; Bowen Xie; Martin Barczyk; Alireza Bayat,,2021,2021 IEEE/RSJ International Conference on Intelligent Robots and Systems (IROS),https://ieeexplore.ieee.org/document/9636439/,10.1109/IROS51168.2021.9636439,Заблокировано,Motion planning is a largely solved problem for robot arms with joint state feedback; but remains an area of research for sensorless manipulators such as toy robot arms and heavy equipment such as excavators and cranes. A promising approach to this problem is deep learning; which employs a pre-trained convolutional neural network to identify manipulator links and estimate joint states from a monocular camera video feed. Whereas manual labeling of training image sets is tedious and non-transferable; a simulation environment can automatically generate labeled training image sets of any size. The issue is the gap between simulated and real-world images. This paper solves this problem by implementing a Generative Adversarial Network. The complete joint state estimation pipeline is implemented and tested in hardware experiments to validate our proposed approach.,9636439,ieee,IROS,conference
Optimizing Base Placement of Surgical Robot: Kinematics Data-Driven Approach by Analyzing Working Pattern,Jeonghyeon Yoon; Junhyun Park; Hyojae Park; Hakyoon Lee; Sangwon Lee; Minho Hwang,,2024,2024 IEEE/RSJ International Conference on Intelligent Robots and Systems (IROS),https://ieeexplore.ieee.org/document/10802398/,10.1109/IROS58592.2024.10802398,Заблокировано,In robot-assisted minimally invasive surgery (RAMIS); optimal placement of the surgical robot base is crucial for successful surgery. Improper placement can hinder performance because of manipulator limitations and inaccessible workspaces. Conventional base placement relies on the experience of trained medical staff. This study proposes a novel method for determining the optimal base pose based on the surgeon’s working pattern. The proposed method analyzes recorded end-effector poses using a machine learning-based clustering technique to identify key positions and orientations preferred by the surgeon. We introduce two scoring metrics to address the joint limit and singularity issues: joint margin and manipulability scores. We then train a multi-layer perceptron regressor to predict the optimal base pose based on these scores. Evaluation in a simulated environment using the da Vinci Research Kit shows unique base pose score maps for four volunteers; highlighting the individuality of the working patterns. Results comparing with 20;000 randomly selected base poses suggest that the score obtained using the proposed method is 28.2% higher than that obtained by random base placement. These results emphasize the need for operator-specific optimization during base placement in RAMIS.,10802398,ieee,IROS,conference
A Hybrid Model and Learning-Based Force Estimation Framework for Surgical Robots,Hao Yang; Haoying Zhou; Gregory S. Fischer; Jie Ying Wu,,2024,2024 IEEE/RSJ International Conference on Intelligent Robots and Systems (IROS),https://ieeexplore.ieee.org/document/10802648/,10.1109/IROS58592.2024.10802648,Заблокировано,Haptic feedback to the surgeon during robotic surgery would enable safer and more immersive surgeries but estimating tissue interaction forces at the tips of robotically controlled surgical instruments has proven challenging. Few existing surgical robots can measure interaction forces directly and the additional sensor may limit the life of instruments. We present a hybrid model and learning-based framework for force estimation for the Patient Side Manipulators (PSM) of a da Vinci Research Kit (dVRK). The model-based component identifies the dynamic parameters of the robot and estimates free-space joint torque; while the learning-based component compensates for environmental factors; such as the additional torque caused by trocar interaction between the PSM instrument and the patient’s body wall. We evaluate our method in an abdominal phantom and achieve an error in force estimation of under 10% normalized root-mean-squared error. We show that by using a model-based method to perform dynamics identification; we reduce reliance on the training data covering the entire workspace. Although originally developed for the dVRK; the proposed method is a generalizable framework for other compliant surgical robots. The code is available at https://github.com/vu-maple-lab/dvrk_force_estimation.,10802648,ieee,IROS,conference
Multitask and Transfer Learning of Geometric Robot Motion,Satomi Sugaya; Mohammad R. Yousefi; Andrew R. Ferdinand; Marco Morales; Lydia Tapia,,2021,2021 IEEE/RSJ International Conference on Intelligent Robots and Systems (IROS),https://ieeexplore.ieee.org/document/9636052/,10.1109/IROS51168.2021.9636052,Заблокировано,When a learning solution is needed for different robots; a model is often trained for each robot geometry; even if the robotic task is the same and the robots are structurally similar. In this paper; we address the problem of transfer learning of swept volume predictors for the motion of articulated robots with similar geometric structure. The swept volume is a scalar value corresponding to the space occupied by an entire motion of the robot. Swept volume has many applications; including being an ideal distance measure for sampling based motion planners; but it is expensive to compute. We address this learning problem through a multitask network where a common input is used to learn multiple related tasks. In this work a single network learns the kinematic-geometric information common among robots. In order to identify the properties of our multitask network favorable for transfer; we evaluate transfer properties of several shared layers; number of robots in multitask training; and feature layers. We demonstrate positive transfer results with a training set that is a fraction of the data size used in the multitask and baseline training. All the robots considered are 7-DOF manipulators with links with a variety of lengths and shapes. We also present a study of the weights and activations of the trained networks that show high correlation with the transferability patterns we observed.,9636052,ieee,IROS,conference
Optimal Sensing in Soft Pneumatic Actuators via Stretchable Optical Waveguides,Faisal Aljaber; Ahmed Hassan; Ivan Vitanov; Noora Almeadadi; Hind AlHajri; Sara AlEnazi; Rashid Al-Marri; Kaspar Althoefer; Pilsung Choe,,2024,2024 IEEE/RSJ International Conference on Intelligent Robots and Systems (IROS),https://ieeexplore.ieee.org/document/10801812/,10.1109/IROS58592.2024.10801812,Заблокировано,Stretchable optical waveguides have been explored as a route to enhancing the sensing capabilities of soft actuators. Certain properties and qualities they possess recommend them for this task – their biological plausibility; compliance; low power consumption; and heightened responsiveness to external stimuli. Though well regarded for their efficiency; their practical application warrants a more detailed examination as regards their sensitivity; robustness; and resilience when integrated with various manipulators. There is a dearth of comprehensive; wide-ranging studies that investigate the relationship between soft sensors and actuators; both in terms of integration and sensor performance – the present study endeavours to fill this void. Here we present a series of findings as to the interdependent relationship at the nexus of soft actuator sensorisation; sensitivity and responsiveness. Building on our previous work and prior waveguide designs; we examine the influence of sensor location and placement along the deformation axis on responsiveness; repeatability; and longevity. Location is key as; during bending; one side experiences tension; while the other compression. Placement is identified as ’straight’ or ’loose’. Three PneuNet-based actuators were used in three design configurations: one without any additional modifications; one with a few rigid exoskeleton reinforcements; and one covered fully with rigid exoskeleton reinforcements. The purpose of applying the exoskeletons is to hold the waveguide-based sensors and to suppress any bubble formation. Each design enables the straightforward integration of sensors; so that the relationship between soft actuator design and sensor performance is easy to assess when applying various pressure intakes (from 0 to 7.1 psi) to actuate the bending motion.,10801812,ieee,IROS,conference
Signal Temporal Logic-Guided Apprenticeship Learning,Aniruddh G. Puranic; Jyotirmoy V. Deshmukh; Stefanos Nikolaidis,,2024,2024 IEEE/RSJ International Conference on Intelligent Robots and Systems (IROS),https://ieeexplore.ieee.org/document/10801924/,10.1109/IROS58592.2024.10801924,Заблокировано,Apprenticeship learning crucially depends on effectively learning rewards; and hence control policies from user demonstrations. Of particular difficulty is the setting where the desired task consists of a number of sub-goals with temporal dependencies. The quality of inferred rewards and hence policies are typically limited by the quality of demonstrations; and poor inference of these can lead to undesirable outcomes. In this paper; we show how temporal logic specifications that describe high level task objectives; are encoded in a graph to define a temporal-based metric that reasons about behaviors of demonstrators and the learner agent to improve the quality of inferred rewards and policies. Through experiments on a diverse set of robot manipulator simulations; we show how our framework overcomes the drawbacks of prior literature by drastically improving the number of demonstrations required to learn a control policy.,10801924,ieee,IROS,conference
Incremental Learning of Robotic Manipulation Tasks through Virtual Reality Demonstrations,Giuseppe Rauso; Riccardo Caccavale; Alberto Finzi,,2024,2024 IEEE/RSJ International Conference on Intelligent Robots and Systems (IROS),https://ieeexplore.ieee.org/document/10802774/,10.1109/IROS58592.2024.10802774,Заблокировано,We propose an incremental; modular; and extensible method for learning robotic manipulation tasks using a limited number of demonstrations provided in Virtual Reality; while assuming minimal prior information about the objects to be manipulated. The developed framework enables an incremental training process in which the operator first demonstrates specialized tasks to the robotic system; and subsequently more complex tasks; exploiting the skills learned during the previous phases. We illustrate and discuss the method at work considering picking tasks performed by manipulators equipped with multi-fingered sensorized hands. The experimental evaluation highlights the feasibility and advantage of the proposed method; particularly in terms of modularity; low number of demonstrations; and reliability of the trained system.,10802774,ieee,IROS,conference
Reducing Performance Variability and Overcoming Limited Spatial Ability: Targeted Training for Remote Robot Teleoperation,Tsung-Chi Lin; Juo-Tung Chen; Chien-Ming Huang,,2024,2024 IEEE/RSJ International Conference on Intelligent Robots and Systems (IROS),https://ieeexplore.ieee.org/document/10801973/,10.1109/IROS58592.2024.10801973,Заблокировано,In this paper; we present a targeted training approach for remote teleoperation aimed at achieving consistent proficiency levels across users with varying capabilities. Our approach begins by assessing users’ abilities to perform robot motion control; workspace adaptation; and gripper control. It then provides tailored training based on identified skill gaps to enhance the learning effectiveness and user experience. To demonstrate our approach; we conducted a user study; with one group undergoing conventional; free-form training and the other engaging in targeted training in accordance with their skill gaps; after the training phase; participants teleoperated a robotic arm in a simulated medication preparation task for performance evaluation. Our results show that the targeted training approach effectively reduces performance variability and mitigates the influence of spatial ability on both training and task completion time. We discuss the implications of our results for practical teleoperation training and future research.,10801973,ieee,IROS,conference
GraspContrast: Self-supervised Contrastive Learning with False Negative Elimination for 6-DoF Grasp Detection,Wenshuo Wang; Haiyue Zhu; Marcelo H. Ang,,2024,2024 IEEE/RSJ International Conference on Intelligent Robots and Systems (IROS),https://ieeexplore.ieee.org/document/10802171/,10.1109/IROS58592.2024.10802171,Заблокировано,Robotic manipulation is a grand domain that primarily involves the use of robotic arms to interact with objects in the environment. While proposed methods have achieved advancements in grasping objects; they rely heavily on extensive training data that presents a significant challenge due to the labor-intensive process of human annotation. To address the issue; we propose GraspContrast; a self-supervised contrastive learning framework leveraging unlabeled RGB-D images to enhance point-wise feature representations for 6-DoF grasp detection. Our method designs a dual-branch network architecture to learn transformations that embed positive point pairs nearby; while pushing negative point pairs far apart. Specifically; we discuss a false negative elimination strategy to explicitly detect and remove the false negative samples that undesirably repel the point instances from the geometrically similar samples. Our method exhibits consistent improvements over existing learning-based grasp detection methods on both the GraspNet-1B benchmark and physical UR10e platform. These significant performance gains demonstrate the effectiveness of our proposed framework.,10802171,ieee,IROS,conference
Monolithic vs. hybrid controller for multi-objective Sim-to-Real learning,Atakan Dag; Alexandre Angleraud; Wenyan Yang; Nataliya Strokina; Roel S. Pieters; Minna Lanz; Joni-Kristian Kämäräinen,,2021,2021 IEEE/RSJ International Conference on Intelligent Robots and Systems (IROS),https://ieeexplore.ieee.org/document/9636426/,10.1109/IROS51168.2021.9636426,Заблокировано,"Simulation to real (Sim-to-Real) is an attractive approach to construct controllers for robotic tasks that are easier to simulate than to analytically solve. Working Sim-to-Real solutions have been demonstrated for tasks with a clear single objective such as ""reach the target"". Real world applications; however; often consist of multiple simultaneous objectives such as ""reach the target"" but ""avoid obstacles"". A straightforward solution in the context of reinforcement learning (RL) is to combine multiple objectives into a multi-term reward function and train a single monolithic controller. Recently; a hybrid solution based on pre-trained single objective controllers and a switching rule between them was proposed. In this work; we compare these two approaches in the multi-objective setting of a robot manipulator to reach a target while avoiding an obstacle. Our findings show that the training of a hybrid controller is easier and obtains a better success-failure trade-off than a monolithic controller. The controllers trained in simulator were verified by a real set-up.",9636426,ieee,IROS,conference
Iterative Reference Learning for Cartesian Impedance Control of Robot Manipulators,Julian M. Salt Ducaju; Björn Olofsson; Rolf Johansson,,2024,2024 IEEE/RSJ International Conference on Intelligent Robots and Systems (IROS),https://ieeexplore.ieee.org/document/10801796/,10.1109/IROS58592.2024.10801796,Заблокировано,In this paper; an iterative learning strategy was developed to improve trajectory tracking for an impedance-controlled robot manipulator. In this learning strategy; an update law was proposed to modify the Cartesian reference of an impedance controller. Also; the conditions that ensure its convergence considering the dynamics of the robot were derived. Finally; an experimental evaluation was performed using a Franka Emika Panda robot in two different robot tasks; and its results showed that robot task completion was achieved in a lower number of iterations; while maintaining a smooth physical interaction between the robot and its surroundings.,10801796,ieee,IROS,conference
Deformable Objects Perception is Just a Few Clicks Away – Dense Annotations from Sparse Inputs,Alessio Caporali; Kevin Galassi; Matteo Pantano; Gianluca Palli,,2024,2024 IEEE/RSJ International Conference on Intelligent Robots and Systems (IROS),https://ieeexplore.ieee.org/document/10802495/,10.1109/IROS58592.2024.10802495,Заблокировано,Deformable Objects (DOs); e.g. clothes; garments; cables; wires; and ropes; are pervasive in our everyday environment. Despite their importance and widespread presence; many limitations exist when deploying robotic systems to interact with DOs. One source of challenges arises from their complex perception. Deep learning algorithms can address these issues; however; extensive training data is usually required. This paper introduces a method for efficiently labeling DOs in images at the pixel level; starting from sparse annotations of key points. The method allows for the generation of a real-world dataset of DO images for segmentation purposes with minimal human effort. The approach comprises three main steps. First; a set of images is collected by a camera-equipped robotic arm. Second; a user performs sparse annotation via key points on just one image from the collected set. Third; the initial sparse annotations are converted into dense labels ready for segmentation tasks by leveraging a foundation model in zero-shot settings. Validation of the method on three different sets of DOs; comprising cloth and rope-like objects; showcases its practicality and efficiency. Consequently; the proposed method lays the groundwork for easy DO labeling and the seamless integration of deep learning perception of DOs into robotic agents.,10802495,ieee,IROS,conference
A Cascaded Broad Learning System for Manipulator Motion Control,Guoyu Zuo; Shuaifeng Dong; Jiyong Zhou; Shuangyue Yu,,2024,2024 IEEE/RSJ International Conference on Intelligent Robots and Systems (IROS),https://ieeexplore.ieee.org/document/10802175/,10.1109/IROS58592.2024.10802175,Заблокировано,Intelligent control methods have led to a significant simplification of the robotic arm modeling and control tuning process; and thus they have been widely used. To further improve the precision of robotic arm motion control; this paper proposes a robotic arm motion control strategy based on a cascaded feature-enhanced elastic-net broad learning system (CFE-EN-BLS). This will fully extract data features to improve motion control accuracy. Moreover; ElasticNet regression is introduced to reduce feature redundancy. Finally; Lyapunov stability theory is introduced to constrain the learning parameters of the proposed learning method to enhance the convergence of the control strategy. The simulation and experiment show that the proposed control strategy can realize high-precision trajectory tracking control of the robotic arm.,10802175,ieee,IROS,conference
ActNeRF: Uncertainty-aware Active Learning of NeRF-based Object Models for Robot Manipulators using Visual and Re-orientation Actions,Saptarshi Dasgupta; Akshat Gupta; Shreshth Tuli; Rohan Paul,,2024,2024 IEEE/RSJ International Conference on Intelligent Robots and Systems (IROS),https://ieeexplore.ieee.org/document/10801767/,10.1109/IROS58592.2024.10801767,Заблокировано,Manipulating unseen objects is challenging without a 3D representation; as objects generally have occluded surfaces. This requires physical interaction with objects to build their internal representations. This paper presents an approach that enables a robot to rapidly learn the complete 3D model of a given object for manipulation in unfamiliar orientations. We use an ensemble of partially constructed NeRF models to quantify model uncertainty to determine the next action (a visual or re-orientation action) by optimizing informativeness and feasibility. Further; our approach determines when and how to grasp and re-orient an object given its partial NeRF model and re-estimates the object pose to rectify misalignments introduced during the interaction. Experiments with a simulated Franka Emika Robot Manipulator operating in a tabletop environment with benchmark objects demonstrate an improvement of (i) 14% in visual reconstruction quality (PSNR); (ii) 20% in the geometric/depth reconstruction of the object surface (F-score) and (iii) 71% in the task success rate of manipulating objects a-priori unseen orientations/stable configurations in the scene; over current methods. The project page can be found at https://actnerf.github.io/,10801767,ieee,IROS,conference
Evaluating the Impact of a Semi-Autonomous Interface on Configuration Space Accessibility for Multi-DOF Upper Limb Prostheses,Rebecca J. Greene; Christopher Hunt; Brooklyn Acosta; Zihan Huang; Rahul Kaliki; Nitish Thakor,,2024,2024 IEEE/RSJ International Conference on Intelligent Robots and Systems (IROS),https://ieeexplore.ieee.org/document/10802319/,10.1109/IROS58592.2024.10802319,Заблокировано,Powered upper limb prostheses offer a particularly interesting case of human-machine interaction; where the user and the robot are physically coupled as an open chain manipulator. The biological and mechanical degrees of freedom (DOF) must collaborate for the user to manipulate objects in the environment. Current state-of-the-art systems use machine learning models to classify electromyogram (EMG) signals into motion intent primitives; allowing users to move the prosthetic joints sequentially at a fixed velocity. This interface is intended to work for simple systems but does not extend well into higher DOF. Consequently; current commercially available systems are limited to 1 or 2 powered DOF. In this paper; we present a semi-autonomous (SA) hybrid gaze-EMG interface that allows users to command the device in task-space instead of joint-space. Target end-effector poses are selected by tracking the user’s gaze vector; and then EMG signals guide the prosthetic along a calculated trajectory towards that pose. To examine how prosthesis interface performance scales with available mechanical DOF; we had 4 subjects complete virtual pick and place tasks with SA and traditional controller interfaces; varying the available DOF in the prosthetic wrist. Our results show that with the SA interface; increased DOF leads to a significant (p≤0.05) reduction in compensatory motion of the upper arm; more effective (p≤0.01) utilization of the increased configuration space; and overall more efficient motion (p≤0.01) than traditional classification based interfaces. These findings indicate that when given SA interfaces; subjects can benefit from fully articulated prosthetic devices; which motivates more clinical research into SA systems and commercial development of higher-DOF devices.,10802319,ieee,IROS,conference
Design and Development of a Work Cell with a One-Handed Soldering Tool for Enhanced Human-Robot Collaboration,Natchanon Suppaadirek; Maximilien Sonnic; Raul Ariel Duran Jimenez; Tomohiro Shibata,,2024,2024 IEEE/RSJ International Conference on Intelligent Robots and Systems (IROS),https://ieeexplore.ieee.org/document/10801987/,10.1109/IROS58592.2024.10801987,Заблокировано,The challenge of human-robot collaboration; particularly in the context of enhancing the productivity of work processes; has been a pivotal area of research and development for many years. Despite significant advancements; there remains a substantial gap in the design of these systems to cater specifically to individuals with disabilities. This paper presents an innovative approach in assistive robotics; focusing on the development of a work cell designed to facilitate individuals with single-arm functionality. Through the integration of depth camera technology; machine learning algorithms; and Mediapipe human tracking; our system is capable of interpreting human intentions; thereby making interactions with robots more intuitive and effective. Central to our research is the design of a specialized workspace that assists in object handling and incorporates a fully functional One-Handed Soldering Tool; integrated within a robotic arm setup. This work cell is tailored for users with limited arm functionality; demonstrating the system’s versatility and providing invaluable insights into the practical implementation of applied robotics to bridge the theoretical and practical aspects of assistive technology.,10801987,ieee,IROS,conference
Learning Any-View 6DoF Robotic Grasping in Cluttered Scenes via Neural Surface Rendering,Snehal Jauhri; Ishikaa Lunawat; Georgia Chalvatzaki,,2024,Robotics: Science and Systems,https://www.roboticsproceedings.org/rss20/p046.pdf,,Открыто,A significant challenge for real-world robotic manipulation is the effective 6DoF grasping of objects in cluttered scenes from any single viewpoint without needing additional scene exploration. This work re-interprets grasping as rendering and introduces NeuGraspNet; a novel method for 6DoF grasp detection that leverages advances in neural volumetric representations and surface rendering. We encode the interaction between a robot's end-effector and an object's surface by jointly learning to render the local object surface and learning grasping functions in a shared feature space. Our approach uses global (scene-level) features for grasp generation and local (grasp-level) neural surface features for grasp evaluation. This enables effective; fully implicit 6DoF grasp quality prediction; even in partially observed scenes. NeuGraspNet operates on random viewpoints; common in mobile manipulation scenarios; and outperforms existing implicit and semi-implicit grasping methods. We demonstrate the real-world applicability of the method with a mobile manipulator robot; grasping in open cluttered spaces. Project website at: https://sites.google.com/view/neugraspnet,,rss,RSS,conference
Consistency Policy: Accelerated Visuomotor Policies via Consistency Distillation,Aaditya Prasad; Kevin Lin; Jimmy Wu; Linqi Zhou; Jeannette Bohg,,2024,Robotics: Science and Systems,https://www.roboticsproceedings.org/rss20/p071.pdf,,Открыто,Many robotic systems; such as mobile manipulators or quadrotors; cannot be equipped with high-end GPUs due to space; weight; and power constraints. These constraints prevent these systems from leveraging recent developments in visuomotor policy architectures that require high-end GPUs to achieve fast policy inference. In this paper; we propose Consistency Policy; a faster and similarly powerful alternative to Diffusion Policy for learning visuomotor robot control. By virtue of its fast inference speed; Consistency Policy can enable low latency decision making in resource-constrained robotic setups. A Consistency Policy is distilled from a pretrained Diffusion Policy by enforcing self-consistency along the Diffusion Policy's learned trajectories. We compare Consistency Policy with Diffusion Policy and other related speed-up methods across 6 simulation tasks as well as three real-world tasks where we demonstrate inference on a laptop GPU. For all these tasks; Consistency Policy speeds up inference by an order of magnitude compared to the fastest alternative method and maintains competitive success rates. We also show that the Conistency Policy training procedure is robust to the pretrained Diffusion Policy's quality; a useful result that helps practioners avoid extensive testing of the pretrained model. Key design decisions that enabled this performance are the choice of consistency objective; reduced initial sample variance; and the choice of preset chaining steps.,,rss,RSS,conference
Pushing the Limits of Cross-Embodiment Learning for Manipulation and Navigation,Jonathan Heewon Yang; Catherine Glossop; Arjun Bhorkar; Dhruv Shah; Quan Vuong; Chelsea Finn; Dorsa Sadigh; Sergey Levine,,2024,Robotics: Science and Systems,https://www.roboticsproceedings.org/rss20/p093.pdf,,Открыто,Recent years in robotics and imitation learning have shown remarkable progress in training large-scale foundation models by leveraging data across a multitude of embodiments. The success of such policies might lead us to wonder: just how diverse can the robots in the training set be while still facilitating positive transfer? In this work; we study this question in the context of heterogeneous embodiments; examining how even seemingly very different domains such as robotic navigation and manipulation can provide benefits when included in the training data for the same model. We train a single goal-conditioned policy that is capable of controlling a robotic arm; quadcopter; quadruped; and mobile base. We then investigate the extent to which transfer can occur across navigation and manipulation by framing them as a single goal-reaching task. In particular; we find that co-training with navigation data can enhance robustness and performance in goal-conditioned manipulation with a wrist-mounted camera. We then deploy our policy trained only from navigation-only and static manipulation-only data on a mobile manipulator; showing that it can control a similar but novel embodiment in a zero-shot manner. These results provide evidence that large-scale robotic policies can benefit from data collected across a wide variety of embodiments.,,rss,RSS,conference
Safe & Accurate at Speed with Tendons: A Robot Arm for Exploring Dynamic Motion,Simon Guist; Jan Schneider; Hao Ma; Le Chen; Vincent Berenz; Julian Martus; Heiko Ott; Felix GrÃ¼ninger; Michael Muehlebach; Jonathan Fiene; Bernhard SchÃ¶lkopf; Dieter BÃ¼chler,,2024,Robotics: Science and Systems,https://www.roboticsproceedings.org/rss20/p099.pdf,,Открыто,Operating robots precisely and at high speeds has been a long-standing goal of robotics research. Balancing these competing demands is key to enabling the seamless collaboration of robots and humans and increasing task performance. However; traditional motor-driven systems often fall short in this balancing act. Due to their rigid and often heavy design exacerbated by positioning the motors into the joints; faster motions of such robots transfer high forces at impact. To enable precise and safe dynamic motions; we introduce a four degree-of-freedom tendon-driven robot arm. Tendons allow placing the actuation at the base to reduce the robot's inertia; which we show significantly reduces peak collision forces compared to conventional motor-driven systems. Pairing our robot with pneumatic muscles allows generating high forces and highly accelerated motions; while benefiting from impact resilience through passive compliance. Since tendons are subject to additional friction and hence prone to tear; we validate the reliability of our robotic arm on various experiments; including long-term dynamic motions.  We also demonstrate its ease of control by quantifying the nonlinearities of the system and the performance on a challenging dynamic table tennis task learned from scratch using reinforcement learning. We open-source the entire hardware design; which can be largely 3D printed; the control software; and a proprioceptive dataset of 25 days of diverse robot motions.,,rss,RSS,conference
Configuration Space Distance Fields for Manipulation Planning,Yiming Li; Xuemin Chi; Amirreza Razmjoo; Sylvain Calinon,,2024,Robotics: Science and Systems,https://www.roboticsproceedings.org/rss20/p131.pdf,,Открыто,The signed distance field (SDF) is a popular implicit shape representation in robotics; providing geometric information about objects and obstacles in a form that can easily be combined with control; optimization and learning techniques. Most often; SDFs are used to represent distances in task space; which corresponds to the familiar notion of distances that we perceive in our 3D world. However; SDFs can mathematically be used in other spaces; including robot configuration spaces. For a robot manipulator; this configuration space typically corresponds to the joint angles for each articulation of the robot. While it is customary in robot planning to express which portions of the configuration space are free from collision with obstacles; it is less common to think of this information as a distance field in the configuration space. In this paper; we demonstrate the potential of considering SDFs in the robot configuration space for optimization; which we call configuration space distance field (or CDField for short). Similarly to the use of SDF in task space; CDField provides an efficient joint angle distance query and direct access to the derivatives (joint angle velocity). Most approaches split the overall computation with one part in task space followed by one part in configuration space (evaluating distances in task space and then computing actions with inverse kinematics). Instead; CDField allows the implicit structure to be leveraged by control; optimization; and learning problems in a unified manner. In particular; we propose an efficient algorithm to compute and fuse CDFields that can be generalized to arbitrary scenes. A corresponding neural CDField representation using multilayer perceptrons (MLPs) is also presented to obtain a compact and continuous representation while improving computation efficiency. We demonstrate the effectiveness of CDField with planar obstacle avoidance examples and with a 7-axis Franka Emika robot in inverse kinematics and manipulation planning tasks.,,rss,RSS,conference
Deep RL at Scale: Sorting Waste in Office Buildings with a Fleet of Mobile Manipulators,Alexander Herzog; Kanishka Rao; Karol Hausman; Yao Lu; Paul Wohlhart; Mengyuan Yan; Jessica Lin; Montserrat Gonzalez Arenas; Ted Xiao; Daniel Kappler; Daniel Ho; Jarek Rettinghouse; Yevgen Chebotar; Kuang-Huei Lee; Keerthana Gopalakrishnan; Ryan Julian; Adrian Li; Chuyuan Fu; Bob Wei; Sangeetha Ramesh; Khem Holden; Kim Kleiven; David J Rendleman; Sean Kirmani; Jeffrey Bingham; Jonathan Weisz; Ying Xu; Wenlong Lu; Matthew Bennice; Cody Fong; David Do; Jessica Lam; Yunfei Bai; Benjie Holson; Michael Quinlan; Noah Brown; Mrinal Kalakrishnan; Julian Ibarz; Peter Pastor; Sergey Levine,,2023,Robotics: Science and Systems,https://www.roboticsproceedings.org/rss19/p022.pdf,,Открыто,"We describe a system for deep reinforcement learning of robotic manipulation skills applied to a large-scale real-world task: sorting recyclables and trash in office buildings. Real-world deployment of deep RL policies requires not only effective training algorithms; but the ability to bootstrap real-world training and enable broad generalization. To this end; our system combines scalable deep RL from real-world data with bootstrapping from training in simulation; and incorporates auxiliary inputs from existing computer vision systems as a way to boost generalization to novel objects; while retaining the benefits of end-to-end training. We analyze the tradeoffs of different design decisions in our system; and present a large-scale empirical validation that includes training on real-world data gathered over the course of 24
months of experimentation; across a fleet of 23 robots in three office buildings; with a total training set of 9527 hours of robotic experience. Our final validation also consists of 4800 evaluation trials across 240 waste station configurations; in order to evaluate in detail the impact of the design decisions in our system; the scaling effects of including more real-world data; and the performance of the method on novel objects.",,rss,RSS,conference
Demonstrating Large-Scale Package Manipulation via Learned Metrics of Pick Success,Shuai Li; Azarakhsh Keipour; Kevin Jamieson; Nicolas Hudson; Charles Swan; Kostas Bekris,,2023,Robotics: Science and Systems,https://www.roboticsproceedings.org/rss19/p023.pdf,,Открыто,"Automating warehouse operations can reduce logistics overhead costs; ultimately driving down the final price for consumers; increasing the speed of delivery; and enhancing the resiliency to workforce fluctuations. The past few years have seen increased interest in automating such repeated tasks but mostly in controlled settings. Tasks such as picking objects from unstructured; cluttered piles have only recently become robust enough for large-scale deployment with minimal human intervention.

This paper demonstrates a large-scale package manipulation from unstructured piles in Amazon Robotics' Robot Induction (Robin) fleet; which utilizes a pick success predictor trained on real production data. Specifically; the system was trained on over 394K picks. It is used for singulating up to 5~million packages per day and has manipulated over 200~million packages during this paper's evaluation period.

The developed learned pick quality measure ranks various pick alternatives in real-time and prioritizes the most promising ones for execution. The pick success predictor aims to estimate from prior experience the success probability of a desired pick by the deployed industrial robotic arms in cluttered scenes containing deformable and rigid objects with partially known properties. It is a shallow machine learning model; which allows us to evaluate which features are most important for the prediction. An online pick ranker leverages the learned success predictor to prioritize the most promising picks for the robotic arm; which are then assessed for collision avoidance. This learned ranking process is demonstrated to overcome the limitations and outperform the performance of manually engineered and heuristic alternatives.

To the best of the authors' knowledge; this paper presents the first large-scale deployment of learned pick quality estimation methods in a real production system.",,rss,RSS,conference
Reachability-based Trajectory Design with Neural Implicit Safety Constraints,Jonathan B Michaux; Yong Seok Kwon; Qingyi Chen; Ram Vasudevan,,2023,Robotics: Science and Systems,https://www.roboticsproceedings.org/rss19/p062.pdf,,Открыто,"Generating safe motion plans in real-time is a key requirement for deploying robot manipulators to assist humans in collaborative settings.
In particular; robots must satisfy strict safety requirements to avoid damaging itself or harming nearby humans.
This is particularly challenging if the robot must also operate in real-time to quickly adjust to changes in its environment.
This paper addresses these challenges by proposing Reachability-based Signed Distance Functions (RDFs) as a neural implicit representation for robot safety.
RDF; trained using supervised learning; accurately predicts the distance between the swept volume of a robot arm and an obstacle.
RDF's inference and gradient computations are fast and scale linearly with the dimension of the system; these features enables its use within a novel real-time trajectory planning framework as a continuous-time collision-avoidance constraint.
The planning method here is compared to state-of-the-art methods and is demonstrated to successfully solve challenging motion planning tasks for high-dimensional systems under a limited planning time horizon.",,rss,RSS,conference
Active Velocity Estimation using Light Curtains via Self-Supervised Multi-Armed Bandits,Siddharth  Ancha; Gaurav Pathak; Ji Zhang; Srinivasa Narasimhan; David Held,,2023,Robotics: Science and Systems,https://www.roboticsproceedings.org/rss19/p097.pdf,,Открыто,To navigate in an environment safely and autonomously; robots must accurately estimate where obstacles are and how they move. Instead of using expensive traditional 3D sensors; we explore the use of a much cheaper; faster; and higher resolution alternative: programmable light curtains. Light curtains are a controllable depth sensor that sense only along a surface that the user selects. We adapt a probabilistic method based on particle filters and occupancy grids to explicitly estimate the position and velocity of 3D points in the scene using partial measurements made by light curtains. The central challenge is to decide where to place the light curtain to accurately perform this task. We propose multiple curtain placement strategies guided by maximizing information gain and verifying predicted object locations. Then; we combine these strategies using an online learning framework. We propose a novel self-supervised reward function that evaluates the accuracy of current velocity estimates using future light curtain placements. We use a multi-armed bandit framework to intelligently switch between placement policies in real time; outperforming fixed policies. We develop a full-stack navigation system that uses position and velocity estimates from light curtains for downstream tasks such as localization; mapping; path-planning; and obstacle avoidance. This work paves the way for controllable light curtains to accurately; efficiently; and purposefully perceive and navigate complex and dynamic environments.,,rss,RSS,conference
A Learning-based Iterative Control Framework for Controlling a Robot Arm with Pneumatic Artificial Muscles,Hao Ma; Dieter BÃ¼chler; Bernhard SchÃ¶lkopf; Michael Muehlebach,,2022,Robotics: Science and Systems,https://www.roboticsproceedings.org/rss18/p029.pdf,,Открыто,In this work; we propose a new learning-based iterative control (IC) framework that enables a complex soft-robotic arm to track trajectories accurately. Compared to traditional iterative learning control (ILC); which operates on a single fixed reference trajectory; we use a deep learning approach to generalize across various reference trajectories. The resulting nonlinear mapping computes feedforward actions and is used in a two degrees of freedom control design. Our method incorporates prior knowledge about the system dynamics and by learning only feedforward actions; it mitigates the risk of instability. We demonstrate a low sample complexity and an excellent tracking performance in real-world experiments. The experiments are carried out on a custom-made robot arm with four degrees of freedom that is actuated with pneumatic artificial muscles. The experiments include high acceleration and high velocity motion.,,rss,RSS,conference
Failure Prediction with Statistical Guarantees for Vision-Based Robot Control,Alec Farid; David Snyder; Allen Z. Ren; Anirudha Majumdar,,2022,Robotics: Science and Systems,https://www.roboticsproceedings.org/rss18/p042.pdf,,Открыто,We are motivated by the problem of performing failure prediction for safety-critical robotic systems with high-dimensional sensor observations (e.g.; vision). Given access to a black-box control policy (e.g.; in the form of a neural network) and a dataset of training environments; we present an approach for synthesizing a failure predictor with guaranteed bounds on false-positive and false-negative errors. In order to achieve this; we utilize techniques from Probably Approximately Correct (PAC)-Bayes generalization theory. In addition; we present novel class-conditional bounds that allow us to trade-off the relative rates of false-positive vs. false-negative errors. We propose algorithms that train failure predictors (that take as input the history of sensor observations) by minimizing our theoretical error bounds. We demonstrate the resulting approach using extensive simulation and hardware experiments for vision-based navigation with a drone and grasping objects with a robotic manipulator equipped with a wrist-mounted RGB-D camera. These experiments illustrate the ability of our approach to (1) provide strong bounds on failure prediction error rates (that closely match empirical error rates); and (2) improve safety by predicting failures.,,rss,RSS,conference
Proxima: An Approach for Time or Accuracy Budgeted Collision Proximity Queries,Daniel Rakita; Bilge Mutlu; Michael Gleicher,,2022,Robotics: Science and Systems,https://www.roboticsproceedings.org/rss18/p043.pdf,,Открыто,"Many applications in robotics require computing a robot manipulator's ""proximity"" to a collision state in a given configuration.  This collision proximity is commonly framed as a  summation over closest Euclidean distances between many pairs of rigid shapes in a scene.  Computing many such pairwise distances is inefficient; while more efficient approximations of this procedure; such as through supervised learning; lack accuracy and robustness.  In this work; we present an approach for computing a collision proximity function for robot manipulators that formalizes the trade-off between efficiency and accuracy and provides an algorithm that gives control over it.  Our algorithm; called Proxima; works in one of two ways: (1) given a time budget as input; the algorithm returns an as-accurate-as-possible proximity approximation value in this time; or (2) given an accuracy budget; the algorithm returns an as-fast-as-possible proximity approximation value that is within the given accuracy bounds.  We show the robustness of our approach through analytical investigation and simulation experiments on a wide set of robot models ranging from 6 to 132 degrees of freedom.  We demonstrate that controlling the trade-off between efficiency and accuracy in proximity computations via our approach can enable safe and accurate real-time robot motion-optimization even on high-dimensional robot models.",,rss,RSS,conference
End-to-End Learning of Hybrid Inverse Dynamics Models for Precise and Compliant Impedance Control,Moritz Reuss; Niels van Duijkeren; Robert Krug; Philipp Becker; Vaisakh Shaj; Gerhard Neumann,,2022,Robotics: Science and Systems,https://www.roboticsproceedings.org/rss18/p066.pdf,,Открыто,It is well-known that inverse dynamics models can improve tracking performance in robot control. These models need to precisely capture the robot dynamics; which consist of well-understood components; e.g.; rigid body dynamics; and effects that remain challenging to capture; e.g.; stick-slip friction and mechanical flexibilities. Such effects exhibit hysteresis and partial observability; rendering them; particularly challenging to model. Hence; hybrid models; which combine a physical prior with data-driven approaches are especially well-suited in this setting. We present a novel hybrid model formulation that enables us to identify fully physically consistent inertial parameters of a rigid body dynamics model which is paired with a recurrent neural network architecture; allowing us to capture unmodeled partially observable effects using the network memory. We compare our approach against state-of-the-art inverse dynamics models on a 7 degree of freedom manipulator. Using data sets obtained through an optimal experiment design approach; we study the accuracy of offline torque prediction and generalization capabilities of joint learning methods. In control experiments on the real system; we evaluate the model as a feed-forward term for impedance control and show the feedback gains can be drastically reduced to achieve a given tracking accuracy.,,rss,RSS,conference
An Empowerment-based Solution to Robotic Manipulation Tasks with Sparse Rewards,Siyu Dai; Wei Xu; Andreas Hofmann; Brian C. Williams,,2021,Robotics: Science and Systems,https://www.roboticsproceedings.org/rss17/p001.pdf,,Открыто,In order to provide adaptive and user-friendly solutions to robotic manipulation; it is important that the agent can learn to accomplish tasks even if they are only provided with very sparse instruction signals. To address the issues reinforcement learning algorithms face when task rewards are sparse; this paper proposes an intrinsic motivation approach that can be easily integrated into any standard reinforcement learning algorithm and can allow robotic manipulators to learn useful manipulation skills with only sparse extrinsic rewards. Through integrating and balancing empowerment and curiosity; this approach shows superior performance compared to other state-of-the-art intrinsic exploration approaches during extensive empirical testing. Qualitative analysis also shows that when combined with diversity-driven intrinsic motivations; this approach can help manipulators learn a set of diverse skills which could potentially be applied to other more complicated manipulation tasks and accelerate their learning process.,,rss,RSS,conference
Manipulator-Independent Representations for Visual Imitation,Yuxiang Zhou; Yusuf Aytar; Konstantinos Bousmalis,,2021,Robotics: Science and Systems,https://www.roboticsproceedings.org/rss17/p002.pdf,,Открыто,Imitation learning is an effective tool for robotic learning tasks where specifying a reinforcement learning (RL) reward is not feasible or where the exploration problem is particularly difficult. Imitation; typically behavior cloning or inverse RL; derive a policy from a collection of first-person action-state trajectories. This is contrary to how humans and other animals imitate: we observe a behavior; even from other species; understand its perceived effect on the state of the environment; and figure out what actions our body can perform to reach a similar outcome. In this work; we explore the possibility of third-person visual imitation of manipulation trajectories; only from vision and without access to actions; demonstrated by embodiments different to the ones of our imitating agent. Specifically; we investigate what would be an appropriate representation method with which an RL agent can visually track trajectories of complex manipulation behavior —non-planar with multiple-object interactions— demonstrated by experts with different embodiments. We present a way to train manipulator-independent representations (MIR) that primarily focus on the change in the environment and have all the characteristics that make them suitable for cross-embodiment visual imitation with RL: domain-invariant; temporally smooth; and actionable. We show that with our proposed method our agents are able to imitate; with complex robot control; trajectories from a variety of embodiments and with significant visual and dynamics differences; e.g. simulation-to-reality gap.,,rss,RSS,conference
Adaptive-Control-Oriented Meta-Learning for Nonlinear Systems,Spencer M. Richards; Navid Azizan; Jean-Jacques Slotine; Marco Pavone,,2021,Robotics: Science and Systems,https://www.roboticsproceedings.org/rss17/p056.pdf,,Открыто,Real-time adaptation is imperative to the control of robots operating in complex; dynamic environments. Adaptive control laws can endow even nonlinear systems with good trajectory tracking performance; provided that any uncertain dynamics terms are linearly parameterizable with known nonlinear features. However; it is often difficult to specify such features a priori; such as for aerodynamic disturbances on rotorcraft or interaction forces between a manipulator arm and various objects. In this paper; we turn to data-driven modeling with neural networks to learn; offline from past data; an adaptive controller with an internal parametric model of these nonlinear features. Our key insight is that we can better prepare the controller for deployment with control-oriented meta-learning of features in closed-loop simulation; rather than regression-oriented meta-learning of features to fit input-output data. Specifically; we meta-learn the adaptive controller with closed-loop tracking simulation as the base-learner and the average tracking error as the meta-objective. With a nonlinear planar rotorcraft subject to wind; we demonstrate that our adaptive controller outperforms other controllers trained with regression-oriented meta-learning when deployed in closed-loop for trajectory tracking control.,,rss,RSS,conference
Learning Proofs of Motion Planning Infeasibility,Sihui Li; Neil Dantam,,2021,Robotics: Science and Systems,https://www.roboticsproceedings.org/rss17/p064.pdf,,Открыто,We present a learning-based approach to prove infeasibility of kinematic motion planning problems. Sampling-based motion planners are effective in high-dimensional spaces but are only probabilistically complete. Consequently; these planners cannot provide a definite answer if no plan exists; which is important for high-level scenarios; such as task-motion planning. We propose a combination of bidirectional sampling-based planning (such as RRT-connect) and machine learning to construct an infeasibility proof alongside the two search trees. An infeasibility proof is a closed manifold in the obstacle region of the configuration space that separates the start and goal into disconnected components of the free configuration space. We train the manifold using common machine learning techniques and then triangulate the manifold into a polytope to prove containment in the obstacle region. Under assumptions about learning hyper-parameters and robustness of configuration space optimization; the output is either an infeasibility proof or a motion plan. We demonstrate proof construction for 3-DOF and 4-DOF manipulators and show improvement over previous algorithms.,,rss,RSS,conference
Vision-driven Compliant Manipulation for Reliable; High-Precision Assembly Tasks,Andrew S. Morgan; Bowen Wen; Junchi Liang; Abdeslam Boularias; Aaron M. Dollar; Kostas Bekris,,2021,Robotics: Science and Systems,https://www.roboticsproceedings.org/rss17/p070.pdf,,Открыто,Highly constrained manipulation tasks continue to be challenging for autonomous robots as they require high levels of precision; typically less than 1mm; which is often incompatible with what can be achieved by traditional perception systems. This paper demonstrates that the combination of state-of-the-art object tracking with passively adaptive mechanical hardware can be leveraged to complete precision manipulation tasks with tight; industrially-relevant tolerances (0.25mm). The proposed control method closes the loop through vision by tracking the relative 6D pose of objects in the relevant workspace. It adjusts the control reference of both the compliant manipulator and the hand to complete object insertion tasks via within-hand manipulation. Contrary to previous efforts for insertion; our method does not require expensive force sensors; precision manipulators; or time-consuming; online learning; which is data hungry. Instead; this effort leverages mechanical compliance and utilizes an object-agnostic manipulation model of the hand learned offline; off-the-shelf motion planning; and an RGBD-based object tracker trained solely with synthetic data. These features allow the proposed system to easily generalize and transfer to new tasks and environments. This paper describes in detail the system components and showcases its efficacy with extensive experiments involving tight tolerance peg-in-hole insertion tasks of various geometries as well as open-world constrained placement tasks.,,rss,RSS,conference
Learning Riemannian Manifolds for Geodesic Motion Skills,Hadi Beik-Mohammadi; SÃ¸ren Hauberg; Georgios Arvanitidis; Gerhard Neumann; Leonel Rozo,,2021,Robotics: Science and Systems,https://www.roboticsproceedings.org/rss17/p082.pdf,,Открыто,For robots to work alongside humans and perform in unstructured environments; they must learn new motion skills and adapt them to unseen situations on the fly. This demands learning models that capture relevant motion patterns; while offering enough flexibility to adapt the encoded skills to new requirements; such as dynamic obstacle avoidance. We introduce a Riemannian manifold perspective on this problem; and propose to learn a Riemannian manifold from human demonstrations on which geodesics are natural motion skills. We realize this with a variational autoencoder (VAE) over the space of position and orientations of the robot end-effector. Geodesic motion skills let a robot plan movements from and to arbitrary points on the data manifold. They also provide a straightforward method to avoid obstacles by redefining the ambient metric in an online fashion.Moreover; geodesics naturally exploit the manifold resulting from multiple-solution settings to design motions that were not demonstrated previously. We test our learning framework usinga7-DoF robotic manipulator; where the robot satisfactorily learns and reproduces realistic skills featuring elaborated motion patterns; avoids previously–unseen obstacles; and generates novel movements in multiple-solution settings.,,rss,RSS,conference
A Berry Picking Robot With A Hybrid Soft-Rigid Arm: Design and Task Space Control,Naveen Kumar Uppalapati; Benjamin Walt; Aaron Havens; Armeen Mahdian; Girish Chowdhary; Girish Krishnan,,2020,Robotics: Science and Systems,https://www.roboticsproceedings.org/rss16/p027.pdf,,Открыто,We present a hybrid rigid-soft arm and manipulator for performing tasks requiring dexterity and reach in cluttered environments. Our system combines the benefit of the dexterity of a variable length soft manipulator and the rigid support capability of a hard arm. The hard arm positions the extendable soft manipulator close to the target; and the soft arm manipulator navigates the last few centimeters to reach and grab the target. A novel magnetic sensor and reinforcement learning based control is developed for end effector position control of the robot. A compliant gripper with an IR reflectance sensing system is designed; and a k-nearest neighbor classifier is used to detect target engagement. The system is evaluated in several challenging berry picking scenarios.,,rss,RSS,conference
Manipulation Trajectory Optimization with Online Grasp Synthesis and Selection,Lirui Wang; Yu Xiang; Dieter Fox,,2020,Robotics: Science and Systems,https://www.roboticsproceedings.org/rss16/p033.pdf,,Открыто,In robot manipulation; planning the motion of a robot manipulator to grasp an object is a fundamental problem. A manipulation planner needs to generate a trajectory of the manipulator to avoid obstacles in the environment and plan an end-effector pose for grasping. While trajectory planning and grasp planning are often tackled separately; how to efficiently integrate the two planning problems remains a challenge. In this work; we present a novel method for joint motion and grasp planning. Our method integrates manipulation trajectory optimization with online grasp synthesis and selection; where we apply online learning techniques to select goal configurations for grasping; and introduce a new grasp synthesis algorithm to generate grasps online. We evaluate our planning approach and demonstrate that our method generates robust and efficient motion plans for grasping in cluttered scenes.,,rss,RSS,conference
Simultaneously Learning Transferable Symbols and Language Groundings from Perceptual Data for Instruction Following,Nakul Gopalan; Eric Rosen; George Konidaris; Stefanie Tellex,,2020,Robotics: Science and Systems,https://www.roboticsproceedings.org/rss16/p102.pdf,,Открыто,Enabling robots to learn tasks and follow instructions as easily as humans is important for many real-world robot applications. Previous approaches have applied machine learning to teach the mapping from language to low dimensional symbolic representations constructed by hand; using demonstration trajectories paired with accompanying instructions. These symbolic methods lead to data efficient learning. Other methods map language directly to high-dimensional control behavior; which requires less design effort but is data-intensive. We propose to first learning symbolic abstractions from demonstration data and then mapping language to those learned abstractions. These symbolic abstractions can be learned with significantly less data than end-to-end approaches; and support partial behavior specification via natural language since they permit planning using traditional planners. During training; our approach requires only a small number of demonstration trajectories paired with natural language—without the use of a simulator—and results in a representation capable of planning to fulfill natural language instructions specifying a goal or partial plan. We apply our approach to two domains; including a mobile manipulator; where a small number of demonstrations enable the robot to follow navigation commands like “Take left at the end of the hallway;” in environments it has not encountered before.,,rss,RSS,conference
Learning a Decentralized Multi-Arm Motion Planner,Huy Ha; Jingxi Xu; Shuran Song,,2020,Conference on Robot Learning,https://proceedings.mlr.press/v155/ha21a/ha21a.pdf,,Открыто,We present a closed-loop multi-arm motion planner that is scalable and flexible with team size. Traditional multi-arm robotic systems have relied on centralized motion planners; whose run times often scale exponentially with team size; and thus; fail to handle dynamic environments with open-loop control. In this paper; we tackle this problem with multi-agent reinforcement learning; where a shared policy network is trained to control each individual robot arm to reach its target end-effector pose given observations of its workspace state and target end-effector pose. The policy is trained using Soft Actor-Critic with expert demonstrations from a sampling-based motion planning algorithm (i.e.; BiRRT). By leveraging classical planning algorithms; we can improve the learning efficiency of the reinforcement learning algorithm while retaining the fast inference time of neural networks. The resulting policy scales sub-linearly and can be deployed on multi-arm systems with variable team sizes. Thanks to the closed-loop and decentralized formulation; our approach generalizes to 5-10 multiarm systems and dynamic moving targets (>90% success rate for a 10-arm system); despite being trained on only 1-4 arm planning tasks with static targets.,,corl,CoRL,conference
High Acceleration Reinforcement Learning for Real-World Juggling with Binary Rewards,Kai Ploeger; Michael Lutter; Jan Peters,,2020,Conference on Robot Learning,https://proceedings.mlr.press/v155/ploeger21a/ploeger21a.pdf,,Открыто,Robots that can learn in the physical world will be important to enable robots to escape their stiff and pre-programmed movements.  For dynamic high-acceleration tasks; such as juggling; learning in the real-world is particularly challenging  as  one  must  push  the  limits  of  the  robot  and  its  actuation  without harming the system; amplifying the necessity of sample efficiency and safety for robot learning algorithms.  In contrast to prior work which mainly focuses on the learning algorithm; we propose a learning system; that directly incorporates these requirements in the design of the policy representation;  initialization;  and optimization.  We demonstrate that this system enables the high-speed Barrett WAM manipulator to learn juggling two balls from 56 minutes of experience with a binary reward signal and finally juggles continuously for up to 33 minutes or about 4500 repeated catches. The videos documenting the learning process and the evaluation can be found at https://sites.google.com/view/jugglingbot,,corl,CoRL,conference
Transporter Networks: Rearranging the Visual World for Robotic Manipulation,Andy Zeng; Pete Florence; Jonathan Tompson; Stefan Welker; Jonathan Chien; Maria Attarian; Travis Armstrong; Ivan Krasin; Dan Duong; Vikas Sindhwani; Johnny Lee,,2020,Conference on Robot Learning,https://proceedings.mlr.press/v155/zeng21a/zeng21a.pdf,,Открыто,Robotic manipulation can be formulated as inducing a sequence of spatial displacements: where the space being moved can encompass an object; part of an object; or end effector. In this work; we propose the Transporter Network; a simple model architecture that rearranges deep features to infer spatial displacements from visual input – which can parameterize robot actions. It makes no assumptions of objectness (e.g. canonical poses; models; or keypoints); it exploits spatial symmetries; and is orders of magnitude more sample efficient than our benchmarked alternatives in learning vision-based manipulation tasks: from stacking a pyramid of blocks; to assembling kits with unseen objects; from manipulating deformable ropes; to pushing piles of small objects with closed-loop feedback. Our method can represent complex multi-modal policy distributions and generalizes to multi-step sequential tasks; as well as 6DoF pick-and-place. Experiments on 10 simulated tasks show that it learns faster and generalizes better than a variety of end-to-end baselines; including policies that use ground-truth object poses. We validate our methods with hardware in the real world. Experiment videos and code will be made available at https://transporternets.github.io,,corl,CoRL,conference
Self-Supervised Object-in-Gripper Segmentation from Robotic Motions,Wout Boerdijk; Martin Sundermeyer; Maximilian Durner; Rudolph Triebel,,2020,Conference on Robot Learning,https://proceedings.mlr.press/v155/boerdijk21a/boerdijk21a.pdf,,Открыто,Accurate object segmentation is a crucial task in the context of robotic manipulation. However; creating sufficient annotated training data for neural networks is particularly time consuming and often requires manual labeling. To this end; we propose a simple; yet robust solution for learning to segment unknown objects grasped by a robot. Specifically; we exploit motion and temporal cues in RGB video sequences. Using optical flow estimation we first learn to predict segmentation masks of our given manipulator. Then; these annotations are used in combination with motion cues to automatically distinguish between background; manipulator and unknown; grasped object. In contrast to existing systems our approach is fully self-supervised and independent of precise camera calibration; 3D models or potentially imperfect depth data. We perform a thorough comparison with alternative baselines and approaches from literature. The object masks and views are shown to be suitable training data for segmentation networks that generalize to novel environments and also allow for watertight 3D reconstruction.,,corl,CoRL,conference
MELD: Meta-Reinforcement Learning from Images via Latent State Models,Zihao Zhao; Anusha Nagabandi; Kate Rakelly; Chelsea Finn; Sergey Levine,,2020,Conference on Robot Learning,https://proceedings.mlr.press/v155/zhao21d/zhao21d.pdf,,Открыто,Meta-reinforcement learning algorithms can enable autonomous agents; such as robots; to quickly acquire new behaviors by leveraging prior experience in a set of related training tasks. However; the onerous data requirements of meta-training compounded with the challenge of learning from sensory inputs such as images have made meta-RL challenging to apply to real robotic systems. Latent state models; which learn compact state representations from a sequence of observations; can accelerate representation learning from visual inputs. In this paper; we leverage the perspective of meta-learning as task inference to show that latent state models can {\em also} perform meta-learning given an appropriately defined observation space. Building on this insight; we develop meta-RL with latent dynamics (MELD); an algorithm for meta-RL from images that performs inference in a latent state model to quickly acquire new skills given observations and rewards. MELD outperforms prior meta-RL methods on several simulated image-based robotic control problems; and enables a real WidowX robotic arm to insert an Ethernet cable into new locations given a sparse task completion signal after only $8$ hours of real world meta-training. To our knowledge; MELD is the first meta-RL algorithm trained in a real-world robotic control setting from images.,,corl,CoRL,conference
Generative adversarial training of product of policies for robust and adaptive movement primitives,Emmanuel Pignat; Hakan Girgin; Sylvain Calinon,,2020,Conference on Robot Learning,https://proceedings.mlr.press/v155/pignat21a/pignat21a.pdf,,Открыто,In learning from demonstrations; many generative models of trajectories make simplifying assumptions of independence. Correctness is sacrificed in the name of tractability and speed of the learning phase. The ignored dependencies; which are often the kinematic and dynamic constraints of the system; are then only restored when synthesizing the motion; which introduces possibly heavy distortions. In this work; we propose to use those approximate trajectory distributions as close-to-optimal discriminators in the popular generative adversarial framework to stabilize and accelerate the learning procedure. The two problems of adaptability and robustness are addressed with our method. In order to adapt the motions to varying contexts; we propose to use a product of Gaussian policies defined in several parametrized task spaces. Robustness to perturbations and varying dynamics is ensured with the use of stochastic gradient descent and ensemble methods to learn the stochastic dynamics. Two experiments are performed on a 7-DoF manipulator to validate the approach.,,corl,CoRL,conference
Deep Reactive Planning in Dynamic Environments,Kei Ota; Devesh Jha; Tadashi Onishi; Asako Kanezaki; Yusuke Yoshiyasu; Yoko Sasaki; Toshisada Mariyama; Daniel Nikovski,,2020,Conference on Robot Learning,https://proceedings.mlr.press/v155/ota21a/ota21a.pdf,,Открыто,The main novelty of the proposed approach is that it allows a robot to learn an end-to-end policy which can adapt to changes in the environment during execution. While goal conditioning of policies has been studied in the RL literature; such approaches are not easily extended to settings where the robot’s goal can change during execution. This is something that humans are naturally able to do. However; it is difficult for robots to learn such reflexes (i.e.; to naturally respond to dynamic environments); especially when the goal location is not explicitly provided to the robot; and instead needs to be perceived through a vision sensor. In the current work; we present a method that can achieve such behavior by combining traditional kinematic planning; deep learning; and deep reinforcement learning in a synergistic fashion to generalize to arbitrary environments. We demonstrate the proposed approach for several reaching and pick-and-place tasks in simulation; as well as on a real system of a 6-DoF industrial manipulator.,,corl,CoRL,conference
Learning Vision-based Reactive Policies for Obstacle Avoidance,Elie Aljalbout; Ji Chen; Konstantin Ritt; Maximilian Ulmer; Sami Haddadin,,2020,Conference on Robot Learning,https://proceedings.mlr.press/v155/aljalbout21a/aljalbout21a.pdf,,Открыто,In this paper; we address the problem of vision-based obstacle avoidance for robotic manipulators. This topic poses challenges for both perception and motion generation. While most work in the field aims at improving one of those aspects; we provide a unified framework for approaching this problem. The main goal of this framework is to connect perception and motion by identifying the relationship between the visual input and the corresponding motion representation. To this end; we propose a method for learning reactive obstacle avoidance policies. We evaluate our method on goal-reaching tasks for single and multiple obstacles scenarios. We show the ability of the proposed method to efficiently learn stable obstacle avoidance strategies at a high success rate while maintaining closed-loop responsiveness required for critical applications like human-robot interaction.,,corl,CoRL,conference
V-MAO: Generative Modeling for Multi-Arm Manipulation of Articulated Objects,Xingyu Liu; Kris M. Kitani,,2021,Conference on Robot Learning,https://proceedings.mlr.press/v164/liu22a/liu22a.pdf,,Открыто,Manipulating articulated objects requires multiple robot arms in general. It is challenging to enable multiple robot arms to collaboratively complete manipulation tasks on articulated objects. In this paper; we present V-MAO; a framework for learning multi-arm manipulation of articulated objects. Our framework includes a variational generative model that learns contact point distribution over object rigid parts for each robot arm. The training signal is obtained from interaction with the simulation environment which is enabled by planning and a novel formulation of object-centric control for articulated objects. We deploy our framework in a customized MuJoCo simulation environment and demonstrate that our framework achieves a high success rate on six different objects and two different robots. We also show that generative modeling can effectively learn the contact point distribution on articulated objects.,,corl,CoRL,conference
STORM: An Integrated Framework for Fast Joint-Space Model-Predictive Control for Reactive Manipulation,Mohak Bhardwaj; Balakumar Sundaralingam; Arsalan Mousavian; Nathan D. Ratliff; Dieter Fox; Fabio Ramos; Byron Boots,,2021,Conference on Robot Learning,https://proceedings.mlr.press/v164/bhardwaj22a/bhardwaj22a.pdf,,Открыто,Sampling-based model-predictive control (MPC) is a promising tool for feedback control of robots with complex; non-smooth dynamics; and cost functions. However; the computationally demanding nature of sampling-based MPC algorithms has been a key bottleneck in their application to high-dimensional robotic manipulation problems in the real world. Previous methods have addressed this issue by running MPC in the task space while relying on a low-level operational space controller for joint control. However; by not using the joint space of the robot in the MPC formulation; existing methods cannot directly account for non-task space related constraints such as avoiding joint limits; singular configurations; and link collisions. In this paper; we develop a system for fast; joint space sampling-based MPC for manipulators that is efficiently parallelized using GPUs. Our approach can handle task and joint space constraints while taking less than 8ms (125Hz) to compute the next control command. Further; our method can tightly integrate perception into the control problem by utilizing learned cost functions from raw sensor data. We validate our approach by deploying it on a Franka Panda robot for a variety of dynamic manipulation tasks. We study the effect of different cost formulations and MPC parameters on the synthesized behavior and provide key insights that pave the way for the application of sampling-based MPC for manipulators in a principled manner. We also provide highly optimized; open-source code to be used by the wider robot learning and control community. Videos of experiments can be found at: https://sites.google.com/view/manipulation-mpc,,corl,CoRL,conference
Trust Your Robots! Predictive Uncertainty Estimation of Neural Networks with Sparse Gaussian Processes,Jongseok Lee; Jianxiang Feng; Matthias Humt; Marcus Gerhard Müller; Rudolph Triebel,,2021,Conference on Robot Learning,https://proceedings.mlr.press/v164/lee22c/lee22c.pdf,,Открыто,This paper presents a probabilistic framework to obtain both reliable and fast uncertainty estimates for predictions with Deep Neural Networks (DNNs). Our main contribution is a practical and principled combination of DNNs with sparse Gaussian Processes (GPs). We prove theoretically that DNNs can be seen as a special case of sparse GPs; namely mixtures of GP experts (MoE-GP); and we devise a learning algorithm that brings the derived theory into practice. In experiments from two different robotic tasks – inverse dynamics of a manipulator and object detection on a micro-aerial vehicle (MAV) – we show the effectiveness of our approach in terms of predictive uncertainty; improved scalability; and run-time efficiency on a Jetson TX2. We thus argue that our approach can pave the way towards reliable and fast robot learning systems with uncertainty awareness.,,corl,CoRL,conference
Error-Aware Imitation Learning from Teleoperation Data for Mobile Manipulation,Josiah Wong; Albert Tung; Andrey Kurenkov; Ajay Mandlekar; Li Fei-Fei; Silvio Savarese; Roberto Martín-Martín,,2021,Conference on Robot Learning,https://proceedings.mlr.press/v164/wong22a/wong22a.pdf,,Открыто,In mobile manipulation (MM); robots can both navigate within and interact with their environment and are thus able to complete many more tasks than robots only capable of navigation or manipulation. In this work; we explore how to apply imitation learning (IL) to learn continuous visuo-motor policies for MM tasks. Much prior work has shown that IL can train visuo-motor policies for either manipulation or navigation domains; but few works have applied IL to the MM domain. Doing this is challenging for two reasons: on the data side; current interfaces make collecting high-quality human demonstrations difficult; and on the learning side; policies trained on limited data can suffer from covariate shift when deployed. To address these problems; we first propose Mobile Manipulation RoboTurk (MoMaRT); a novel teleoperation framework allowing simultaneous navigation and manipulation of mobile manipulators; and collect a first-of-its-kind large scale dataset in a realistic simulated kitchen setting. We then propose a learned error detection system to address the covariate shift by detecting when an agent is in a potential failure state. We train performant IL policies and error detectors from this data; and achieve over 45% task success rate and 85% error detection success rate across multiple multi-stage tasks when trained on expert data. Additional results and video at https://sites.google.com/view/il-for-mm/home.,,corl,CoRL,conference
Stochastic Policy Optimization with Heuristic Information for Robot Learning,Seonghyun Kim; Ingook Jang; Samyeul Noh; Hyunseok Kim,,2021,Conference on Robot Learning,https://proceedings.mlr.press/v164/kim22a/kim22a.pdf,,Открыто,Stochastic policy-based deep reinforcement learning (RL) approaches have remarkably succeeded to deal with continuous control tasks. However; applying these methods to manipulation tasks remains a challenge since actuators of a robot manipulator require high dimensional continuous action spaces. In this paper; we propose exploration-bounded exploration actor-critic (EBE-AC); a novel deep RL approach to combine stochastic policy optimization with interpretable human knowledge. The human knowledge is defined as heuristic information based on both physical relationships between a robot and objects and binary signals of whether the robot has achieved certain states. The proposed approach; EBE-AC; combines an off-policy actor-critic algorithm with an entropy maximization based on the heuristic information. On a robotic manipulation task; we demonstrate that EBE-AC outperforms prior state-of-the-art off-policy actor-critic deep RL algorithms in terms of sample efficiency. In addition; we found that EBE-AC can be easily combined with latent information; where EBE-AC with latent information further improved sample efficiency and robustness.,,corl,CoRL,conference
RICE: Refining Instance Masks in Cluttered Environments with Graph Neural Networks,Chris Xie; Arsalan Mousavian; Yu Xiang; Dieter Fox,,2021,Conference on Robot Learning,https://proceedings.mlr.press/v164/xie22a/xie22a.pdf,,Открыто,Segmenting unseen object instances in cluttered environments is an important capability that robots need when functioning in unstructured environments. While previous methods have exhibited promising results; they still tend to provide incorrect results in highly cluttered scenes.  We postulate that a network architecture that encodes relations between objects at a high-level can be beneficial. Thus; in this work; we propose a novel framework that refines the output of such methods by utilizing a graph-based representation of instance masks.  We train deep networks capable of sampling smart perturbations to the segmentations; and a graph neural network; which can encode relations between objects; to evaluate the perturbed segmentations.  Our proposed method is orthogonal to previous works and achieves state-of-the-art performance when combined with them. We demonstrate an application that uses uncertainty estimates generated by our method to guide a manipulator; leading to efficient understanding of cluttered scenes. Code; models; and video can be found at https://github.com/chrisdxie/rice.,,corl,CoRL,conference
BEHAVIOR-1K: A Benchmark for Embodied AI with 1;000 Everyday Activities and Realistic Simulation,Chengshu Li; Ruohan Zhang; Josiah Wong; Cem Gokmen; Sanjana Srivastava; Roberto Martín-Martín; Chen Wang; Gabrael Levine; Michael Lingelbach; Jiankai Sun; Mona Anvari; Minjune Hwang; Manasi Sharma; Arman Aydin; Dhruva Bansal; Samuel Hunter; Kyu-Young Kim; Alan Lou; Caleb R Matthews; Ivan Villa-Renteria; Jerry Huayang Tang; Claire Tang; Fei Xia; Silvio Savarese; Hyowon Gweon; Karen Liu; Jiajun Wu; Li Fei-Fei,,2022,Conference on Robot Learning,https://proceedings.mlr.press/v205/li23a/li23a.pdf,,Открыто,"We present BEHAVIOR-1K; a comprehensive simulation benchmark for human-centered robotics. BEHAVIOR-1K includes two components; guided and motivated by the results of an extensive survey on ""what do you want robots to do for you?"". The first is the definition of 1;000 everyday activities; grounded in 50 scenes (houses; gardens; restaurants; offices; etc.) with more than 5;000 objects annotated with rich physical and semantic properties. The second is OmniGibson; a novel simulation environment that supports these activities via realistic physics simulation and rendering of rigid bodies; deformable bodies; and liquids. Our experiments indicate that the activities in BEHAVIOR-1K are long-horizon and dependent on complex manipulation skills; both of which remain a challenge for even state-of-the-art robot learning solutions. To calibrate the simulation-to-reality gap of BEHAVIOR-1K; we provide an initial study on transferring solutions learned with a mobile manipulator in a simulated apartment to its real-world counterpart. We hope that BEHAVIOR-1K’s human-grounded nature; diversity; and realism make it valuable for embodied AI and robot learning research. Project website: https://behavior.stanford.edu.",,corl,CoRL,conference
Deep Whole-Body Control: Learning a Unified Policy for Manipulation and Locomotion,Zipeng Fu; Xuxin Cheng; Deepak Pathak,,2022,Conference on Robot Learning,https://proceedings.mlr.press/v205/fu23a/fu23a.pdf,,Открыто,An attached arm can significantly increase the applicability of legged robots to several mobile manipulation tasks that are not possible for the wheeled or tracked counterparts. The standard modular control pipeline for such legged manipulators is to decouple the controller into that of manipulation and locomotion. However; this is ineffective. It requires immense engineering to support coordination between the arm and legs; and error can propagate across modules causing non-smooth unnatural motions. It is also biological implausible given evidence for strong motor synergies across limbs. In this work; we propose to learn a unified policy for whole-body control of a legged manipulator using reinforcement learning. We propose Regularized Online Adaptation to bridge the Sim2Real gap for high-DoF control; and Advantage Mixing exploiting the causal dependency in the action space to overcome local minima during training the whole-body system. We also present a simple design for a low-cost legged manipulator; and find that our unified policy can demonstrate dynamic and agile behaviors across several task setups. Videos are at https://maniploco.github.io,,corl,CoRL,conference
i-Sim2Real: Reinforcement Learning of Robotic Policies in Tight Human-Robot Interaction Loops,Saminda Wishwajith Abeyruwan; Laura Graesser; David B D’Ambrosio; Avi Singh; Anish Shankar; Alex Bewley; Deepali Jain; Krzysztof Marcin Choromanski; Pannag R Sanketi,,2022,Conference on Robot Learning,https://proceedings.mlr.press/v205/abeyruwan23a/abeyruwan23a.pdf,,Открыто,Sim-to-real transfer is a powerful paradigm for robotic reinforcement learning. The ability to train policies in simulation enables safe exploration and large-scale data collection quickly at low cost. However; prior works in sim-to-real transfer of robotic policies typically do not involve any human-robot interaction because accurately simulating human behavior is an open problem. In this work; our goal is to leverage the power of simulation to train robotic policies that are proficient at interacting with humans upon deployment. But there is a chicken and egg problem — how to gather examples of a human interacting with a physical robot so as to model human behavior in simulation without already having a robot that is able to interact with a human? Our proposed method; Iterative-Sim-to-Real (i-S2R); attempts to address this. i-S2R bootstraps from a simple model of human behavior and alternates between training in simulation and deploying in the real world. In each iteration; both the human behavior model and the policy are refined. For all training we apply a new evolutionary search algorithm called Blackbox Gradient Sensing (BGS). We evaluate our method on a real world robotic table tennis setting; where the objective for the robot is to play cooperatively with a human player for as long as possible. Table tennis is a high-speed; dynamic task that requires the two players to react quickly to each other’s moves; making for a challenging test bed for research on human-robot interaction. We present results on an industrial robotic arm that is able to cooperatively play table tennis with human players; achieving rallies of 22 successive hits on average and 150 at best. Further; for 80% of players; rally lengths are 70% to 175% longer compared to the sim-to-real plus fine-tuning (S2R+FT) baseline. For videos of our system in action please see https://sites.google.com/view/is2r.,,corl,CoRL,conference
Cross-Domain Transfer via Semantic Skill Imitation,Karl Pertsch; Ruta Desai; Vikash Kumar; Franziska Meier; Joseph J Lim; Dhruv Batra; Akshara Rai,,2022,Conference on Robot Learning,https://proceedings.mlr.press/v205/pertsch23a/pertsch23a.pdf,,Открыто,"We propose an approach for semantic imitation; which uses demonstrations from a source domain; e.g. human videos; to accelerate reinforcement learning (RL) in a different target domain; e.g. a robotic manipulator in a simulated kitchen. Instead of imitating low-level actions like joint velocities; our approach imitates the sequence of demonstrated semantic skills like ""opening the microwave"" or ""turning on the stove"". This allows us to transfer demonstrations across environments (e.g. real-world to simulated kitchen) and agent embodiments (e.g. bimanual human demonstration to robotic arm).  We evaluate on three challenging cross-domain learning problems and match the performance of demonstration-accelerated RL approaches that require in-domain demonstrations. In a simulated kitchen environment; our approach learns long-horizon robot manipulation tasks; using less than 3 minutes of human video demonstrations from a real-world kitchen. This enables scaling robot learning via the reuse of demonstrations; e.g. collected as human videos; for learning in any number of target domains.",,corl,CoRL,conference
Robustness Certification of Visual Perception Models via Camera Motion Smoothing,Hanjiang Hu; Zuxin Liu; Linyi Li; Jiacheng Zhu; Ding Zhao,,2022,Conference on Robot Learning,https://proceedings.mlr.press/v205/hu23b/hu23b.pdf,,Открыто,A vast literature shows that the learning-based visual perception model is sensitive to adversarial noises; but few works consider the robustness of robotic perception models under widely-existing camera motion perturbations. To this end; we study the robustness of the visual perception model under camera motion perturbations to investigate the influence of camera motion on robotic perception. Specifically; we propose a motion smoothing technique for arbitrary image classification models; whose robustness under camera motion perturbations could be certified. The proposed robustness certification framework based on camera motion smoothing provides effective and scalable robustness guarantees for visual perception modules so that they are applicable to wide robotic applications. As far as we are aware; this is the first work to provide robustness certification for the deep perception module against camera motions; which improves the trustworthiness of robotic perception. A realistic indoor robotic dataset with a dense point cloud map for the entire room; MetaRoom; is introduced for the challenging certifiable robust perception task. We conduct extensive experiments to validate the certification approach via motion smoothing against camera motion perturbations. Our framework guarantees the certified accuracy of 81.7% against camera translation perturbation along depth direction within -0.1m   0.1m. We also validate the effectiveness of our method on the real-world robot by conducting hardware experiments on the robotic arm with an eye-in-hand camera. The code is available at https://github.com/HanjiangHu/camera-motion-smoothing.,,corl,CoRL,conference
You Only Look at One: Category-Level Object Representations for Pose Estimation From a Single Example,Walter Goodwin; Ioannis Havoutis; Ingmar Posner,,2022,Conference on Robot Learning,https://proceedings.mlr.press/v205/goodwin23a/goodwin23a.pdf,,Открыто,In order to meaningfully interact with the world; robot manipulators must be able to interpret objects they encounter. A critical aspect of this interpretation is pose estimation: inferring quantities that describe the position and orientation of an object in 3D space. Most existing approaches to pose estimation make limiting assumptions; often working only for specific; known object instances; or at best generalising to an object category using large pose-labelled datasets. In this work; we present a method for achieving category-level pose estimation by inspection of just a single object from a desired category. We show that we can subsequently perform accurate pose estimation for unseen objects from an inspected category; and considerably outperform prior work by exploiting multi-view correspondences. We demonstrate that our method runs in real-time; enabling a robot manipulator to rearrange previously unseen objects faithfully in terms of placement and orientation. Finally; we showcase our method in a continual learning setting; with a robot able to determine whether objects belong to known categories; and if not; use active perception to produce a one-shot category representation for subsequent pose estimation,,corl,CoRL,conference
DayDreamer: World Models for Physical Robot Learning,Philipp Wu; Alejandro Escontrela; Danijar Hafner; Pieter Abbeel; Ken Goldberg,,2022,Conference on Robot Learning,https://proceedings.mlr.press/v205/wu23c/wu23c.pdf,,Открыто,To solve tasks in complex environments; robots need to learn from experience. Deep reinforcement learning is a common approach to robot learning but requires a large amount of trial and error to learn; limiting its deployment in the physical world. As a consequence; many advances in robot learning rely on simulators. On the other hand; learning inside of simulators fails to capture the complexity of the real world; is prone to simulator inaccuracies; and the resulting behaviors do not adapt to changes in the world. The Dreamer algorithm has recently shown great promise for learning from small amounts of interaction by planning within a learned world model; outperforming pure reinforcement learning in video games. Learning a world model to predict the outcomes of potential actions enables planning in imagination; reducing the amount of trial and error needed in the real environment. However; it is unknown whether Dreamer can facilitate faster learning on physical robots. In this paper; we apply Dreamer to 4 robots to learn online and directly in the real world; without any simulators. Dreamer trains a quadruped robot to roll off its back; stand up; and walk from scratch and without resets in only 1 hour. We then push the robot and find that Dreamer adapts within 10 minutes to withstand perturbations or quickly roll over and stand back up. On two different robotic arms; Dreamer learns to pick and place objects from camera images and sparse rewards; approaching human-level teleoperation performance. On a wheeled robot; Dreamer learns to navigate to a goal position purely from camera images; automatically resolving ambiguity about the robot orientation. Using the same hyperparameters across all experiments; we find that Dreamer is capable of online learning in the real world; which establishes a strong baseline. We release our infrastructure for future applications of world models to robot learning.,,corl,CoRL,conference
Language to Rewards for Robotic Skill Synthesis,Wenhao Yu; Nimrod Gileadi; Chuyuan Fu; Sean Kirmani; Kuang-Huei Lee; Montserrat Gonzalez Arenas; Hao-Tien Lewis Chiang; Tom Erez; Leonard Hasenclever; Jan Humplik; Brian Ichter; Ted Xiao; Peng Xu; Andy Zeng; Tingnan Zhang; Nicolas Heess; Dorsa Sadigh; Jie Tan; Yuval Tassa; Fei Xia,,2023,Conference on Robot Learning,https://proceedings.mlr.press/v229/yu23a/yu23a.pdf,,Открыто,Large language models (LLMs) have demonstrated exciting progress in acquiring diverse new capabilities through in-context learning; ranging from logical reasoning to code-writing. Robotics researchers have also explored using LLMs to advance the capabilities of robotic control. However; since low-level robot actions are hardware-dependent and underrepresented in LLM training corpora; existing efforts in applying LLMs to robotics have largely treated LLMs as semantic planners or relied on human-engineered control primitives to interface with the robot. On the other hand; reward functions are shown to be flexible representations that can be optimized for control policies to achieve diverse tasks; while their semantic richness makes them suitable to be specified by LLMs. In this work; we introduce a new paradigm that harnesses this realization by utilizing LLMs to define reward parameters that can be optimized and accomplish variety of robotic tasks. Using reward as the intermediate interface generated by LLMs; we can effectively bridge the gap between high-level language instructions or corrections to low-level robot actions. Meanwhile; combining this with a real-time optimizer; MuJoCo MPC; empowers an interactive behavior creation experience where users can immediately observe the results and provide feedback to the system. To systematically evaluate the performance of our proposed method; we designed a total of 17 tasks for a simulated quadruped robot and a dexterous manipulator robot. We demonstrate that our proposed method reliably tackles $90%$ of the designed tasks; while a baseline using primitive skills as the interface with Code-as-policies achieves $50%$ of the tasks. We further validated our method on a real robot arm where complex manipulation skills such as non-prehensile pushing emerge through our interactive system.,,corl,CoRL,conference
Synthesizing Navigation Abstractions for Planning with Portable Manipulation Skills,Eric Rosen; Steven James; Sergio Orozco; Vedant Gupta; Max Merlin; Stefanie Tellex; George Konidaris,,2023,Conference on Robot Learning,https://proceedings.mlr.press/v229/rosen23a/rosen23a.pdf,,Открыто,We address the problem of efficiently learning high-level abstractions for task-level robot planning. Existing approaches require large amounts of data and fail to generalize learned abstractions to new environments. To address this; we propose to exploit the independence between spatial and non-spatial state variables in the preconditions of manipulation and navigation skills; mirroring the manipulation-navigation split in robotics research. Given a collection of portable manipulation abstractions (i.e.; object-centric manipulation skills paired with matching symbolic representations); we derive an algorithm to automatically generate navigation abstractions that support mobile manipulation planning in a novel environment. We apply our approach to simulated data in AI2Thor and on real robot hardware with a coffee preparation task; efficiently generating plannable representations for mobile manipulators in just a few minutes of robot time; significantly outperforming state-of-the-art baselines.,,corl,CoRL,conference
Learning Lyapunov-Stable Polynomial Dynamical Systems Through Imitation,Amin Abyaneh; Hsiu-Chin Lin,,2023,Conference on Robot Learning,https://proceedings.mlr.press/v229/abyaneh23a/abyaneh23a.pdf,,Открыто,Imitation learning is a paradigm to address complex motion planning problems by learning a policy to imitate an expert’s behavior. However; relying solely on the expert’s data might lead to unsafe actions when the robot deviates from the demonstrated trajectories. Stability guarantees have previously been provided utilizing nonlinear dynamical systems; acting as high-level motion planners; in conjunction with the Lyapunov stability theorem. Yet; these methods are prone to inaccurate policies; high computational cost; sample inefficiency; or quasi stability when replicating complex and highly nonlinear trajectories. To mitigate this problem; we present an approach for learning a globally stable nonlinear dynamical system as a motion planning policy. We model the nonlinear dynamical system as a parametric polynomial and learn the polynomial’s coefficients jointly with a Lyapunov candidate. To showcase its success; we compare our method against the state of the art in simulation and conduct real-world experiments with the Kinova Gen3 Lite manipulator arm. Our experiments demonstrate the sample efficiency and reproduction accuracy of our method for various expert trajectories; while remaining stable in the face of perturbations.,,corl,CoRL,conference
A Data-efficient Neural ODE Framework for Optimal Control of Soft Manipulators,Mohammadreza Kasaei; Keyhan Kouhkiloui Babarahmati; Zhibin Li; Mohsen Khadem,,2023,Conference on Robot Learning,https://proceedings.mlr.press/v229/kasaei23a/kasaei23a.pdf,,Открыто,This paper introduces a novel approach for modeling continuous forward kinematic models of soft continuum robots by employing Augmented Neural ODE (ANODE); a cutting-edge family of deep neural network models. To the best of our knowledge; this is the first application of ANODE in modeling soft continuum robots. This formulation introduces auxiliary dimensions; allowing the system’s states to evolve in the augmented space which provides a richer set of dynamics that the model can learn; increasing the flexibility and accuracy of the model. Our methodology achieves exceptional sample efficiency; training the continuous forward kinematic model using only 25 scattered data points. Additionally; we design and implement a fully parallel Model Predictive Path Integral (MPPI)-based controller running on a GPU; which efficiently manages a non-convex objective function. Through a set of experiments; we showed that the proposed framework (ANODE+MPPI) significantly outperforms state-of-the-art learning-based methods such as FNN and RNN in unseen-before scenarios and marginally outperforms them in seen-before scenarios.,,corl,CoRL,conference
PairwiseNet: Pairwise Collision Distance Learning for High-dof Robot Systems,Jihwan Kim; Frank C. Park,,2023,Conference on Robot Learning,https://proceedings.mlr.press/v229/kim23d/kim23d.pdf,,Открыто,Motion planning for robot manipulation systems operating in complex environments remains a challenging problem. It requires the evaluation of both the collision distance and its derivative. Owing to its computational complexity; recent studies have attempted to utilize data-driven approaches to learn the collision distance. However; their performance degrades significantly for complicated high-dof systems; such as multi-arm robots. Additionally; the model must be retrained every time the environment undergoes even slight changes. In this paper; we propose PairwiseNet; a model that estimates the minimum distance between two geometric shapes and overcomes many of the limitations of current models. By dividing the problem of global collision distance learning into smaller pairwise sub-problems; PairwiseNet can be used to efficiently calculate the global collision distance. PairwiseNet can be deployed without further modifications or training for any system comprised of the same shape elements (as those in the training dataset). Experiments with multi-arm manipulation systems of various dof indicate that our model achieves significant performance improvements concerning several performance metrics; especially the false positive rate with the collision-free guaranteed threshold. Results further demonstrate that our single trained PairwiseNet model is applicable to all multi-arm systems used in the evaluation. The code is available at https://github.com/kjh6526/PairwiseNet.,,corl,CoRL,conference
Polybot: Training One Policy Across Robots While Embracing Variability,Jonathan Heewon Yang; Dorsa Sadigh; Chelsea Finn,,2023,Conference on Robot Learning,https://proceedings.mlr.press/v229/yang23c/yang23c.pdf,,Открыто,Reusing large datasets is crucial to scale vision-based robotic manipulators to everyday scenarios due to the high cost of collecting robotic datasets. However; robotic platforms possess varying control schemes; camera viewpoints; kinematic configurations; and end-effector morphologies; posing significant challenges when transferring manipulation skills from one platform to another. To tackle this problem; we propose a set of key design decisions to train a single policy for deployment on multiple robotic platforms. Our framework first aligns the observation and action spaces of our policy across embodiments via utilizing wrist cameras and a unified; but modular codebase. To bridge the remaining domain shift; we align our policy’s internal representations across embodiments via contrastive learning. We evaluate our method on a dataset collected over 60 hours spanning 6 tasks and 3 robots with varying joint configurations and sizes: the WidowX 250S; Franka Emika Panda; and Sawyer. Our results demonstrate significant improvements in success rate and sample efficiency for our policy when using new task data collected on a different robot; validating our proposed design decisions. More details and videos can be found on our project website: https://sites.google.com/view/cradle-multirobot,,corl,CoRL,conference
Heteroscedastic Gaussian Processes and Random Features: Scalable Motion Primitives with Guarantees,Edoardo Caldarelli; Antoine Chatalic; Adrià Colomé; Lorenzo Rosasco; Carme Torras,,2023,Conference on Robot Learning,https://proceedings.mlr.press/v229/caldarelli23a/caldarelli23a.pdf,,Открыто,Heteroscedastic Gaussian processes (HGPs) are kernel-based; non-parametric models that can be used to infer nonlinear functions with time-varying noise. In robotics; they can be employed for learning from demonstration as motion primitives; i.e. as a model of the trajectories to be executed by the robot. HGPs provide variance estimates around the reference signal modeling the trajectory; capturing both the predictive uncertainty and the motion variability. However; similarly to standard Gaussian processes they suffer from a cubic complexity in the number of training points; due to the inversion of the kernel matrix. The uncertainty can be leveraged for more complex learning tasks; such as inferring the variable impedance profile required from a robotic manipulator. However; suitable approximations are needed to make HGPs scalable; at the price of potentially worsening the posterior mean and variance profiles. Motivated by these observations; we study the combination of HGPs and random features; which are a popular; data-independent approximation strategy of kernel functions. In a theoretical analysis; we provide novel guarantees on the approximation error of the HGP posterior due to random features. Moreover; we validate this scalable motion primitive on real robot data; related to the problem of variable impedance learning. In this way; we show that random features offer a viable and theoretically sound alternative for speeding up the trajectory processing; without sacrificing accuracy.,,corl,CoRL,conference
Structural Concept Learning via Graph Attention for Multi-Level Rearrangement Planning,Manav Kulshrestha; Ahmed H. Qureshi,,2023,Conference on Robot Learning,https://proceedings.mlr.press/v229/kulshrestha23a/kulshrestha23a.pdf,,Открыто,Robotic manipulation tasks; such as object rearrangement; play a crucial role in enabling robots to interact with complex and arbitrary environments. Existing work focuses primarily on single-level rearrangement planning and; even if multiple levels exist; dependency relations among substructures are geometrically simpler; like tower stacking. We propose Structural Concept Learning (SCL); a deep learning approach that leverages graph attention networks to perform multi-level object rearrangement planning for scenes with structural dependency hierarchies. It is trained on a self-generated simulation data set with intuitive structures; works for unseen scenes with an arbitrary number of objects and higher complexity of structures; infers independent substructures to allow for task parallelization over multiple manipulators; and generalizes to the real world. We compare our method with a range of classical and model-based baselines to show that our method leverages its scene understanding to achieve better performance; flexibility; and efficiency. The dataset; demonstration videos; supplementary details; and code implementation are available at: https://manavkulshrestha.github.io/scl,,corl,CoRL,conference
Open-World Object Manipulation using Pre-Trained Vision-Language Models,Austin Stone; Ted Xiao; Yao Lu; Keerthana Gopalakrishnan; Kuang-Huei Lee; Quan Vuong; Paul Wohlhart; Sean Kirmani; Brianna Zitkovich; Fei Xia; Chelsea Finn; Karol Hausman,,2023,Conference on Robot Learning,https://proceedings.mlr.press/v229/stone23a/stone23a.pdf,,Открыто,For robots to follow instructions from people; they must be able to connect the rich semantic information in human vocabulary; e.g. “can you get me the pink stuffed whale?” to their sensory observations and actions. This brings up a notably difficult challenge for robots: while robot learning approaches allow robots to learn many different behaviors from first-hand experience; it is impractical for robots to have first-hand experiences that span all of this semantic information. We would like a robot’s policy to be able to perceive and pick up the pink stuffed whale; even if it has never seen any data interacting with a stuffed whale before. Fortunately; static data on the internet has vast semantic information; and this information is captured in pre-trained vision-language models. In this paper; we study whether we can interface robot policies with these pre-trained models; with the aim of allowing robots to complete instructions involving object categories that the robot has never seen first-hand. We develop a simple approach; which we call Manipulation of Open-World Objects (MOO); which leverages a pre-trained vision-language model to extract object-identifying information from the language command and image; and conditions the robot policy on the current image; the instruction; and the extracted object information. In a variety of experiments on a real mobile manipulator; we find that MOO generalizes zero-shot to a wide range of novel object categories and environments. In addition; we show how MOO generalizes to other; non-language-based input modalities to specify the object of interest such as finger pointing; and how it can be further extended to enable open-world navigation and manipulation. The project’s website and evaluation videos can be found at https://robot-moo.github.io/.,,corl,CoRL,conference
Marginalized Importance Sampling for Off-Environment Policy Evaluation,Pulkit Katdare; Nan Jiang; Katherine Rose Driggs-Campbell,,2023,Conference on Robot Learning,https://proceedings.mlr.press/v229/katdare23a/katdare23a.pdf,,Открыто,Reinforcement Learning (RL) methods are typically sample-inefficient; making it challenging to train and deploy RL-policies in real world robots. Even a robust policy trained in simulation requires a real-world deployment to assess their performance. This paper proposes a new approach to evaluate the real-world performance of agent policies prior to deploying them in the real world. Our approach incorporates a simulator along with real-world offline data to evaluate the performance of any policy using the framework of Marginalized Importance Sampling (MIS). Existing MIS methods face two challenges: (1) large density ratios that deviate from a reasonable range and (2) indirect supervision; where the ratio needs to be inferred indirectly; thus exacerbating estimation error. Our approach addresses these challenges by introducing the target policy’s occupancy in the simulator as an intermediate variable and learning the density ratio as the product of two terms that can be learned separately. The first term is learned with direct supervision and the second term has a small magnitude; thus making it computationally efficient. We analyze the sample complexity as well as error propagation of our two step-procedure. Furthermore; we empirically evaluate our approach on Sim2Sim environments such as Cartpole; Reacher; and Half-Cheetah. Our results show that our method generalizes well across a variety of Sim2Sim gap; target policies and offline data collection policies. We also demonstrate the performance of our algorithm on a Sim2Real task of validating the performance of a 7 DoF robotic arm using offline data along with the Gazebo simulator.,,corl,CoRL,conference
Generative Factor Chaining: Coordinated Manipulation with Diffusion-based Factor Graph,Utkarsh Aashu Mishra; Yongxin Chen; Danfei Xu,,2024,Conference on Robot Learning,https://raw.githubusercontent.com/mlresearch/v270/main/assets/mishra25a/mishra25a.pdf,,Открыто,Learning to plan for multi-step; multi-manipulator tasks is notoriously difficult because of the large search space and the complex constraint satisfaction problems. We present Generative Factor Chaining (GFC); a composable generative model for planning. GFC represents a planning problem as a spatial-temporal factor graph; where nodes represent objects and robots in the scene; spatial factors capture the distributions of valid relationships among nodes; and temporal factors represent the distributions of skill transitions. Each factor is implemented as a modular diffusion model; which are composed during inference to generate feasible long-horizon plans through bi-directional message passing. We show that GFC can solve complex bimanual manipulation tasks and exhibits strong generalization to unseen planning tasks with novel combinations of objects and constraints. More details can be found at: https://sites.google.com/view/generative-factor-chaining,,corl,CoRL,conference
SoftManiSim: A Fast Simulation Framework for Multi-Segment Continuum Manipulators Tailored for Robot Learning,Mohammadreza Kasaei; Hamidreza Kasaei; Mohsen Khadem,,2024,Conference on Robot Learning,https://raw.githubusercontent.com/mlresearch/v270/main/assets/kasaei25a/kasaei25a.pdf,,Открыто,This paper introduces SoftManiSim; a novel simulation framework for multi-segment continuum manipulators. Existing continuum robot simulators often rely on simplifying assumptions; such as constant curvature bending or ignoring contact forces; to meet real-time simulation and training demands. To bridge this gap; we propose a robust and rapid mathematical model for continuum robots at the core of SoftManiSim; ensuring precise and adaptable simulations. The framework can integrate with various rigid-body robots; increasing its utility across different robotic platforms. SoftManiSim supports parallel operations for simultaneous simulations of multiple robots and generates synthetic data essential for training deep reinforcement learning models. This capability enhances the development and optimization of control strategies in dynamic environments. Extensive simulations validate the framework’s effectiveness; demonstrating its capabilities in handling complex robotic interactions and tasks. We also present real robot validation to showcase the simulator’s practical applicability and accuracy in real-world settings. To our knowledge; SoftManiSim is the first open-source real-time simulator capable of modeling continuum robot behavior under dynamic point/distributed loading. It enables rapid deployment in reinforcement learning and machine learning applications. This simulation framework can be downloaded from https://github.com/MohammadKasaei/SoftManiSim.,,corl,CoRL,conference
InterACT: Inter-dependency Aware Action Chunking with Hierarchical Attention Transformers for Bimanual Manipulation,Andrew Choong-Won Lee; Ian Chuang; Ling-Yuan Chen; Iman Soltani,,2024,Conference on Robot Learning,https://raw.githubusercontent.com/mlresearch/v270/main/assets/lee25a/lee25a.pdf,,Открыто,We present InterACT: Inter-dependency aware Action Chunking with Hierarchical Attention Transformers; a novel imitation learning framework for bimanual manipulation that integrates hierarchical attention to capture inter-dependencies between dual-arm joint states and visual inputs. InterACT consists of a Hierarchical Attention Encoder and a Multi-arm Decoder; both designed to enhance information aggregation and coordination. The encoder processes multi-modal inputs through segment-wise and cross-segment attention mechanisms; while the decoder leverages synchronization blocks to refine individual action predictions; providing the counterpart’s prediction as context. Our experiments on a variety of simulated and real-world bimanual manipulation tasks demonstrate that InterACT significantly outperforms existing methods. Detailed ablation studies validate the contributions of key components of our work; including the impact of CLS tokens; cross-segment encoders; and synchronization blocks.,,corl,CoRL,conference
3D Diffuser Actor: Policy Diffusion with 3D Scene Representations,Tsung-Wei Ke; Nikolaos Gkanatsios; Katerina Fragkiadaki,,2024,Conference on Robot Learning,https://raw.githubusercontent.com/mlresearch/v270/main/assets/ke25a/ke25a.pdf,,Открыто,Diffusion policies are conditional diffusion models that learn robot action distributions conditioned on the robot and environment state. They have recently shown to outperform both deterministic and alternative action distribution learning formulations. 3D robot policies use 3D scene feature representations aggregated from a single or multiple camera views using sensed depth. They have shown to generalize better than their 2D counterparts across camera viewpoints. We unify these two lines of work and present 3D Diffuser Actor ; a neural policy equipped with a novel 3D denoising transformer that fuses information from the 3D visual scene; a language instruction and proprioception to predict the noise in noised 3D robot pose trajectories. 3D Diffuser Actor sets a new state-of-the-art on RLBench with an absolute performance gain of 18.1% over the current SOTA on a multi-view setup and an absolute gain of 13.1% on a single-view setup. On the CALVIN benchmark; it improves over the current SOTA by a 9% relative increase. It also learns to control a robot manipulator in the real world from a handful of demonstrations. Through thorough comparisons with the current SOTA policies and ablations of our model; we show 3D Diffuser Actor ’s design choices dramatically outperform 2D representations; regression and classification objectives; absolute attentions; and holistic non-tokenized 3D scene embeddings.,,corl,CoRL,conference
SPIRE: Synergistic Planning; Imitation; and Reinforcement Learning for Long-Horizon Manipulation,Zihan Zhou; Animesh Garg; Dieter Fox; Caelan Reed Garrett; Ajay Mandlekar,,2024,Conference on Robot Learning,https://raw.githubusercontent.com/mlresearch/v270/main/assets/zhou25a/zhou25a.pdf,,Открыто,Robot learning has proven to be a general and effective technique for programming manipulators. Imitation learning is able to teach robots solely from human demonstrations but is bottlenecked by the capabilities of the demonstrations. Reinforcement learning uses exploration to discover better behaviors; however; the space of possible improvements can be too large to start from scratch. And for both techniques; the learning difficulty increases proportional to the length of the manipulation task. Accounting for this; we propose SPIRE; a system that first uses Task and Motion Planning (TAMP) to decompose tasks into smaller learning subproblems and second combines imitation and reinforcement learning to maximize their strengths. We develop novel strategies to train learning agents when deployed in the context of a planning system. We evaluate SPIRE on a suite of long-horizon and contact-rich robot manipulation problems. We find that SPIRE outperforms prior approaches that integrate imitation learning; reinforcement learning; and planning by 35% to 50% in average task performance; is 6 times more data efficient in the number of human demonstrations needed to train proficient agents; and learns to complete tasks nearly twice as efficiently. View https://sites.google.com/view/spire-corl-2024 for more details.,,corl,CoRL,conference
OPEN TEACH: A Versatile Teleoperation System for Robotic Manipulation,Aadhithya Iyer; Zhuoran Peng; Yinlong Dai; Irmak Guzey; Siddhant Haldar; Soumith Chintala; Lerrel Pinto,,2024,Conference on Robot Learning,https://raw.githubusercontent.com/mlresearch/v270/main/assets/iyer25a/iyer25a.pdf,,Открыто,Open-sourced; user-friendly tools form the bedrock of scientific advancement across disciplines. The widespread adoption of data-driven learning has led to remarkable progress in multi-fingered dexterity; bimanual manipulation; and applications ranging from logistics to home robotics. However; existing data collection platforms are often proprietary; costly; or tailored to specific robotic morphologies. We present OPEN TEACH; a new teleoperation system leveraging VR headsets to immerse users in mixed reality for intuitive robot control. built on the affordable Meta Quest 3; which costs $500; OPEN TEACH enables real-time control of various robots; including multi-fingered hands; bimanual arms; and mobile manipulators; through an easy-to-use app. Using natural hand gestures and movements; users can manipulate robots at up to 90Hz with smooth visual feedback and interface widgets offering closeup environment views. We demonstrate the versatility of OPEN TEACH across 38 tasks on different robots. A comprehensive user study indicates significant improvement in teleoperation capability over the AnyTeleop framework. Further experiments exhibit that the collected data is compatible with policy learning on 10 dexterous and contact-rich manipulation tasks. Currently supporting Franka; xArm; Jaco; Allegro; and Hello Stretch platforms; OPEN TEACH is fully open-sourced to promote broader adoption. Videos are available at https://anon-open-teach.github.io/.,,corl,CoRL,conference
Learning to Open and Traverse Doors with a Legged Manipulator,Mike Zhang; Yuntao Ma; Takahiro Miki; Marco Hutter,,2024,Conference on Robot Learning,https://raw.githubusercontent.com/mlresearch/v270/main/assets/zhang25g/zhang25g.pdf,,Открыто,Using doors is a longstanding challenge in robotics and is of significant practical interest in giving robots greater access to human-centric spaces. The task is challenging due to the need for online adaptation to varying door properties and precise control in manipulating the door panel and navigating through the confined doorway. To address this; we propose a learning-based controller for a legged manipulator to open and traverse through doors. The controller is trained using a teacher-student approach in simulation to learn robust task behaviors as well as estimate crucial door properties during the interaction. Unlike previous works; our approach is a single control policy that can handle both push and pull doors through learned behaviour which infers the opening direction during deployment without prior knowledge. The policy was deployed on the ANYmal legged robot with an arm and achieved a success rate of 95.0% in repeated trials conducted in an experimental setting. Additional experiments validate the policy’s effectiveness and robustness to various doors and disturbances. A video overview of the method and experiments is provided in the supplementary material.,,corl,CoRL,conference
TidyBot++: An Open-Source Holonomic Mobile Manipulator for Robot Learning,Jimmy Wu; William Chong; Robert Holmberg; Aaditya Prasad; Yihuai Gao; Oussama Khatib; Shuran Song; Szymon Rusinkiewicz; Jeannette Bohg,,2024,Conference on Robot Learning,https://raw.githubusercontent.com/mlresearch/v270/main/assets/wu25a/wu25a.pdf,,Открыто,Exploiting the promise of recent advances in imitation learning for mobile manipulation will require the collection of large numbers of human-guided demonstrations. This paper proposes an open-source design for an inexpensive; robust; and flexible mobile manipulator that can support arbitrary arms; enabling a wide range of real-world household mobile manipulation tasks. Crucially; our design uses powered casters to enable the mobile base to be fully holonomic; able to control all planar degrees of freedom independently and simultaneously. This feature makes the base more maneuverable and simplifies many mobile manipulation tasks; eliminating the kinematic constraints that create complex and time-consuming motions in nonholonomic bases. We equip our robot with an intuitive mobile phone teleoperation interface to enable easy data acquisition for imitation learning. In our experiments; we use this interface to collect data and show that the resulting learned policies can successfully perform a variety of common household mobile manipulation tasks.,,corl,CoRL,conference
Dreamitate: Real-World Visuomotor Policy Learning via Video Generation,Junbang Liang; Ruoshi Liu; Ege Ozguroglu; Sruthi Sudhakar; Achal Dave; Pavel Tokmakov; Shuran Song; Carl Vondrick,,2024,Conference on Robot Learning,https://raw.githubusercontent.com/mlresearch/v270/main/assets/liang25b/liang25b.pdf,,Открыто,A key challenge in manipulation is learning a policy that can robustly generalize to diverse visual environments. A promising mechanism for learning robust policies is to leverage video generative models; which are pretrained on large-scale datasets of internet videos. In this paper; we propose a visuomotor policy learning framework that fine-tunes a video diffusion model on human demonstrations of a given task. At test time; we generate an example of an execution of the task conditioned on images of a novel scene; and use this synthesized execution directly to control the robot. Our key insight is that using common tools allows us to effortlessly bridge the embodiment gap between the human hand and the robot manipulator. We evaluate our approach on 4 tasks of increasing complexity and demonstrate that capitalizing on internet-scale generative models allows the learned policy to achieve a significantly higher degree of generalization than existing behavior cloning approaches.,,corl,CoRL,conference
Visual Manipulation with Legs,Xialin He; Chengjing Yuan; Wenxuan Zhou; Ruihan Yang; David Held; Xiaolong Wang,,2024,Conference on Robot Learning,https://raw.githubusercontent.com/mlresearch/v270/main/assets/he25c/he25c.pdf,,Открыто,Animals have the ability to use their arms and legs for both locomotion and manipulation. We envision quadruped robots to have the same versatility. This work presents a system that empowers a quadruped robot to perform object interactions with its legs; drawing inspiration from non-prehensile manipulation techniques. The proposed system has two main components: a visual manipulation policy module and a loco-manipulator module. The visual manipulation policy module decides how the leg should interact with the object; trained with reinforcement learning (RL) with point cloud observations and object-centric actions. The loco-manipulator controller controls the leg movements and body pose adjustments; implemented based on impedance control and Model Predictive Control (MPC). Besides manipulating objects with a single leg; the proposed system can also select from left or right legs based on the critic maps and move the object to distant goals through robot base adjustment. In the experiments; we evaluate the proposed system with the object pose alignment tasks both in simulation and in the real world; demonstrating object manipulation skills with legs more versatile than previous work.,,corl,CoRL,conference
